"gbd_condition","ontology_id","channels","channel_details"
"Acne vulgaris","EFO:1001271","embedding","sim=0.8677 rank=8 label='Atrophic Vaginitis'"
"Acne vulgaris","EFO:1001494","embedding","sim=0.9322 rank=1 label='psoriasis vulgaris'"
"Acne vulgaris","MONDO:0001551","embedding","sim=0.8819 rank=3 label='ulceration of vulva'"
"Acne vulgaris","MONDO:0005215","embedding","sim=0.8623 rank=10 label='vulvar carcinoma'"
"Acne vulgaris","MONDO:0006545","embedding","sim=0.87 rank=6 label='erythema multiforme'"
"Acne vulgaris","MONDO:0006617","embedding","sim=0.8679 rank=7 label='vesiculobullous skin disease'"
"Acne vulgaris","MONDO:0007019","embedding","sim=0.8734 rank=4 label='vulvovaginitis'"
"Acne vulgaris","MONDO:0008219","embedding","sim=0.9296 rank=2 label='pemphigus vulgaris'"
"Acne vulgaris","MONDO:0011438","",""
"Acne vulgaris","MONDO:0019170","embedding","sim=0.8716 rank=5 label='polyarteritis nodosa'"
"Acne vulgaris","MONDO:0020576","embedding","sim=0.8652 rank=9 label='cutaneous vasculitis'"
"Acute glomerulonephritis","HP:0004729","embedding","sim=0.8997 rank=9 label='Acute tubulointerstitial nephritis'"
"Acute glomerulonephritis","HP:0004743","embedding","sim=0.8963 rank=10 label='Chronic tubulointerstitial nephritis'"
"Acute glomerulonephritis","MONDO:0001085","embedding","sim=0.9068 rank=7 label='interstitial nephritis'"
"Acute glomerulonephritis","MONDO:0001166","",""
"Acute glomerulonephritis","MONDO:0002461","embedding","sim=0.9556 rank=5 label='membranoproliferative glomerulonephritis'"
"Acute glomerulonephritis","MONDO:0002462","embedding","sim=0.9895 rank=1 label='glomerulonephritis'"
"Acute glomerulonephritis","MONDO:0003134","embedding","sim=0.9768 rank=2 label='proliferative glomerulonephritis'"
"Acute glomerulonephritis","MONDO:0005342","embedding","sim=0.975 rank=3 label='IgA glomerulonephritis'"
"Acute glomerulonephritis","MONDO:0005376","embedding","sim=0.9694 rank=4 label='membranous glomerulonephritis'"
"Acute glomerulonephritis","MONDO:0019722","embedding","sim=0.9011 rank=8 label='glomerular disorder'"
"Acute glomerulonephritis","MONDO:0100313","embedding","sim=0.9236 rank=6 label='focal segmental glomerulosclerosis'"
"Acute hepatitis","EFO:0007540","embedding","sim=0.9479 rank=5 label='animal viral hepatitis'"
"Acute hepatitis","EFO:0008496","embedding","sim=0.978 rank=1 label='chronic hepatitis'"
"Acute hepatitis","HP:0001399","embedding","sim=0.9298 rank=8 label='Hepatic failure'"
"Acute hepatitis","HP:0012115","embedding","sim=0.9732 rank=3 label='Hepatitis'"
"Acute hepatitis","MONDO:0001505","embedding","sim=0.9693 rank=4 label='alcoholic hepatitis'"
"Acute hepatitis","MONDO:0005231","embedding","sim=0.9289 rank=10 label='hepatitis C virus infection'"
"Acute hepatitis","MONDO:0005354","embedding","sim=0.9289 rank=9 label='chronic hepatitis C virus infection'"
"Acute hepatitis","MONDO:0005790","embedding","sim=0.9366 rank=6 label='hepatitis A virus infection'"
"Acute hepatitis","MONDO:0006011","embedding","sim=0.9762 rank=2 label='viral hepatitis'"
"Acute hepatitis","MONDO:0100370","embedding","sim=0.931 rank=7 label='acute hepatitis B virus infection'"
"Acute hepatitis A","EFO:0007540","embedding","sim=0.9491 rank=6 label='animal viral hepatitis'"
"Acute hepatitis A","EFO:0008496","embedding","sim=0.9627 rank=2 label='chronic hepatitis'"
"Acute hepatitis A","HP:0012115","embedding","sim=0.9521 rank=5 label='Hepatitis'"
"Acute hepatitis A","MONDO:0001505","embedding","sim=0.9582 rank=3 label='alcoholic hepatitis'"
"Acute hepatitis A","MONDO:0005231","embedding","sim=0.9388 rank=10 label='hepatitis C virus infection'"
"Acute hepatitis A","MONDO:0005354","embedding","sim=0.9409 rank=8 label='chronic hepatitis C virus infection'"
"Acute hepatitis A","MONDO:0005366","embedding","sim=0.9396 rank=9 label='chronic hepatitis B virus infection'"
"Acute hepatitis A","MONDO:0005790","embedding","sim=0.9523 rank=4 label='hepatitis A virus infection'"
"Acute hepatitis A","MONDO:0006011","embedding","sim=0.9631 rank=1 label='viral hepatitis'"
"Acute hepatitis A","MONDO:0100370","embedding","sim=0.9478 rank=7 label='acute hepatitis B virus infection'"
"Acute hepatitis B","EFO:0007540","embedding","sim=0.9465 rank=10 label='animal viral hepatitis'"
"Acute hepatitis B","EFO:0008496","embedding","sim=0.9579 rank=5 label='chronic hepatitis'"
"Acute hepatitis B","HP:0012115","",""
"Acute hepatitis B","MONDO:0001505","embedding","sim=0.9475 rank=9 label='alcoholic hepatitis'"
"Acute hepatitis B","MONDO:0005231","embedding","sim=0.9477 rank=8 label='hepatitis C virus infection'"
"Acute hepatitis B","MONDO:0005344","embedding","sim=0.9583 rank=4 label='hepatitis B virus infection'"
"Acute hepatitis B","MONDO:0005354","embedding","sim=0.9516 rank=6 label='chronic hepatitis C virus infection'"
"Acute hepatitis B","MONDO:0005366","embedding","sim=0.9605 rank=3 label='chronic hepatitis B virus infection'"
"Acute hepatitis B","MONDO:0005790","embedding","sim=0.9508 rank=7 label='hepatitis A virus infection'"
"Acute hepatitis B","MONDO:0006011","embedding","sim=0.9605 rank=2 label='viral hepatitis'"
"Acute hepatitis B","MONDO:0100370","embedding","sim=0.9683 rank=1 label='acute hepatitis B virus infection'"
"Acute hepatitis C","EFO:0007540","embedding","sim=0.9464 rank=10 label='animal viral hepatitis'"
"Acute hepatitis C","EFO:0008496","embedding","sim=0.966 rank=2 label='chronic hepatitis'"
"Acute hepatitis C","HP:0012115","embedding","sim=0.9477 rank=9 label='Hepatitis'"
"Acute hepatitis C","MONDO:0001505","embedding","sim=0.9516 rank=6 label='alcoholic hepatitis'"
"Acute hepatitis C","MONDO:0005231","embedding","sim=0.9576 rank=4 label='hepatitis C virus infection'"
"Acute hepatitis C","MONDO:0005354","embedding","sim=0.9608 rank=3 label='chronic hepatitis C virus infection'"
"Acute hepatitis C","MONDO:0005366","embedding","sim=0.9508 rank=7 label='chronic hepatitis B virus infection'"
"Acute hepatitis C","MONDO:0005790","embedding","sim=0.9504 rank=8 label='hepatitis A virus infection'"
"Acute hepatitis C","MONDO:0006011","embedding","sim=0.966 rank=1 label='viral hepatitis'"
"Acute hepatitis C","MONDO:0100370","embedding","sim=0.9573 rank=5 label='acute hepatitis B virus infection'"
"Acute hepatitis E","EFO:0007540","embedding","sim=0.9501 rank=4 label='animal viral hepatitis'"
"Acute hepatitis E","EFO:0008496","embedding","sim=0.9612 rank=1 label='chronic hepatitis'"
"Acute hepatitis E","HP:0012115","embedding","sim=0.9487 rank=5 label='Hepatitis'"
"Acute hepatitis E","MONDO:0001505","embedding","sim=0.9612 rank=2 label='alcoholic hepatitis'"
"Acute hepatitis E","MONDO:0005231","embedding","sim=0.9296 rank=9 label='hepatitis C virus infection'"
"Acute hepatitis E","MONDO:0005354","embedding","sim=0.9329 rank=8 label='chronic hepatitis C virus infection'"
"Acute hepatitis E","MONDO:0005366","embedding","sim=0.9291 rank=10 label='chronic hepatitis B virus infection'"
"Acute hepatitis E","MONDO:0005790","embedding","sim=0.9333 rank=7 label='hepatitis A virus infection'"
"Acute hepatitis E","MONDO:0006011","embedding","sim=0.961 rank=3 label='viral hepatitis'"
"Acute hepatitis E","MONDO:0100370","embedding","sim=0.936 rank=6 label='acute hepatitis B virus infection'"
"Acute lymphoid leukemia","MONDO:0000870","embedding","sim=0.9619 rank=7 label='childhood acute lymphoblastic leukemia'"
"Acute lymphoid leukemia","MONDO:0000871","embedding","sim=0.9455 rank=9 label='T-cell childhood acute lymphocytic leukemia'"
"Acute lymphoid leukemia","MONDO:0004600","embedding","sim=0.9625 rank=6 label='monocytic leukemia'"
"Acute lymphoid leukemia","MONDO:0004643","embedding","sim=0.963 rank=4 label='myeloid leukemia'"
"Acute lymphoid leukemia","MONDO:0004947","embedding","sim=0.9479 rank=8 label='B-cell acute lymphoblastic leukemia'"
"Acute lymphoid leukemia","MONDO:0004948","embedding","sim=0.9397 rank=10 label='B-cell chronic lymphocytic leukemia'"
"Acute lymphoid leukemia","MONDO:0004967","embedding","sim=0.9829 rank=2 label='acute lymphoblastic leukemia'"
"Acute lymphoid leukemia","MONDO:0005059","",""
"Acute lymphoid leukemia","MONDO:0005402","embedding","sim=0.9867 rank=1 label='lymphoid leukemia'"
"Acute lymphoid leukemia","MONDO:0011996","embedding","sim=0.9627 rank=5 label='chronic myeloid leukemia'"
"Acute lymphoid leukemia","MONDO:0018874","embedding","sim=0.9741 rank=3 label='acute myeloid leukemia'"
"Acute myeloid leukemia","MONDO:0000870","embedding","sim=0.9458 rank=7 label='childhood acute lymphoblastic leukemia'"
"Acute myeloid leukemia","MONDO:0000871","embedding","sim=0.9232 rank=9 label='T-cell childhood acute lymphocytic leukemia'"
"Acute myeloid leukemia","MONDO:0004600","embedding","sim=0.9599 rank=6 label='monocytic leukemia'"
"Acute myeloid leukemia","MONDO:0004643","embedding","sim=0.9876 rank=3 label='myeloid leukemia'"
"Acute myeloid leukemia","MONDO:0004947","embedding","sim=0.9321 rank=8 label='B-cell acute lymphoblastic leukemia'"
"Acute myeloid leukemia","MONDO:0004948","embedding","sim=0.9201 rank=10 label='B-cell chronic lymphocytic leukemia'"
"Acute myeloid leukemia","MONDO:0004967","embedding","sim=0.9657 rank=4 label='acute lymphoblastic leukemia'"
"Acute myeloid leukemia","MONDO:0005059","",""
"Acute myeloid leukemia","MONDO:0005402","embedding","sim=0.9636 rank=5 label='lymphoid leukemia'"
"Acute myeloid leukemia","MONDO:0011996","embedding","sim=0.9916 rank=2 label='chronic myeloid leukemia'"
"Acute myeloid leukemia","MONDO:0018874","embedding","sim=1 rank=1 label='acute myeloid leukemia'"
"African trypanosomiasis","EFO:0005530","embedding","sim=0.8903 rank=5 label='Trypanosoma cruzi seropositivity'"
"African trypanosomiasis","EFO:0009087","embedding","sim=0.8878 rank=7 label='non-typhoidal Salmonella bacteremia'"
"African trypanosomiasis","EFO:0803248","embedding","sim=0.8912 rank=4 label='versican core protein measurement'"
"African trypanosomiasis","EFO:0803645","embedding","sim=0.8856 rank=10 label='ralstonia solanacearum seropositivity'"
"African trypanosomiasis","MONDO:0005445","embedding","sim=0.8917 rank=3 label='visceral leishmaniasis'"
"African trypanosomiasis","MONDO:0005446","embedding","sim=0.8857 rank=8 label='cutaneous leishmaniasis'"
"African trypanosomiasis","MONDO:0005715","embedding","sim=0.9035 rank=1 label='congenital toxoplasmosis'"
"African trypanosomiasis","MONDO:0006752","embedding","sim=0.8968 rank=2 label='Erysipelothrix rhusiopathiae infectious disease'"
"African trypanosomiasis","MONDO:0019324","embedding","sim=0.8856 rank=9 label='pemphigus foliaceus'"
"African trypanosomiasis","MONDO:0021839","embedding","sim=0.8885 rank=6 label='spirochaetales infections'"
"Age-related and other hearing loss","EFO:0007654","embedding","sim=0.8872 rank=10 label='clinical and behavioural ideal cardiovascular health'"
"Age-related and other hearing loss","EFO:0009936","embedding","sim=0.8896 rank=8 label='Drugs affecting bone structure and mineralization use measurement'"
"Age-related and other hearing loss","HP:0000405","embedding","sim=0.8997 rank=3 label='Conductive hearing impairment'"
"Age-related and other hearing loss","HP:0000407","embedding","sim=0.8916 rank=7 label='Sensorineural hearing impairment'"
"Age-related and other hearing loss","HP:0011141","embedding","sim=0.8986 rank=4 label='Age-related cataract'"
"Age-related and other hearing loss","HP:0011142","embedding","sim=0.9035 rank=2 label='Age-related nuclear cataract'"
"Age-related and other hearing loss","MONDO:0005365","embedding","sim=0.8948 rank=5 label='hearing loss disorder'"
"Age-related and other hearing loss","MONDO:0013098","embedding","sim=0.9178 rank=1 label='noise induced hearing loss'"
"Age-related and other hearing loss","MONDO:0020678","embedding","sim=0.8936 rank=6 label='sensorineural hearing loss disorder'"
"Age-related and other hearing loss","MONDO:0021698","embedding","sim=0.8895 rank=9 label='alcohol-related disorders'"
"Age-related macular degeneration","EFO:1001492","embedding","sim=0.9573 rank=3 label='atrophic macular degeneration'"
"Age-related macular degeneration","HP:0011141","embedding","sim=0.92 rank=8 label='Age-related cataract'"
"Age-related macular degeneration","HP:0011142","embedding","sim=0.9196 rank=9 label='Age-related nuclear cataract'"
"Age-related macular degeneration","MONDO:0001660","embedding","sim=0.9188 rank=10 label='proliferative diabetic retinopathy'"
"Age-related macular degeneration","MONDO:0003004","embedding","sim=0.9538 rank=4 label='macular degeneration'"
"Age-related macular degeneration","MONDO:0004580","embedding","sim=0.9341 rank=6 label='retinal degeneration'"
"Age-related macular degeneration","MONDO:0004728","embedding","sim=0.9225 rank=7 label='diabetic macular edema'"
"Age-related macular degeneration","MONDO:0005150","embedding","sim=1 rank=1 label='age-related macular degeneration'"
"Age-related macular degeneration","MONDO:0005417","embedding","sim=0.9459 rank=5 label='wet macular degeneration'"
"Age-related macular degeneration","MONDO:0100114","embedding","sim=0.9639 rank=2 label='dry age related macular degeneration'"
"Alcohol use disorders","EFO:0007585","embedding","sim=0.9273 rank=8 label='Cannabis use'"
"Alcohol use disorders","EFO:0007586","embedding","sim=0.9338 rank=6 label='Cannabis use initiation'"
"Alcohol use disorders","EFO:0007835","embedding","sim=0.9328 rank=7 label='alcohol dependence measurement'"
"Alcohol use disorders","EFO:0009458","embedding","sim=0.95 rank=2 label='alcohol use disorder measurement'"
"Alcohol use disorders","EFO:0010445","embedding","sim=0.9434 rank=3 label='cocaine use disorder'"
"Alcohol use disorders","HP:0030955","embedding","sim=0.9241 rank=10 label='Addictive alcohol use'"
"Alcohol use disorders","MONDO:0002046","embedding","sim=0.938 rank=5 label='alcohol abuse'"
"Alcohol use disorders","MONDO:0007079","embedding","sim=0.9401 rank=4 label='alcohol dependence'"
"Alcohol use disorders","MONDO:0021698","embedding","sim=0.9599 rank=1 label='alcohol-related disorders'"
"Alcohol use disorders","OBA:1000840","embedding","sim=0.9253 rank=9 label='alcohol consumption quality'"
"Alcoholic cardiomyopathy","EFO:0001425","embedding","sim=0.9589 rank=5 label='ischemic cardiomyopathy'"
"Alcoholic cardiomyopathy","EFO:0009094","embedding","sim=0.9543 rank=7 label='idiopathic dilated cardiomyopathy'"
"Alcoholic cardiomyopathy","EFO:0009881","embedding","sim=0.9645 rank=3 label='nonischemic cardiomyopathy'"
"Alcoholic cardiomyopathy","MONDO:0004496","embedding","sim=0.9027 rank=10 label='myocarditis'"
"Alcoholic cardiomyopathy","MONDO:0004994","embedding","sim=0.9757 rank=1 label='cardiomyopathy'"
"Alcoholic cardiomyopathy","MONDO:0005021","embedding","sim=0.9656 rank=2 label='dilated cardiomyopathy'"
"Alcoholic cardiomyopathy","MONDO:0005045","embedding","sim=0.9552 rank=6 label='hypertrophic cardiomyopathy'"
"Alcoholic cardiomyopathy","MONDO:0005336","",""
"Alcoholic cardiomyopathy","MONDO:0005491","embedding","sim=0.9607 rank=4 label='Chagas cardiomyopathy'"
"Alcoholic cardiomyopathy","MONDO:0018920","embedding","sim=0.9476 rank=8 label='peripartum cardiomyopathy'"
"Alcoholic cardiomyopathy","MONDO:0019018","embedding","sim=0.9083 rank=9 label='Tako-tsubo cardiomyopathy'"
"Alopecia areata","EFO:0009855","embedding","sim=0.9005 rank=6 label='frontal fibrosing alopecia'"
"Alopecia areata","EFO:1002028","embedding","sim=0.9177 rank=4 label='cicatricial alopecia'"
"Alopecia areata","HP:0002293","embedding","sim=0.9333 rank=3 label='Alopecia of scalp'"
"Alopecia areata","MONDO:0004795","embedding","sim=0.8577 rank=9 label='otitis externa'"
"Alopecia areata","MONDO:0004907","embedding","sim=0.938 rank=2 label='alopecia'"
"Alopecia areata","MONDO:0005339","embedding","sim=0.9153 rank=5 label='androgenetic alopecia'"
"Alopecia areata","MONDO:0005340","embedding","sim=1 rank=1 label='alopecia areata'"
"Alopecia areata","MONDO:0005483","embedding","sim=0.8733 rank=7 label='chemotherapy-induced alopecia'"
"Alopecia areata","MONDO:0015614","embedding","sim=0.8601 rank=8 label='dermatitis herpetiformis'"
"Alopecia areata","MONDO:0019170","embedding","sim=0.853 rank=10 label='polyarteritis nodosa'"
"Alzheimer's disease and other dementias","EFO:0006514","embedding","sim=0.9317 rank=2 label='Alzheimer's disease biomarker measurement'"
"Alzheimer's disease and other dementias","EFO:0006799","embedding","sim=0.896 rank=7 label='Lewy body dementia measurement'"
"Alzheimer's disease and other dementias","EFO:0006801","embedding","sim=0.9346 rank=1 label='Alzheimer's disease neuropathologic change'"
"Alzheimer's disease and other dementias","EFO:0009268","embedding","sim=0.923 rank=3 label='family history of Alzheimer’s disease'"
"Alzheimer's disease and other dementias","EFO:0022957","embedding","sim=0.9008 rank=5 label='early-onset Alzheimers disease'"
"Alzheimer's disease and other dementias","EFO:0600011","embedding","sim=0.8847 rank=9 label='Parkinson's disease symptom measurement'"
"Alzheimer's disease and other dementias","EFO:0700066","embedding","sim=0.891 rank=8 label='sickle cell disease and related diseases'"
"Alzheimer's disease and other dementias","EFO:1001870","embedding","sim=0.9076 rank=4 label='late-onset Alzheimers disease'"
"Alzheimer's disease and other dementias","MONDO:0000001","",""
"Alzheimer's disease and other dementias","MONDO:0001627","",""
"Alzheimer's disease and other dementias","MONDO:0004975","embedding","sim=0.8825 rank=10 label='Alzheimer disease'"
"Alzheimer's disease and other dementias","OBA:2001000","embedding","sim=0.8981 rank=6 label='age of onset of Alzheimer disease'"
"Amphetamine use disorders","EFO:0007792","embedding","sim=0.9128 rank=3 label='antipsychotic drug use measurement'"
"Amphetamine use disorders","EFO:0009458","embedding","sim=0.9009 rank=7 label='alcohol use disorder measurement'"
"Amphetamine use disorders","EFO:0009940","embedding","sim=0.9029 rank=5 label='Antidepressant use measurement'"
"Amphetamine use disorders","EFO:0009943","embedding","sim=0.9094 rank=4 label='Antihistamine use measurement'"
"Amphetamine use disorders","EFO:0010445","embedding","sim=0.913 rank=2 label='cocaine use disorder'"
"Amphetamine use disorders","EFO:0010702","embedding","sim=0.9021 rank=6 label='opioid use disorder'"
"Amphetamine use disorders","EFO:0802409","embedding","sim=0.8941 rank=9 label='cocaine- and amphetamine-regulated transcript protein measurement'"
"Amphetamine use disorders","MONDO:0005419","embedding","sim=0.9339 rank=1 label='methamphetamine dependence'"
"Amphetamine use disorders","MONDO:0005432","embedding","sim=0.8935 rank=10 label='alcohol and nicotine codependence'"
"Amphetamine use disorders","MONDO:0005465","embedding","sim=0.8992 rank=8 label='methamphetamine-induced psychosis'"
"Anorexia nervosa","EFO:0004997","embedding","sim=0.8477 rank=4 label='type 2 diabetes nephropathy'"
"Anorexia nervosa","HP:0002039","",""
"Anorexia nervosa","MONDO:0005351","embedding","sim=1 rank=1 label='anorexia nervosa'"
"Anorexia nervosa","MONDO:0005377","embedding","sim=0.8436 rank=8 label='nephrotic syndrome'"
"Anorexia nervosa","MONDO:0005452","embedding","sim=0.9613 rank=2 label='bulimia nervosa'"
"Anorexia nervosa","MONDO:0005487","embedding","sim=0.8473 rank=5 label='schizoaffective disorder'"
"Anorexia nervosa","MONDO:0005556","embedding","sim=0.8464 rank=6 label='lupus nephritis'"
"Anorexia nervosa","MONDO:0009688","embedding","sim=0.8431 rank=9 label='myasthenia gravis'"
"Anorexia nervosa","MONDO:0018324","embedding","sim=0.8439 rank=7 label='adult-onset myasthenia gravis'"
"Anorexia nervosa","MONDO:0041086","embedding","sim=0.8404 rank=10 label='mixed anxiety and depressive disorder'"
"Anorexia nervosa","OBA:2050099","embedding","sim=0.9394 rank=3 label='age of onset of anorexia nervosa'"
"Anxiety disorders","EFO:0007795","embedding","sim=0.9276 rank=8 label='anxiety disorder measurement'"
"Anxiety disorders","HP:0000739","",""
"Anxiety disorders","MONDO:0002025","embedding","sim=0.9321 rank=6 label='psychiatric disorder'"
"Anxiety disorders","MONDO:0002039","embedding","sim=0.9328 rank=4 label='cognitive disorder'"
"Anxiety disorders","MONDO:0005084","embedding","sim=0.9302 rank=7 label='mental disorder'"
"Anxiety disorders","MONDO:0005093","embedding","sim=0.9216 rank=10 label='skin disorder'"
"Anxiety disorders","MONDO:0005371","embedding","sim=0.9321 rank=5 label='mood disorder'"
"Anxiety disorders","MONDO:0005383","embedding","sim=0.9331 rank=2 label='panic disorder'"
"Anxiety disorders","MONDO:0005618","embedding","sim=0.9663 rank=1 label='anxiety disorder'"
"Anxiety disorders","MONDO:0024575","embedding","sim=0.924 rank=9 label='pregnancy disorder'"
"Anxiety disorders","MONDO:0100081","embedding","sim=0.933 rank=3 label='sleep disorder'"
"Aortic aneurysm","EFO:0000266","embedding","sim=0.9297 rank=9 label='aortic stenosis'"
"Aortic aneurysm","EFO:0009659","embedding","sim=0.9441 rank=7 label='aneurysm'"
"Aortic aneurysm","HP:0002647","embedding","sim=0.9342 rank=8 label='Aortic dissection'"
"Aortic aneurysm","MONDO:0005160","embedding","sim=1 rank=1 label='aortic aneurysm'"
"Aortic aneurysm","MONDO:0005291","embedding","sim=0.9509 rank=5 label='brain aneurysm'"
"Aortic aneurysm","MONDO:0005350","embedding","sim=0.9831 rank=2 label='abdominal aortic aneurysm'"
"Aortic aneurysm","MONDO:0005396","embedding","sim=0.9569 rank=3 label='thoracic aortic aneurysm'"
"Aortic aneurysm","MONDO:0006714","embedding","sim=0.9551 rank=4 label='coronary aneurysm'"
"Aortic aneurysm","MONDO:0006779","embedding","sim=0.9471 rank=6 label='heart aneurysm'"
"Aortic aneurysm","MONDO:0042981","embedding","sim=0.9146 rank=10 label='aortic valve stenosis'"
"Appendicitis","EFO:0600086","embedding","sim=0.9039 rank=2 label='appendectomy'"
"Appendicitis","MONDO:0000916","embedding","sim=0.8844 rank=4 label='intestinal infectious disease'"
"Appendicitis","MONDO:0002269","embedding","sim=0.8781 rank=8 label='gastroenteritis'"
"Appendicitis","MONDO:0004571","embedding","sim=0.8774 rank=9 label='intestinal impaction'"
"Appendicitis","MONDO:0004880","embedding","sim=0.8773 rank=10 label='bowel dysfunction'"
"Appendicitis","MONDO:0005292","embedding","sim=0.8809 rank=5 label='colitis'"
"Appendicitis","MONDO:0005534","embedding","sim=0.8791 rank=7 label='ileocolitis'"
"Appendicitis","MONDO:0005649","embedding","sim=1 rank=1 label='appendicitis'"
"Appendicitis","MONDO:0006669","embedding","sim=0.8805 rank=6 label='bacterial endocarditis'"
"Appendicitis","MONDO:0056798","embedding","sim=0.8991 rank=3 label='disorder of appendix'"
"Asbestosis","EFO:0004806","embedding","sim=0.8947 rank=2 label='asbestos exposure measurement'"
"Asbestosis","EFO:0006890","embedding","sim=0.8697 rank=10 label='fibrosis'"
"Asbestosis","HP:0000520","embedding","sim=0.8749 rank=7 label='Proptosis'"
"Asbestosis","HP:0012743","embedding","sim=0.8701 rank=9 label='Abdominal obesity'"
"Asbestosis","MONDO:0000964","embedding","sim=0.8772 rank=5 label='skin lipoma'"
"Asbestosis","MONDO:0004979","embedding","sim=0.8787 rank=3 label='asthma'"
"Asbestosis","MONDO:0005139","embedding","sim=0.8744 rank=8 label='morbid obesity'"
"Asbestosis","MONDO:0005349","embedding","sim=0.9055 rank=1 label='otosclerosis'"
"Asbestosis","MONDO:0006522","embedding","sim=0.8784 rank=4 label='acquired keratosis'"
"Asbestosis","MONDO:0011122","embedding","sim=0.8755 rank=6 label='obesity disorder'"
"Ascariasis","MONDO:0000254","embedding","sim=0.8841 rank=10 label='cutaneous mycosis'"
"Ascariasis","MONDO:0000989","embedding","sim=0.888 rank=9 label='mumps infectious disease'"
"Ascariasis","MONDO:0002040","embedding","sim=0.907 rank=3 label='dermatomycosis'"
"Ascariasis","MONDO:0004664","embedding","sim=0.898 rank=5 label='helminthiasis'"
"Ascariasis","MONDO:0005631","embedding","sim=0.8974 rank=6 label='actinomycosis'"
"Ascariasis","MONDO:0005644","embedding","sim=0.9359 rank=1 label='amebiasis'"
"Ascariasis","MONDO:0005657","embedding","sim=0.8945 rank=7 label='aspergillosis'"
"Ascariasis","MONDO:0005761","embedding","sim=0.9169 rank=2 label='filarial elephantiasis'"
"Ascariasis","MONDO:0021697","embedding","sim=0.8932 rank=8 label='chlamydia infectious disease'"
"Ascariasis","MONDO:0024647","embedding","sim=0.9035 rank=4 label='urolithiasis'"
"Asthma","EFO:0007614","",""
"Asthma","EFO:0009759","",""
"Asthma","EFO:0010049","embedding","sim=0.9306 rank=6 label='asthma symptoms measurement'"
"Asthma","EFO:0010638","embedding","sim=0.9559 rank=2 label='atopic asthma'"
"Asthma","EFO:1002011","embedding","sim=0.9445 rank=4 label='adult onset asthma'"
"Asthma","HP:0012042","embedding","sim=0.9108 rank=7 label='Aspirin-induced asthma'"
"Asthma","MONDO:0004766","",""
"Asthma","MONDO:0004784","embedding","sim=0.9459 rank=3 label='allergic asthma'"
"Asthma","MONDO:0004979","embedding","sim=1 rank=1 label='asthma'"
"Asthma","MONDO:0005271","embedding","sim=0.8888 rank=9 label='allergic disease'"
"Asthma","MONDO:0005405","embedding","sim=0.94 rank=5 label='childhood onset asthma'"
"Asthma","MONDO:0010481","embedding","sim=0.889 rank=8 label='angioedema'"
"Asthma","MONDO:0956975","embedding","sim=0.8869 rank=10 label='T2-high asthma'"
"Asthma","OBA:2001001","",""
"Asthma","OBA:2001015","",""
"Atopic dermatitis","EFO:1000651","",""
"Atopic dermatitis","HP:0000964","embedding","sim=0.9375 rank=5 label='Eczematoid dermatitis'"
"Atopic dermatitis","MONDO:0002406","embedding","sim=0.946 rank=2 label='dermatitis'"
"Atopic dermatitis","MONDO:0004980","embedding","sim=0.9405 rank=4 label='atopic eczema'"
"Atopic dermatitis","MONDO:0005480","embedding","sim=0.9609 rank=1 label='contact dermatitis'"
"Atopic dermatitis","MONDO:0005481","embedding","sim=0.9127 rank=10 label='contact dermatitis due to nickel'"
"Atopic dermatitis","MONDO:0005642","embedding","sim=0.9222 rank=7 label='atopic conjunctivitis'"
"Atopic dermatitis","MONDO:0006525","embedding","sim=0.9456 rank=3 label='allergic contact dermatitis'"
"Atopic dermatitis","MONDO:0006555","embedding","sim=0.9291 rank=6 label='granulomatous dermatitis'"
"Atopic dermatitis","MONDO:0015614","embedding","sim=0.9169 rank=8 label='dermatitis herpetiformis'"
"Atopic dermatitis","MONDO:0016367","embedding","sim=0.9151 rank=9 label='dermatomyositis'"
"Atrial fibrillation and flutter","EFO:0009952","embedding","sim=0.9573 rank=2 label='post-operative atrial fibrillation'"
"Atrial fibrillation and flutter","HP:0004308","embedding","sim=0.9001 rank=6 label='Ventricular arrhythmia'"
"Atrial fibrillation and flutter","HP:0004755","embedding","sim=0.8982 rank=9 label='Supraventricular tachycardia'"
"Atrial fibrillation and flutter","HP:0004757","embedding","sim=0.95 rank=3 label='Paroxysmal atrial fibrillation'"
"Atrial fibrillation and flutter","HP:0011705","embedding","sim=0.8985 rank=8 label='First degree atrioventricular block'"
"Atrial fibrillation and flutter","HP:0011706","embedding","sim=0.8949 rank=10 label='Second degree atrioventricular block'"
"Atrial fibrillation and flutter","MONDO:0000190","embedding","sim=0.9494 rank=4 label='ventricular fibrillation'"
"Atrial fibrillation and flutter","MONDO:0000468","embedding","sim=0.899 rank=7 label='third-degree atrioventricular block'"
"Atrial fibrillation and flutter","MONDO:0004981","embedding","sim=0.9723 rank=1 label='atrial fibrillation'"
"Atrial fibrillation and flutter","MONDO:0005310","",""
"Atrial fibrillation and flutter","MONDO:0005477","embedding","sim=0.9027 rank=5 label='ventricular tachycardia'"
"Attention-deficit/hyperactivity disorder","EFO:0007802","embedding","sim=0.8662 rank=4 label='obsessive-compulsive symptom measurement'"
"Attention-deficit/hyperactivity disorder","EFO:0007948","embedding","sim=0.8396 rank=9 label='HIV-associated neurocognitive disorder'"
"Attention-deficit/hyperactivity disorder","EFO:0007982","embedding","sim=0.8549 rank=5 label='mild neurocognitive disorder'"
"Attention-deficit/hyperactivity disorder","EFO:0009965","embedding","sim=0.8395 rank=10 label='Schizoaffective disorder-bipolar type'"
"Attention-deficit/hyperactivity disorder","EFO:0802555","embedding","sim=0.8414 rank=7 label='fragile X mental retardation syndrome-related protein 1 measurement'"
"Attention-deficit/hyperactivity disorder","HP:0008770","embedding","sim=0.8693 rank=3 label='Obsessive-compulsive trait'"
"Attention-deficit/hyperactivity disorder","MONDO:0005487","embedding","sim=0.8397 rank=8 label='schizoaffective disorder'"
"Attention-deficit/hyperactivity disorder","MONDO:0007743","embedding","sim=0.9906 rank=1 label='attention deficit-hyperactivity disorder'"
"Attention-deficit/hyperactivity disorder","MONDO:0008114","embedding","sim=0.8732 rank=2 label='obsessive-compulsive disorder'"
"Attention-deficit/hyperactivity disorder","MONDO:0041086","embedding","sim=0.8421 rank=6 label='mixed anxiety and depressive disorder'"
"Autism spectrum disorders","MONDO:0000592","embedding","sim=0.8933 rank=9 label='specific developmental disorder'"
"Autism spectrum disorders","MONDO:0002025","embedding","sim=0.9149 rank=3 label='psychiatric disorder'"
"Autism spectrum disorders","MONDO:0002039","embedding","sim=0.9012 rank=5 label='cognitive disorder'"
"Autism spectrum disorders","MONDO:0005084","embedding","sim=0.899 rank=7 label='mental disorder'"
"Autism spectrum disorders","MONDO:0005087","embedding","sim=0.8956 rank=8 label='respiratory system disorder'"
"Autism spectrum disorders","MONDO:0005258","embedding","sim=0.9814 rank=1 label='autism spectrum disorder'"
"Autism spectrum disorders","MONDO:0005260","",""
"Autism spectrum disorders","MONDO:0005287","embedding","sim=0.9022 rank=4 label='developmental disability'"
"Autism spectrum disorders","MONDO:0005618","embedding","sim=0.9007 rank=6 label='anxiety disorder'"
"Autism spectrum disorders","MONDO:0021698","embedding","sim=0.8932 rank=10 label='alcohol-related disorders'"
"Autism spectrum disorders","MONDO:0100610","embedding","sim=0.9478 rank=2 label='autism spectrum disorder 1'"
"Bacterial skin diseases","EFO:0009470","embedding","sim=0.9207 rank=6 label='soft tissue disease'"
"Bacterial skin diseases","EFO:1000636","embedding","sim=0.9407 rank=1 label='inflammatory skin disease'"
"Bacterial skin diseases","EFO:1000755","embedding","sim=0.9166 rank=10 label='pigmentation disease'"
"Bacterial skin diseases","MONDO:0000001","",""
"Bacterial skin diseases","MONDO:0002898","embedding","sim=0.9184 rank=7 label='skin cancer'"
"Bacterial skin diseases","MONDO:0005093","embedding","sim=0.9372 rank=3 label='skin disorder'"
"Bacterial skin diseases","MONDO:0005113","embedding","sim=0.9372 rank=4 label='bacterial infectious disease'"
"Bacterial skin diseases","MONDO:0005550","embedding","sim=0.9176 rank=8 label='infectious disease'"
"Bacterial skin diseases","MONDO:0019293","embedding","sim=0.9382 rank=2 label='skin vascular disease'"
"Bacterial skin diseases","MONDO:0020950","embedding","sim=0.9167 rank=9 label='viral eye infection'"
"Bacterial skin diseases","MONDO:0021201","embedding","sim=0.9279 rank=5 label='skin infection'"
"Benign and in situ cervical and uterine neoplasms","MONDO:0000627","embedding","sim=0.9178 rank=9 label='benign endocrine neoplasm'"
"Benign and in situ cervical and uterine neoplasms","MONDO:0000632","embedding","sim=0.9408 rank=3 label='uterine benign neoplasm'"
"Benign and in situ cervical and uterine neoplasms","MONDO:0000646","embedding","sim=0.9248 rank=6 label='ovarian benign neoplasm'"
"Benign and in situ cervical and uterine neoplasms","MONDO:0000654","embedding","sim=0.9179 rank=8 label='benign connective and soft tissue neoplasm'"
"Benign and in situ cervical and uterine neoplasms","MONDO:0004180","embedding","sim=0.9254 rank=5 label='benign urinary system neoplasm'"
"Benign and in situ cervical and uterine neoplasms","MONDO:0005070","",""
"Benign and in situ cervical and uterine neoplasms","MONDO:0006137","embedding","sim=0.9314 rank=4 label='cervical intraepithelial neoplasia grade 2/3'"
"Benign and in situ cervical and uterine neoplasms","MONDO:0006295","embedding","sim=0.9211 rank=7 label='malignant urinary system neoplasm'"
"Benign and in situ cervical and uterine neoplasms","MONDO:0021230","embedding","sim=0.9471 rank=2 label='uterine cervix neoplasm'"
"Benign and in situ cervical and uterine neoplasms","MONDO:0021462","embedding","sim=0.9172 rank=10 label='benign neoplasm of rectum'"
"Benign and in situ cervical and uterine neoplasms","MONDO:0042487","embedding","sim=0.9475 rank=1 label='uterine cervix carcinoma in situ'"
"Benign and in situ intestinal neoplasms","MONDO:0000385","embedding","sim=0.944 rank=2 label='benign digestive system neoplasm'"
"Benign and in situ intestinal neoplasms","MONDO:0000627","embedding","sim=0.9383 rank=4 label='benign endocrine neoplasm'"
"Benign and in situ intestinal neoplasms","MONDO:0000632","embedding","sim=0.938 rank=6 label='uterine benign neoplasm'"
"Benign and in situ intestinal neoplasms","MONDO:0000654","embedding","sim=0.938 rank=5 label='benign connective and soft tissue neoplasm'"
"Benign and in situ intestinal neoplasms","MONDO:0002278","embedding","sim=0.95 rank=1 label='benign colon neoplasm'"
"Benign and in situ intestinal neoplasms","MONDO:0005070","",""
"Benign and in situ intestinal neoplasms","MONDO:0021462","embedding","sim=0.9408 rank=3 label='benign neoplasm of rectum'"
"Benign and in situ intestinal neoplasms","MONDO:0021464","embedding","sim=0.937 rank=7 label='benign neoplasm of cecum'"
"Benign and in situ intestinal neoplasms","MONDO:0024477","embedding","sim=0.9363 rank=8 label='liver and intrahepatic bile duct neoplasm'"
"Benign and in situ intestinal neoplasms","MONDO:0044919","embedding","sim=0.9361 rank=9 label='malignant renal pelvis neoplasm'"
"Benign and in situ intestinal neoplasms","MONDO:0044983","embedding","sim=0.9359 rank=10 label='benign lipomatous neoplasm'"
"Benign prostatic hyperplasia","MONDO:0000385","embedding","sim=0.9165 rank=9 label='benign digestive system neoplasm'"
"Benign prostatic hyperplasia","MONDO:0002278","embedding","sim=0.917 rank=8 label='benign colon neoplasm'"
"Benign prostatic hyperplasia","MONDO:0005043","",""
"Benign prostatic hyperplasia","MONDO:0006107","embedding","sim=0.9302 rank=2 label='benign thyroid gland neoplasm'"
"Benign prostatic hyperplasia","MONDO:0006410","embedding","sim=0.9214 rank=4 label='simple endometrial hyperplasia'"
"Benign prostatic hyperplasia","MONDO:0006965","embedding","sim=0.9191 rank=5 label='secondary hypertrophic osteoarthropathy'"
"Benign prostatic hyperplasia","MONDO:0010811","embedding","sim=1 rank=1 label='benign prostatic hyperplasia'"
"Benign prostatic hyperplasia","MONDO:0021259","embedding","sim=0.9265 rank=3 label='prostate neoplasm'"
"Benign prostatic hyperplasia","MONDO:0021463","embedding","sim=0.9165 rank=10 label='benign neoplasm of parathyroid gland'"
"Benign prostatic hyperplasia","MONDO:0044919","embedding","sim=0.9177 rank=6 label='malignant renal pelvis neoplasm'"
"Benign prostatic hyperplasia","MONDO:0044983","embedding","sim=0.9177 rank=7 label='benign lipomatous neoplasm'"
"Bipolar disorder","EFO:0009963","embedding","sim=0.9494 rank=2 label='bipolar I disorder'"
"Bipolar disorder","EFO:0009964","embedding","sim=0.932 rank=3 label='bipolar II disorder'"
"Bipolar disorder","EFO:0009965","embedding","sim=0.8912 rank=8 label='Schizoaffective disorder-bipolar type'"
"Bipolar disorder","MONDO:0002050","embedding","sim=0.8859 rank=10 label='depressive disorder'"
"Bipolar disorder","MONDO:0003699","embedding","sim=0.8938 rank=7 label='phobic disorder'"
"Bipolar disorder","MONDO:0004359","embedding","sim=0.8962 rank=5 label='delusional disorder'"
"Bipolar disorder","MONDO:0004985","embedding","sim=1 rank=1 label='bipolar disorder'"
"Bipolar disorder","MONDO:0005379","embedding","sim=0.8981 rank=4 label='neurotic disorder'"
"Bipolar disorder","MONDO:0005485","embedding","sim=0.8948 rank=6 label='psychotic disorder'"
"Bipolar disorder","OBA:2001019","embedding","sim=0.8865 rank=9 label='age of onset of bipolar disorder'"
"Bladder cancer","MONDO:0001128","embedding","sim=0.9287 rank=10 label='nasal cavity cancer'"
"Bladder cancer","MONDO:0001187","",""
"Bladder cancer","MONDO:0001657","embedding","sim=0.951 rank=4 label='brain cancer'"
"Bladder cancer","MONDO:0002129","embedding","sim=0.9432 rank=8 label='bone cancer'"
"Bladder cancer","MONDO:0002367","embedding","sim=0.9607 rank=1 label='kidney cancer'"
"Bladder cancer","MONDO:0002691","embedding","sim=0.9471 rank=7 label='liver cancer'"
"Bladder cancer","MONDO:0002898","embedding","sim=0.9509 rank=5 label='skin cancer'"
"Bladder cancer","MONDO:0004631","embedding","sim=0.9517 rank=3 label='tongue cancer'"
"Bladder cancer","MONDO:0004992","",""
"Bladder cancer","MONDO:0005515","embedding","sim=0.9288 rank=9 label='oral cavity cancer'"
"Bladder cancer","MONDO:0007254","embedding","sim=0.9523 rank=2 label='breast cancer'"
"Bladder cancer","MONDO:0008903","embedding","sim=0.9498 rank=6 label='lung cancer'"
"Blindness and vision loss","HP:0000405","embedding","sim=0.8995 rank=6 label='Conductive hearing impairment'"
"Blindness and vision loss","HP:0000478","embedding","sim=0.8877 rank=10 label='Abnormality of the eye'"
"Blindness and vision loss","HP:0000504","embedding","sim=0.9245 rank=2 label='Abnormality of vision'"
"Blindness and vision loss","HP:0000529","embedding","sim=0.925 rank=1 label='Progressive visual loss'"
"Blindness and vision loss","HP:0000572","",""
"Blindness and vision loss","HP:0000618","embedding","sim=0.9019 rank=5 label='Blindness'"
"Blindness and vision loss","HP:0007957","embedding","sim=0.8928 rank=8 label='Corneal opacity'"
"Blindness and vision loss","HP:0011446","embedding","sim=0.888 rank=9 label='Abnormality of mental function'"
"Blindness and vision loss","MONDO:0001564","embedding","sim=0.9024 rank=4 label='binocular vision disease'"
"Blindness and vision loss","MONDO:0001703","embedding","sim=0.9179 rank=3 label='color vision disorder'"
"Blindness and vision loss","MONDO:0005365","embedding","sim=0.8976 rank=7 label='hearing loss disorder'"
"Brain and central nervous system cancer","EFO:0011047","embedding","sim=0.9195 rank=5 label='central nervous system toxicity'"
"Brain and central nervous system cancer","MONDO:0000612","embedding","sim=0.9161 rank=6 label='lymphatic system cancer'"
"Brain and central nervous system cancer","MONDO:0001657","",""
"Brain and central nervous system cancer","MONDO:0002038","embedding","sim=0.9119 rank=8 label='head and neck carcinoma'"
"Brain and central nervous system cancer","MONDO:0002317","embedding","sim=0.91 rank=9 label='central nervous system origin vertigo'"
"Brain and central nervous system cancer","MONDO:0002516","embedding","sim=0.9034 rank=10 label='digestive system cancer'"
"Brain and central nervous system cancer","MONDO:0002602","embedding","sim=0.9238 rank=4 label='central nervous system disorder'"
"Brain and central nervous system cancer","MONDO:0002714","embedding","sim=0.96 rank=1 label='central nervous system cancer'"
"Brain and central nervous system cancer","MONDO:0004992","",""
"Brain and central nervous system cancer","MONDO:0005627","embedding","sim=0.914 rank=7 label='head and neck cancer'"
"Brain and central nervous system cancer","MONDO:0005872","embedding","sim=0.9258 rank=3 label='nervous system cancer'"
"Brain and central nervous system cancer","MONDO:0024619","embedding","sim=0.9291 rank=2 label='central nervous system infectious disorder'"
"Breast cancer","EFO:0005606","",""
"Breast cancer","EFO:0009443","",""
"Breast cancer","EFO:0009782","",""
"Breast cancer","MONDO:0000616","",""
"Breast cancer","MONDO:0000618","",""
"Breast cancer","MONDO:0001657","embedding","sim=0.9413 rank=4 label='brain cancer'"
"Breast cancer","MONDO:0002129","embedding","sim=0.9362 rank=6 label='bone cancer'"
"Breast cancer","MONDO:0002367","embedding","sim=0.9383 rank=5 label='kidney cancer'"
"Breast cancer","MONDO:0002691","embedding","sim=0.9295 rank=7 label='liver cancer'"
"Breast cancer","MONDO:0002898","embedding","sim=0.9436 rank=3 label='skin cancer'"
"Breast cancer","MONDO:0004631","embedding","sim=0.9292 rank=8 label='tongue cancer'"
"Breast cancer","MONDO:0004989","embedding","sim=0.9182 rank=10 label='breast carcinoma'"
"Breast cancer","MONDO:0004992","",""
"Breast cancer","MONDO:0005515","embedding","sim=0.9206 rank=9 label='oral cavity cancer'"
"Breast cancer","MONDO:0006512","",""
"Breast cancer","MONDO:0006513","",""
"Breast cancer","MONDO:0007254","embedding","sim=1 rank=1 label='breast cancer'"
"Breast cancer","MONDO:0008903","embedding","sim=0.9499 rank=2 label='lung cancer'"
"Breast cancer","OBA:2040827","",""
"Breast cancer","OBA:2050192","",""
"Bulimia nervosa","EFO:0004997","embedding","sim=0.8479 rank=8 label='type 2 diabetes nephropathy'"
"Bulimia nervosa","EFO:0803637","embedding","sim=0.8509 rank=6 label='neisseria meningitidis seropositivity'"
"Bulimia nervosa","EFO:0803645","embedding","sim=0.8445 rank=10 label='ralstonia solanacearum seropositivity'"
"Bulimia nervosa","MONDO:0005351","embedding","sim=0.9613 rank=2 label='anorexia nervosa'"
"Bulimia nervosa","MONDO:0005452","embedding","sim=1 rank=1 label='bulimia nervosa'"
"Bulimia nervosa","MONDO:0005487","embedding","sim=0.8486 rank=7 label='schizoaffective disorder'"
"Bulimia nervosa","MONDO:0005556","embedding","sim=0.8541 rank=5 label='lupus nephritis'"
"Bulimia nervosa","MONDO:0019735","embedding","sim=0.8473 rank=9 label='polymyalgia rheumatica'"
"Bulimia nervosa","MONDO:0021061","embedding","sim=0.8566 rank=4 label='neurofibromatosis'"
"Bulimia nervosa","OBA:2050099","embedding","sim=0.914 rank=3 label='age of onset of anorexia nervosa'"
"Burkitt lymphoma","EFO:0021933","embedding","sim=0.8872 rank=10 label='B-cell lymphoma 6 protein measurement'"
"Burkitt lymphoma","EFO:0801403","embedding","sim=0.8995 rank=4 label='B-cell lymphoma/leukemia 10 measurement'"
"Burkitt lymphoma","MONDO:0000432","embedding","sim=0.8936 rank=7 label='lymphoplasmacytic lymphoma'"
"Burkitt lymphoma","MONDO:0004665","embedding","sim=0.8955 rank=6 label='nodular sclerosis classical Hodgkin lymphoma'"
"Burkitt lymphoma","MONDO:0005062","",""
"Burkitt lymphoma","MONDO:0005112","embedding","sim=0.8885 rank=8 label='malignant pleural mesothelioma'"
"Burkitt lymphoma","MONDO:0007243","embedding","sim=1 rank=1 label='Burkitt lymphoma'"
"Burkitt lymphoma","MONDO:0009975","embedding","sim=0.8882 rank=9 label='reticulum cell sarcoma'"
"Burkitt lymphoma","MONDO:0017604","embedding","sim=0.8976 rank=5 label='marginal zone lymphoma'"
"Burkitt lymphoma","MONDO:0018905","embedding","sim=0.9025 rank=3 label='diffuse large B-cell lymphoma'"
"Burkitt lymphoma","MONDO:0018906","embedding","sim=0.9073 rank=2 label='follicular lymphoma'"
"COVID-19","EFO:0000180","embedding","sim=0.8758 rank=7 label='HIV-1 infection'"
"COVID-19","EFO:0008102","embedding","sim=0.8697 rank=10 label='copine-1 measurement'"
"COVID-19","EFO:0010763","embedding","sim=0.871 rank=8 label='axin-1 measurement'"
"COVID-19","EFO:0600019","embedding","sim=0.9098 rank=3 label='COVID-19 symptoms measurement'"
"COVID-19","EFO:0600020","",""
"COVID-19","EFO:0802435","embedding","sim=0.8708 rank=9 label='cullin-3 measurement'"
"COVID-19","EFO:0802436","embedding","sim=0.8774 rank=6 label='cullin-4B measurement'"
"COVID-19","EFO:0802437","embedding","sim=0.8842 rank=5 label='cullin-9 measurement'"
"COVID-19","EFO:0803362","embedding","sim=0.8961 rank=4 label='response to COVID-19 vaccine'"
"COVID-19","MONDO:0100096","embedding","sim=1 rank=1 label='COVID-19'"
"COVID-19","MONDO:0100233","embedding","sim=0.9395 rank=2 label='long COVID-19'"
"Cannabis use disorders","EFO:0005431","embedding","sim=0.9173 rank=9 label='illegal drug consumption'"
"Cannabis use disorders","EFO:0007585","embedding","sim=0.9502 rank=2 label='Cannabis use'"
"Cannabis use disorders","EFO:0007586","embedding","sim=0.9514 rank=1 label='Cannabis use initiation'"
"Cannabis use disorders","EFO:0008457","embedding","sim=0.9303 rank=5 label='cannabis dependence measurement'"
"Cannabis use disorders","EFO:0009458","embedding","sim=0.9296 rank=6 label='alcohol use disorder measurement'"
"Cannabis use disorders","EFO:0010445","embedding","sim=0.9485 rank=3 label='cocaine use disorder'"
"Cannabis use disorders","EFO:0010553","embedding","sim=0.9125 rank=10 label='cocaine use measurement'"
"Cannabis use disorders","EFO:0803368","embedding","sim=0.9175 rank=8 label='internet addiction disorder'"
"Cannabis use disorders","MONDO:0005689","embedding","sim=0.9371 rank=4 label='cannabis dependence'"
"Cannabis use disorders","MONDO:0021698","embedding","sim=0.924 rank=7 label='alcohol-related disorders'"
"Cardiomyopathy and myocarditis","EFO:0001425","embedding","sim=0.9599 rank=1 label='ischemic cardiomyopathy'"
"Cardiomyopathy and myocarditis","EFO:0009094","embedding","sim=0.9526 rank=4 label='idiopathic dilated cardiomyopathy'"
"Cardiomyopathy and myocarditis","EFO:0009881","embedding","sim=0.9524 rank=5 label='nonischemic cardiomyopathy'"
"Cardiomyopathy and myocarditis","MONDO:0004496","embedding","sim=0.9345 rank=9 label='myocarditis'"
"Cardiomyopathy and myocarditis","MONDO:0004994","embedding","sim=0.9577 rank=2 label='cardiomyopathy'"
"Cardiomyopathy and myocarditis","MONDO:0005021","embedding","sim=0.9553 rank=3 label='dilated cardiomyopathy'"
"Cardiomyopathy and myocarditis","MONDO:0005045","embedding","sim=0.944 rank=6 label='hypertrophic cardiomyopathy'"
"Cardiomyopathy and myocarditis","MONDO:0005336","",""
"Cardiomyopathy and myocarditis","MONDO:0005491","embedding","sim=0.9425 rank=7 label='Chagas cardiomyopathy'"
"Cardiomyopathy and myocarditis","MONDO:0006669","embedding","sim=0.913 rank=10 label='bacterial endocarditis'"
"Cardiomyopathy and myocarditis","MONDO:0018920","embedding","sim=0.9405 rank=8 label='peripartum cardiomyopathy'"
"Caries of deciduous teeth","EFO:0600095","embedding","sim=0.9347 rank=2 label='primary dental caries'"
"Caries of deciduous teeth","EFO:0600096","embedding","sim=0.9356 rank=1 label='permanent dental caries'"
"Caries of deciduous teeth","HP:0000164","embedding","sim=0.8976 rank=7 label='Abnormality of the dentition'"
"Caries of deciduous teeth","MONDO:0002233","embedding","sim=0.9159 rank=5 label='enamel caries'"
"Caries of deciduous teeth","MONDO:0004038","embedding","sim=0.8757 rank=10 label='dental enamel hypoplasia'"
"Caries of deciduous teeth","MONDO:0005276","embedding","sim=0.9249 rank=3 label='dental caries'"
"Caries of deciduous teeth","MONDO:0005591","embedding","sim=0.9036 rank=6 label='pit and fissure surface dental caries'"
"Caries of deciduous teeth","MONDO:0005592","embedding","sim=0.9187 rank=4 label='smooth surface dental caries'"
"Caries of deciduous teeth","OBA:2045279","embedding","sim=0.8902 rank=9 label='number of teeth'"
"Caries of deciduous teeth","OBA:2045285","embedding","sim=0.8946 rank=8 label='erosive tooth wear attribute'"
"Caries of permanent teeth","EFO:0600095","embedding","sim=0.9323 rank=2 label='primary dental caries'"
"Caries of permanent teeth","EFO:0600096","embedding","sim=0.941 rank=1 label='permanent dental caries'"
"Caries of permanent teeth","HP:0000164","embedding","sim=0.8957 rank=7 label='Abnormality of the dentition'"
"Caries of permanent teeth","MONDO:0002233","embedding","sim=0.9148 rank=5 label='enamel caries'"
"Caries of permanent teeth","MONDO:0004038","embedding","sim=0.8722 rank=10 label='dental enamel hypoplasia'"
"Caries of permanent teeth","MONDO:0005276","embedding","sim=0.9212 rank=3 label='dental caries'"
"Caries of permanent teeth","MONDO:0005591","embedding","sim=0.9043 rank=6 label='pit and fissure surface dental caries'"
"Caries of permanent teeth","MONDO:0005592","embedding","sim=0.9181 rank=4 label='smooth surface dental caries'"
"Caries of permanent teeth","OBA:2045279","embedding","sim=0.8936 rank=8 label='number of teeth'"
"Caries of permanent teeth","OBA:2045285","embedding","sim=0.8898 rank=9 label='erosive tooth wear attribute'"
"Cataract","HP:0007957","embedding","sim=0.8735 rank=5 label='Corneal opacity'"
"Cataract","HP:0011141","embedding","sim=0.9195 rank=2 label='Age-related cataract'"
"Cataract","HP:0011142","embedding","sim=0.9156 rank=3 label='Age-related nuclear cataract'"
"Cataract","MONDO:0000942","embedding","sim=0.8701 rank=6 label='corneal disorder'"
"Cataract","MONDO:0001515","embedding","sim=0.8649 rank=8 label='corneal degeneration'"
"Cataract","MONDO:0004847","embedding","sim=0.9065 rank=4 label='senile cataract'"
"Cataract","MONDO:0005129","embedding","sim=1 rank=1 label='cataract'"
"Cataract","MONDO:0005408","",""
"Cataract","MONDO:0006651","embedding","sim=0.8616 rank=10 label='anterior uveitis'"
"Cataract","MONDO:0006918","embedding","sim=0.8633 rank=9 label='posterior uveitis'"
"Cataract","OBA:2001004","embedding","sim=0.8681 rank=7 label='age of onset of cataract'"
"Cellulitis","HP:0000265","embedding","sim=0.9115 rank=3 label='Mastoiditis'"
"Cellulitis","MONDO:0001039","embedding","sim=0.9037 rank=8 label='tonsillitis'"
"Cellulitis","MONDO:0002008","embedding","sim=0.9114 rank=4 label='labyrinthitis'"
"Cellulitis","MONDO:0004235","embedding","sim=0.9082 rank=5 label='diverticulitis'"
"Cellulitis","MONDO:0004966","embedding","sim=0.9012 rank=10 label='gastritis'"
"Cellulitis","MONDO:0005230","embedding","sim=1 rank=1 label='cellulitis'"
"Cellulitis","MONDO:0005832","embedding","sim=0.9036 rank=9 label='lymphangitis'"
"Cellulitis","MONDO:0005904","embedding","sim=0.9049 rank=7 label='pericarditis'"
"Cellulitis","MONDO:0006591","embedding","sim=0.9136 rank=2 label='panniculitis'"
"Cellulitis","MONDO:0006771","embedding","sim=0.9059 rank=6 label='glossitis'"
"Cervical cancer","HP:0030160","embedding","sim=0.9421 rank=3 label='Cervicitis'"
"Cervical cancer","MONDO:0000751","embedding","sim=0.9269 rank=5 label='cervical polyp'"
"Cervical cancer","MONDO:0002715","embedding","sim=0.9249 rank=6 label='uterine cancer'"
"Cervical cancer","MONDO:0002974","embedding","sim=1 rank=1 label='cervical cancer'"
"Cervical cancer","MONDO:0004992","",""
"Cervical cancer","MONDO:0005131","embedding","sim=0.9719 rank=2 label='cervical carcinoma'"
"Cervical cancer","MONDO:0005140","embedding","sim=0.9208 rank=7 label='ovarian carcinoma'"
"Cervical cancer","MONDO:0005213","embedding","sim=0.9307 rank=4 label='uterine carcinoma'"
"Cervical cancer","MONDO:0005215","embedding","sim=0.9174 rank=10 label='vulvar carcinoma'"
"Cervical cancer","MONDO:0006696","embedding","sim=0.9185 rank=9 label='cervix erosion'"
"Cervical cancer","MONDO:0008170","embedding","sim=0.9195 rank=8 label='ovarian cancer'"
"Chagas disease","EFO:0003867","embedding","sim=0.8958 rank=2 label='rhabdomyolysis'"
"Chagas disease","EFO:0009180","embedding","sim=0.8895 rank=7 label='rosacea severity measurement'"
"Chagas disease","HP:0000999","embedding","sim=0.8853 rank=10 label='Pyoderma'"
"Chagas disease","MONDO:0000001","",""
"Chagas disease","MONDO:0000327","embedding","sim=0.8923 rank=5 label='Buruli ulcer disease'"
"Chagas disease","MONDO:0005491","embedding","sim=0.8858 rank=9 label='Chagas cardiomyopathy'"
"Chagas disease","MONDO:0005610","embedding","sim=0.8935 rank=4 label='Kashin-Beck disease'"
"Chagas disease","MONDO:0005820","embedding","sim=0.8957 rank=3 label='Lassa fever'"
"Chagas disease","MONDO:0012817","embedding","sim=0.892 rank=6 label='Ewing sarcoma'"
"Chagas disease","MONDO:0015263","embedding","sim=0.9015 rank=1 label='Brugada syndrome'"
"Chagas disease","MONDO:0018912","embedding","sim=0.8872 rank=8 label='Cushing syndrome'"
"Chlamydial infection","EFO:0000544","",""
"Chlamydial infection","EFO:0003867","embedding","sim=0.8766 rank=9 label='rhabdomyolysis'"
"Chlamydial infection","EFO:0009429","embedding","sim=0.8954 rank=3 label='Mycobacterium infection'"
"Chlamydial infection","EFO:0010903","embedding","sim=0.8859 rank=4 label='anti-chlamydia trachomatis antibody measurement'"
"Chlamydial infection","MONDO:0005132","embedding","sim=0.8825 rank=5 label='cytomegalovirus infection'"
"Chlamydial infection","MONDO:0005445","embedding","sim=0.8822 rank=6 label='visceral leishmaniasis'"
"Chlamydial infection","MONDO:0005658","embedding","sim=0.8802 rank=7 label='Astroviridae infectious disease'"
"Chlamydial infection","MONDO:0005761","embedding","sim=0.8792 rank=8 label='filarial elephantiasis'"
"Chlamydial infection","MONDO:0019124","embedding","sim=0.8737 rank=10 label='microscopic polyangiitis'"
"Chlamydial infection","MONDO:0020776","embedding","sim=0.9388 rank=2 label='chlamydiaceae infections'"
"Chlamydial infection","MONDO:0021697","embedding","sim=0.9698 rank=1 label='chlamydia infectious disease'"
"Chronic hepatitis B including cirrhosis","EFO:0004267","embedding","sim=0.9473 rank=3 label='biliary liver cirrhosis'"
"Chronic hepatitis B including cirrhosis","EFO:0008496","",""
"Chronic hepatitis B including cirrhosis","HP:0012115","",""
"Chronic hepatitis B including cirrhosis","MONDO:0005155","embedding","sim=0.9366 rank=6 label='cirrhosis of liver'"
"Chronic hepatitis B including cirrhosis","MONDO:0005231","embedding","sim=0.9205 rank=8 label='hepatitis C virus infection'"
"Chronic hepatitis B including cirrhosis","MONDO:0005344","embedding","sim=0.9158 rank=10 label='hepatitis B virus infection'"
"Chronic hepatitis B including cirrhosis","MONDO:0005354","embedding","sim=0.9437 rank=4 label='chronic hepatitis C virus infection'"
"Chronic hepatitis B including cirrhosis","MONDO:0005366","embedding","sim=0.9408 rank=5 label='chronic hepatitis B virus infection'"
"Chronic hepatitis B including cirrhosis","MONDO:0005448","embedding","sim=0.9754 rank=1 label='hepatitis C induced liver cirrhosis'"
"Chronic hepatitis B including cirrhosis","MONDO:0006644","embedding","sim=0.9519 rank=2 label='alcoholic liver cirrhosis'"
"Chronic hepatitis B including cirrhosis","MONDO:0007027","embedding","sim=0.918 rank=9 label='metabolic dysfunction-associated steatohepatitis'"
"Chronic hepatitis B including cirrhosis","MONDO:0100370","embedding","sim=0.9304 rank=7 label='acute hepatitis B virus infection'"
"Chronic hepatitis C including cirrhosis","EFO:0004267","embedding","sim=0.9517 rank=3 label='biliary liver cirrhosis'"
"Chronic hepatitis C including cirrhosis","EFO:0008496","",""
"Chronic hepatitis C including cirrhosis","EFO:0008505","embedding","sim=0.9111 rank=10 label='hepatitis virus-related hepatocellular carcinoma'"
"Chronic hepatitis C including cirrhosis","HP:0012115","",""
"Chronic hepatitis C including cirrhosis","MONDO:0005155","embedding","sim=0.9391 rank=5 label='cirrhosis of liver'"
"Chronic hepatitis C including cirrhosis","MONDO:0005231","embedding","sim=0.9146 rank=8 label='hepatitis C virus infection'"
"Chronic hepatitis C including cirrhosis","MONDO:0005354","embedding","sim=0.9391 rank=4 label='chronic hepatitis C virus infection'"
"Chronic hepatitis C including cirrhosis","MONDO:0005366","embedding","sim=0.9261 rank=6 label='chronic hepatitis B virus infection'"
"Chronic hepatitis C including cirrhosis","MONDO:0005448","embedding","sim=0.9773 rank=1 label='hepatitis C induced liver cirrhosis'"
"Chronic hepatitis C including cirrhosis","MONDO:0006644","embedding","sim=0.9586 rank=2 label='alcoholic liver cirrhosis'"
"Chronic hepatitis C including cirrhosis","MONDO:0007027","embedding","sim=0.9113 rank=9 label='metabolic dysfunction-associated steatohepatitis'"
"Chronic hepatitis C including cirrhosis","MONDO:0100370","embedding","sim=0.915 rank=7 label='acute hepatitis B virus infection'"
"Chronic kidney disease","EFO:0009714","embedding","sim=0.9211 rank=4 label='chronic disease'"
"Chronic kidney disease","EFO:0009909","embedding","sim=0.9279 rank=3 label='stage 5 chronic kidney disease'"
"Chronic kidney disease","EFO:0009910","embedding","sim=0.9482 rank=2 label='chronic lung disease'"
"Chronic kidney disease","MONDO:0000001","",""
"Chronic kidney disease","MONDO:0001106","embedding","sim=0.9017 rank=10 label='kidney failure'"
"Chronic kidney disease","MONDO:0001343","embedding","sim=0.9043 rank=9 label='impaired renal function disease'"
"Chronic kidney disease","MONDO:0001493","embedding","sim=0.9174 rank=5 label='chronic pulmonary heart disease'"
"Chronic kidney disease","MONDO:0002286","embedding","sim=0.9142 rank=6 label='renal artery disease'"
"Chronic kidney disease","MONDO:0002473","embedding","sim=0.9136 rank=7 label='cystic kidney disease'"
"Chronic kidney disease","MONDO:0005016","embedding","sim=0.9088 rank=8 label='diabetic kidney disease'"
"Chronic kidney disease","MONDO:0005300","embedding","sim=1 rank=1 label='chronic kidney disease'"
"Chronic kidney disease due to diabetes mellitus type 1","EFO:0004996","embedding","sim=0.9256 rank=6 label='type 1 diabetes nephropathy'"
"Chronic kidney disease due to diabetes mellitus type 1","EFO:0004997","embedding","sim=0.9143 rank=7 label='type 2 diabetes nephropathy'"
"Chronic kidney disease due to diabetes mellitus type 1","EFO:0009486","embedding","sim=0.8999 rank=9 label='diabetic eye disease'"
"Chronic kidney disease due to diabetes mellitus type 1","MONDO:0000001","",""
"Chronic kidney disease due to diabetes mellitus type 1","MONDO:0001660","embedding","sim=0.8973 rank=10 label='proliferative diabetic retinopathy'"
"Chronic kidney disease due to diabetes mellitus type 1","MONDO:0005015","",""
"Chronic kidney disease due to diabetes mellitus type 1","MONDO:0005016","embedding","sim=0.9106 rank=8 label='diabetic kidney disease'"
"Chronic kidney disease due to diabetes mellitus type 1","MONDO:0005147","embedding","sim=0.9522 rank=1 label='type 1 diabetes mellitus'"
"Chronic kidney disease due to diabetes mellitus type 1","MONDO:0005148","embedding","sim=0.9359 rank=4 label='type 2 diabetes mellitus'"
"Chronic kidney disease due to diabetes mellitus type 1","MONDO:0005300","",""
"Chronic kidney disease due to diabetes mellitus type 1","MONDO:0005408","embedding","sim=0.9333 rank=5 label='diabetes mellitus type 2 associated cataract'"
"Chronic kidney disease due to diabetes mellitus type 1","OBA:2001012","embedding","sim=0.9491 rank=2 label='age of onset of type 1 diabetes mellitus'"
"Chronic kidney disease due to diabetes mellitus type 1","OBA:2001013","embedding","sim=0.9465 rank=3 label='age of onset of type 2 diabetes mellitus'"
"Chronic kidney disease due to diabetes mellitus type 2","EFO:0004996","embedding","sim=0.9225 rank=7 label='type 1 diabetes nephropathy'"
"Chronic kidney disease due to diabetes mellitus type 2","EFO:0004997","embedding","sim=0.9226 rank=6 label='type 2 diabetes nephropathy'"
"Chronic kidney disease due to diabetes mellitus type 2","EFO:0009486","embedding","sim=0.9046 rank=9 label='diabetic eye disease'"
"Chronic kidney disease due to diabetes mellitus type 2","MONDO:0000001","",""
"Chronic kidney disease due to diabetes mellitus type 2","MONDO:0001660","embedding","sim=0.8996 rank=10 label='proliferative diabetic retinopathy'"
"Chronic kidney disease due to diabetes mellitus type 2","MONDO:0005015","",""
"Chronic kidney disease due to diabetes mellitus type 2","MONDO:0005016","embedding","sim=0.9148 rank=8 label='diabetic kidney disease'"
"Chronic kidney disease due to diabetes mellitus type 2","MONDO:0005147","embedding","sim=0.9492 rank=1 label='type 1 diabetes mellitus'"
"Chronic kidney disease due to diabetes mellitus type 2","MONDO:0005148","embedding","sim=0.9459 rank=3 label='type 2 diabetes mellitus'"
"Chronic kidney disease due to diabetes mellitus type 2","MONDO:0005300","",""
"Chronic kidney disease due to diabetes mellitus type 2","MONDO:0005408","embedding","sim=0.942 rank=4 label='diabetes mellitus type 2 associated cataract'"
"Chronic kidney disease due to diabetes mellitus type 2","OBA:2001012","embedding","sim=0.9413 rank=5 label='age of onset of type 1 diabetes mellitus'"
"Chronic kidney disease due to diabetes mellitus type 2","OBA:2001013","embedding","sim=0.9477 rank=2 label='age of onset of type 2 diabetes mellitus'"
"Chronic kidney disease due to glomerulonephritis","EFO:0004997","embedding","sim=0.9087 rank=9 label='type 2 diabetes nephropathy'"
"Chronic kidney disease due to glomerulonephritis","HP:0004729","embedding","sim=0.9084 rank=10 label='Acute tubulointerstitial nephritis'"
"Chronic kidney disease due to glomerulonephritis","HP:0004743","embedding","sim=0.9135 rank=8 label='Chronic tubulointerstitial nephritis'"
"Chronic kidney disease due to glomerulonephritis","MONDO:0000001","",""
"Chronic kidney disease due to glomerulonephritis","MONDO:0001085","embedding","sim=0.9158 rank=7 label='interstitial nephritis'"
"Chronic kidney disease due to glomerulonephritis","MONDO:0001166","",""
"Chronic kidney disease due to glomerulonephritis","MONDO:0002461","embedding","sim=0.9492 rank=5 label='membranoproliferative glomerulonephritis'"
"Chronic kidney disease due to glomerulonephritis","MONDO:0002462","embedding","sim=0.9581 rank=3 label='glomerulonephritis'"
"Chronic kidney disease due to glomerulonephritis","MONDO:0003134","embedding","sim=0.9614 rank=1 label='proliferative glomerulonephritis'"
"Chronic kidney disease due to glomerulonephritis","MONDO:0005300","",""
"Chronic kidney disease due to glomerulonephritis","MONDO:0005342","embedding","sim=0.9596 rank=2 label='IgA glomerulonephritis'"
"Chronic kidney disease due to glomerulonephritis","MONDO:0005376","embedding","sim=0.9555 rank=4 label='membranous glomerulonephritis'"
"Chronic kidney disease due to glomerulonephritis","MONDO:0100313","embedding","sim=0.9318 rank=6 label='focal segmental glomerulosclerosis'"
"Chronic kidney disease due to hypertension","EFO:0010675","embedding","sim=0.9445 rank=7 label='chronic venous hypertension'"
"Chronic kidney disease due to hypertension","EFO:1002006","embedding","sim=0.9452 rank=5 label='treatment-resistant hypertension'"
"Chronic kidney disease due to hypertension","MONDO:0000001","",""
"Chronic kidney disease due to hypertension","MONDO:0001134","embedding","sim=0.9537 rank=2 label='essential hypertension'"
"Chronic kidney disease due to hypertension","MONDO:0001200","embedding","sim=0.9565 rank=1 label='secondary hypertension'"
"Chronic kidney disease due to hypertension","MONDO:0005080","embedding","sim=0.9441 rank=8 label='portal hypertension'"
"Chronic kidney disease due to hypertension","MONDO:0005149","embedding","sim=0.9516 rank=3 label='pulmonary hypertension'"
"Chronic kidney disease due to hypertension","MONDO:0005300","",""
"Chronic kidney disease due to hypertension","MONDO:0005430","embedding","sim=0.9447 rank=6 label='early onset hypertension'"
"Chronic kidney disease due to hypertension","MONDO:0005585","embedding","sim=0.944 rank=9 label='chemotherapy-induced hypertension'"
"Chronic kidney disease due to hypertension","MONDO:0006875","embedding","sim=0.9455 rank=4 label='ocular hypertension'"
"Chronic kidney disease due to hypertension","MONDO:0024664","embedding","sim=0.9429 rank=10 label='hypertension, pregnancy-induced'"
"Chronic kidney disease due to other and unspecified causes","EFO:0008584","embedding","sim=0.8881 rank=4 label='Subsequent ST elevation (STEMI) and non-ST elevation (NSTEMI) myocardial infarction'"
"Chronic kidney disease due to other and unspecified causes","EFO:0009788","embedding","sim=0.8923 rank=1 label='encounter with health service related to socioeconomic and psychosocial circumstances'"
"Chronic kidney disease due to other and unspecified causes","MONDO:0000001","",""
"Chronic kidney disease due to other and unspecified causes","MONDO:0005300","",""
"Chronic kidney disease due to other and unspecified causes","MONDO:0006322","embedding","sim=0.8839 rank=10 label='non-neoplastic bile duct disorder'"
"Chronic kidney disease due to other and unspecified causes","MONDO:0013209","embedding","sim=0.8844 rank=8 label='metabolic dysfunction-associated steatotic liver disease'"
"Chronic kidney disease due to other and unspecified causes","MONDO:0016046","embedding","sim=0.8894 rank=2 label='familial clubfoot with or without associated lower limb anomalies'"
"Chronic kidney disease due to other and unspecified causes","MONDO:0024477","embedding","sim=0.8861 rank=5 label='liver and intrahepatic bile duct neoplasm'"
"Chronic kidney disease due to other and unspecified causes","OBA:2044840","embedding","sim=0.8855 rank=6 label='level of uncharacterized protein KIAA2013 in blood serum'"
"Chronic kidney disease due to other and unspecified causes","OBA:2044844","embedding","sim=0.8883 rank=3 label='level of uncharacterized protein FAM241A in blood serum'"
"Chronic kidney disease due to other and unspecified causes","OBA:2044853","embedding","sim=0.8844 rank=9 label='level of uncharacterized protein KIAA1143 in blood serum'"
"Chronic kidney disease due to other and unspecified causes","OBA:2044903","embedding","sim=0.8855 rank=7 label='level of uncharacterized protein KIAA0040 (human) in blood serum'"
"Chronic lymphoid leukemia","MONDO:0000870","embedding","sim=0.961 rank=7 label='childhood acute lymphoblastic leukemia'"
"Chronic lymphoid leukemia","MONDO:0000871","embedding","sim=0.9495 rank=10 label='T-cell childhood acute lymphocytic leukemia'"
"Chronic lymphoid leukemia","MONDO:0004600","embedding","sim=0.966 rank=5 label='monocytic leukemia'"
"Chronic lymphoid leukemia","MONDO:0004643","embedding","sim=0.9634 rank=6 label='myeloid leukemia'"
"Chronic lymphoid leukemia","MONDO:0004947","embedding","sim=0.9508 rank=9 label='B-cell acute lymphoblastic leukemia'"
"Chronic lymphoid leukemia","MONDO:0004948","embedding","sim=0.9516 rank=8 label='B-cell chronic lymphocytic leukemia'"
"Chronic lymphoid leukemia","MONDO:0004967","embedding","sim=0.9773 rank=2 label='acute lymphoblastic leukemia'"
"Chronic lymphoid leukemia","MONDO:0005059","",""
"Chronic lymphoid leukemia","MONDO:0005402","embedding","sim=0.9863 rank=1 label='lymphoid leukemia'"
"Chronic lymphoid leukemia","MONDO:0011996","embedding","sim=0.9731 rank=3 label='chronic myeloid leukemia'"
"Chronic lymphoid leukemia","MONDO:0018874","embedding","sim=0.969 rank=4 label='acute myeloid leukemia'"
"Chronic myeloid leukemia","MONDO:0000870","embedding","sim=0.9369 rank=7 label='childhood acute lymphoblastic leukemia'"
"Chronic myeloid leukemia","MONDO:0000871","embedding","sim=0.9203 rank=10 label='T-cell childhood acute lymphocytic leukemia'"
"Chronic myeloid leukemia","MONDO:0004600","embedding","sim=0.9607 rank=5 label='monocytic leukemia'"
"Chronic myeloid leukemia","MONDO:0004643","embedding","sim=0.9864 rank=3 label='myeloid leukemia'"
"Chronic myeloid leukemia","MONDO:0004947","embedding","sim=0.9288 rank=8 label='B-cell acute lymphoblastic leukemia'"
"Chronic myeloid leukemia","MONDO:0004948","embedding","sim=0.9261 rank=9 label='B-cell chronic lymphocytic leukemia'"
"Chronic myeloid leukemia","MONDO:0004967","embedding","sim=0.9564 rank=6 label='acute lymphoblastic leukemia'"
"Chronic myeloid leukemia","MONDO:0005059","",""
"Chronic myeloid leukemia","MONDO:0005402","embedding","sim=0.961 rank=4 label='lymphoid leukemia'"
"Chronic myeloid leukemia","MONDO:0011996","embedding","sim=1 rank=1 label='chronic myeloid leukemia'"
"Chronic myeloid leukemia","MONDO:0018874","embedding","sim=0.9916 rank=2 label='acute myeloid leukemia'"
"Chronic obstructive pulmonary disease","EFO:0009759","embedding","sim=0.9419 rank=3 label='Chronic Obstructive Asthma'"
"Chronic obstructive pulmonary disease","EFO:0009797","embedding","sim=0.8811 rank=8 label='lung disease associated with cystic fibrosis'"
"Chronic obstructive pulmonary disease","EFO:0009910","embedding","sim=0.8768 rank=10 label='chronic lung disease'"
"Chronic obstructive pulmonary disease","EFO:1001483","embedding","sim=0.9049 rank=5 label='non-obstructive coronary artery disease'"
"Chronic obstructive pulmonary disease","MONDO:0000001","",""
"Chronic obstructive pulmonary disease","MONDO:0001493","embedding","sim=0.8882 rank=6 label='chronic pulmonary heart disease'"
"Chronic obstructive pulmonary disease","MONDO:0005002","embedding","sim=1 rank=1 label='chronic obstructive pulmonary disease'"
"Chronic obstructive pulmonary disease","MONDO:0005009","embedding","sim=0.8787 rank=9 label='congestive heart failure'"
"Chronic obstructive pulmonary disease","MONDO:0007147","embedding","sim=0.9081 rank=4 label='obstructive sleep apnea syndrome'"
"Chronic obstructive pulmonary disease","MONDO:0015925","embedding","sim=0.8831 rank=7 label='interstitial lung disease'"
"Chronic obstructive pulmonary disease","OBA:2055786","embedding","sim=0.9438 rank=2 label='age of onset of chronic obstructive pulmonary disease'"
"Cirrhosis and other chronic liver diseases","EFO:0004267","embedding","sim=0.9515 rank=4 label='biliary liver cirrhosis'"
"Cirrhosis and other chronic liver diseases","EFO:0009797","embedding","sim=0.9169 rank=6 label='lung disease associated with cystic fibrosis'"
"Cirrhosis and other chronic liver diseases","EFO:0801077","embedding","sim=0.9083 rank=9 label='cystic fibrosis-related diabetes'"
"Cirrhosis and other chronic liver diseases","HP:0001395","embedding","sim=0.9096 rank=8 label='Hepatic fibrosis'"
"Cirrhosis and other chronic liver diseases","MONDO:0000001","",""
"Cirrhosis and other chronic liver diseases","MONDO:0005155","embedding","sim=0.9564 rank=2 label='cirrhosis of liver'"
"Cirrhosis and other chronic liver diseases","MONDO:0005354","embedding","sim=0.9032 rank=10 label='chronic hepatitis C virus infection'"
"Cirrhosis and other chronic liver diseases","MONDO:0005448","embedding","sim=0.9555 rank=3 label='hepatitis C induced liver cirrhosis'"
"Cirrhosis and other chronic liver diseases","MONDO:0006644","embedding","sim=0.962 rank=1 label='alcoholic liver cirrhosis'"
"Cirrhosis and other chronic liver diseases","MONDO:0007027","embedding","sim=0.9123 rank=7 label='metabolic dysfunction-associated steatohepatitis'"
"Cirrhosis and other chronic liver diseases","MONDO:0013209","embedding","sim=0.9211 rank=5 label='metabolic dysfunction-associated steatotic liver disease'"
"Cirrhosis due to alcohol","EFO:0004267","embedding","sim=0.9369 rank=4 label='biliary liver cirrhosis'"
"Cirrhosis due to alcohol","EFO:0009797","embedding","sim=0.8987 rank=9 label='lung disease associated with cystic fibrosis'"
"Cirrhosis due to alcohol","EFO:0801077","embedding","sim=0.8927 rank=10 label='cystic fibrosis-related diabetes'"
"Cirrhosis due to alcohol","HP:0001395","embedding","sim=0.9008 rank=7 label='Hepatic fibrosis'"
"Cirrhosis due to alcohol","HP:0001397","embedding","sim=0.9046 rank=6 label='Hepatic steatosis'"
"Cirrhosis due to alcohol","MONDO:0005155","embedding","sim=0.9606 rank=1 label='cirrhosis of liver'"
"Cirrhosis due to alcohol","MONDO:0005448","embedding","sim=0.9393 rank=3 label='hepatitis C induced liver cirrhosis'"
"Cirrhosis due to alcohol","MONDO:0006644","embedding","sim=0.952 rank=2 label='alcoholic liver cirrhosis'"
"Cirrhosis due to alcohol","MONDO:0007027","embedding","sim=0.9006 rank=8 label='metabolic dysfunction-associated steatohepatitis'"
"Cirrhosis due to alcohol","MONDO:0013209","embedding","sim=0.9054 rank=5 label='metabolic dysfunction-associated steatotic liver disease'"
"Cirrhosis due to other causes","EFO:0004267","embedding","sim=0.9302 rank=2 label='biliary liver cirrhosis'"
"Cirrhosis due to other causes","EFO:0009797","embedding","sim=0.8906 rank=6 label='lung disease associated with cystic fibrosis'"
"Cirrhosis due to other causes","HP:0001395","embedding","sim=0.8873 rank=9 label='Hepatic fibrosis'"
"Cirrhosis due to other causes","HP:0001397","embedding","sim=0.8892 rank=7 label='Hepatic steatosis'"
"Cirrhosis due to other causes","MONDO:0005155","embedding","sim=0.9396 rank=1 label='cirrhosis of liver'"
"Cirrhosis due to other causes","MONDO:0005448","embedding","sim=0.9265 rank=4 label='hepatitis C induced liver cirrhosis'"
"Cirrhosis due to other causes","MONDO:0006644","embedding","sim=0.929 rank=3 label='alcoholic liver cirrhosis'"
"Cirrhosis due to other causes","MONDO:0007027","embedding","sim=0.8861 rank=10 label='metabolic dysfunction-associated steatohepatitis'"
"Cirrhosis due to other causes","MONDO:0013209","embedding","sim=0.8925 rank=5 label='metabolic dysfunction-associated steatotic liver disease'"
"Cirrhosis due to other causes","MONDO:0024477","embedding","sim=0.8874 rank=8 label='liver and intrahepatic bile duct neoplasm'"
"Coal workers pneumoconiosis","HP:0002108","embedding","sim=0.9165 rank=3 label='Spontaneous pneumothorax'"
"Coal workers pneumoconiosis","HP:0002110","embedding","sim=0.8866 rank=7 label='Bronchiectasis'"
"Coal workers pneumoconiosis","MONDO:0001437","embedding","sim=0.8887 rank=6 label='pulmonary alveolar proteinosis'"
"Coal workers pneumoconiosis","MONDO:0002076","embedding","sim=0.9119 rank=4 label='pneumothorax'"
"Coal workers pneumoconiosis","MONDO:0004822","embedding","sim=0.8866 rank=8 label='bronchiectasis'"
"Coal workers pneumoconiosis","MONDO:0005682","embedding","sim=0.9097 rank=5 label='bronchopneumonia'"
"Coal workers pneumoconiosis","MONDO:0006913","embedding","sim=0.884 rank=9 label='pneumococcal meningitis'"
"Coal workers pneumoconiosis","MONDO:0015926","embedding","sim=0.964 rank=1 label='pneumoconiosis'"
"Coal workers pneumoconiosis","MONDO:0016586","embedding","sim=0.8818 rank=10 label='systemic mastocytosis'"
"Coal workers pneumoconiosis","MONDO:0043905","embedding","sim=0.9181 rank=2 label='pneumonitis'"
"Cocaine use disorders","EFO:0005431","embedding","sim=0.9176 rank=9 label='illegal drug consumption'"
"Cocaine use disorders","EFO:0007585","embedding","sim=0.9163 rank=10 label='Cannabis use'"
"Cocaine use disorders","EFO:0007586","embedding","sim=0.9413 rank=4 label='Cannabis use initiation'"
"Cocaine use disorders","EFO:0007835","embedding","sim=0.9194 rank=8 label='alcohol dependence measurement'"
"Cocaine use disorders","EFO:0008457","embedding","sim=0.9196 rank=7 label='cannabis dependence measurement'"
"Cocaine use disorders","EFO:0009458","embedding","sim=0.9452 rank=3 label='alcohol use disorder measurement'"
"Cocaine use disorders","EFO:0010445","embedding","sim=0.9805 rank=1 label='cocaine use disorder'"
"Cocaine use disorders","EFO:0010553","embedding","sim=0.9512 rank=2 label='cocaine use measurement'"
"Cocaine use disorders","EFO:0803368","embedding","sim=0.9239 rank=5 label='internet addiction disorder'"
"Cocaine use disorders","MONDO:0021698","embedding","sim=0.9212 rank=6 label='alcohol-related disorders'"
"Colon and rectum cancer","EFO:1001480","embedding","sim=0.9259 rank=3 label='metastatic colorectal cancer'"
"Colon and rectum cancer","MONDO:0000956","embedding","sim=0.916 rank=10 label='small intestine cancer'"
"Colon and rectum cancer","MONDO:0002032","embedding","sim=0.9374 rank=2 label='colon carcinoma'"
"Colon and rectum cancer","MONDO:0002033","embedding","sim=0.9239 rank=6 label='cecum cancer'"
"Colon and rectum cancer","MONDO:0002238","embedding","sim=0.9228 rank=8 label='ascending colon cancer'"
"Colon and rectum cancer","MONDO:0004992","",""
"Colon and rectum cancer","MONDO:0005519","embedding","sim=0.9214 rank=9 label='renal pelvis carcinoma'"
"Colon and rectum cancer","MONDO:0005522","embedding","sim=0.9242 rank=5 label='small intestine carcinoma'"
"Colon and rectum cancer","MONDO:0005575","embedding","sim=0.9234 rank=7 label='colorectal cancer'"
"Colon and rectum cancer","MONDO:0006519","embedding","sim=0.9437 rank=1 label='rectal cancer'"
"Colon and rectum cancer","MONDO:0024331","embedding","sim=0.9246 rank=4 label='colorectal carcinoma'"
"Conduct disorder","HP:0012075","embedding","sim=0.9147 rank=10 label='Personality disorder'"
"Conduct disorder","MONDO:0002025","embedding","sim=0.9298 rank=4 label='psychiatric disorder'"
"Conduct disorder","MONDO:0002039","embedding","sim=0.9261 rank=7 label='cognitive disorder'"
"Conduct disorder","MONDO:0003265","embedding","sim=0.9312 rank=3 label='adjustment disorder'"
"Conduct disorder","MONDO:0005084","embedding","sim=0.9234 rank=8 label='mental disorder'"
"Conduct disorder","MONDO:0005352","embedding","sim=1 rank=1 label='conduct disorder'"
"Conduct disorder","MONDO:0005371","embedding","sim=0.9313 rank=2 label='mood disorder'"
"Conduct disorder","MONDO:0005383","embedding","sim=0.9264 rank=6 label='panic disorder'"
"Conduct disorder","MONDO:0005618","embedding","sim=0.9265 rank=5 label='anxiety disorder'"
"Conduct disorder","MONDO:0100081","embedding","sim=0.9181 rank=9 label='sleep disorder'"
"Congenital birth defects","EFO:0022941","embedding","sim=0.9385 rank=1 label='congenital respiratory system disorder'"
"Congenital birth defects","EFO:0600032","embedding","sim=0.9185 rank=6 label='congenital right-sided heart lesions'"
"Congenital birth defects","HP:0001374","embedding","sim=0.9115 rank=9 label='Congenital hip dislocation'"
"Congenital birth defects","MONDO:0002320","embedding","sim=0.9361 rank=3 label='congenital nervous system disorder'"
"Congenital birth defects","MONDO:0005453","embedding","sim=0.9362 rank=2 label='congenital heart disease'"
"Congenital birth defects","MONDO:0005584","embedding","sim=0.9173 rank=7 label='congenital left-sided heart lesions'"
"Congenital birth defects","MONDO:0017427","embedding","sim=0.9155 rank=8 label='congenital deformities of limbs'"
"Congenital birth defects","MONDO:0019054","embedding","sim=0.9257 rank=4 label='congenital limb malformation'"
"Congenital birth defects","MONDO:0019512","embedding","sim=0.9217 rank=5 label='congenital heart malformation'"
"Congenital birth defects","MONDO:0024239","embedding","sim=0.9061 rank=10 label='congenital anomaly of cardiovascular system'"
"Congenital heart anomalies","EFO:0022941","embedding","sim=0.9369 rank=8 label='congenital respiratory system disorder'"
"Congenital heart anomalies","EFO:0600032","embedding","sim=0.9431 rank=7 label='congenital right-sided heart lesions'"
"Congenital heart anomalies","MONDO:0002320","embedding","sim=0.935 rank=9 label='congenital nervous system disorder'"
"Congenital heart anomalies","MONDO:0005453","embedding","sim=0.9473 rank=4 label='congenital heart disease'"
"Congenital heart anomalies","MONDO:0005584","embedding","sim=0.945 rank=6 label='congenital left-sided heart lesions'"
"Congenital heart anomalies","MONDO:0016581","embedding","sim=0.9283 rank=10 label='conotruncal heart malformations'"
"Congenital heart anomalies","MONDO:0019054","embedding","sim=0.9484 rank=3 label='congenital limb malformation'"
"Congenital heart anomalies","MONDO:0019512","embedding","sim=0.9607 rank=1 label='congenital heart malformation'"
"Congenital heart anomalies","MONDO:0020292","embedding","sim=0.947 rank=5 label='congenital anomaly of the great arteries'"
"Congenital heart anomalies","MONDO:0024239","embedding","sim=0.9545 rank=2 label='congenital anomaly of cardiovascular system'"
"Congenital musculoskeletal and limb anomalies","EFO:0022195","embedding","sim=0.9094 rank=9 label='chronic musculoskeletal pain'"
"Congenital musculoskeletal and limb anomalies","HP:0033127","embedding","sim=0.9499 rank=1 label='Abnormality of the musculoskeletal system'"
"Congenital musculoskeletal and limb anomalies","HP:0040064","",""
"Congenital musculoskeletal and limb anomalies","MONDO:0000589","embedding","sim=0.9393 rank=2 label='autoimmune disorder of musculoskeletal system'"
"Congenital musculoskeletal and limb anomalies","MONDO:0002081","embedding","sim=0.937 rank=3 label='musculoskeletal system disorder'"
"Congenital musculoskeletal and limb anomalies","MONDO:0016046","embedding","sim=0.9226 rank=4 label='familial clubfoot with or without associated lower limb anomalies'"
"Congenital musculoskeletal and limb anomalies","MONDO:0017427","embedding","sim=0.9196 rank=5 label='congenital deformities of limbs'"
"Congenital musculoskeletal and limb anomalies","MONDO:0019054","embedding","sim=0.9146 rank=7 label='congenital limb malformation'"
"Congenital musculoskeletal and limb anomalies","MONDO:0019719","embedding","sim=0.913 rank=8 label='congenital anomaly of kidney and urinary tract'"
"Congenital musculoskeletal and limb anomalies","MONDO:0024239","embedding","sim=0.9058 rank=10 label='congenital anomaly of cardiovascular system'"
"Congenital musculoskeletal and limb anomalies","OBA:2042464","embedding","sim=0.9147 rank=6 label='level of musculoskeletal embryonic nuclear protein 1 in blood serum'"
"Contact dermatitis","HP:0000964","embedding","sim=0.9154 rank=8 label='Eczematoid dermatitis'"
"Contact dermatitis","MONDO:0002138","embedding","sim=0.9261 rank=5 label='allergic contact dermatitis of eyelid'"
"Contact dermatitis","MONDO:0002406","embedding","sim=0.9626 rank=2 label='dermatitis'"
"Contact dermatitis","MONDO:0004980","",""
"Contact dermatitis","MONDO:0005480","embedding","sim=1 rank=1 label='contact dermatitis'"
"Contact dermatitis","MONDO:0005481","embedding","sim=0.9424 rank=4 label='contact dermatitis due to nickel'"
"Contact dermatitis","MONDO:0006525","embedding","sim=0.959 rank=3 label='allergic contact dermatitis'"
"Contact dermatitis","MONDO:0006555","embedding","sim=0.9134 rank=10 label='granulomatous dermatitis'"
"Contact dermatitis","MONDO:0006598","embedding","sim=0.9148 rank=9 label='phototoxic dermatitis'"
"Contact dermatitis","MONDO:0008054","embedding","sim=0.9241 rank=7 label='juvenile dermatomyositis'"
"Contact dermatitis","MONDO:0016367","embedding","sim=0.9256 rank=6 label='dermatomyositis'"
"Crohn's disease","EFO:0009268","embedding","sim=0.8765 rank=7 label='family history of Alzheimer’s disease'"
"Crohn's disease","HP:0030035","embedding","sim=0.8783 rank=5 label='Struvite nephrolithiasis'"
"Crohn's disease","MONDO:0000001","",""
"Crohn's disease","MONDO:0001085","embedding","sim=0.8737 rank=10 label='interstitial nephritis'"
"Crohn's disease","MONDO:0002473","embedding","sim=0.874 rank=9 label='cystic kidney disease'"
"Crohn's disease","MONDO:0004247","embedding","sim=0.8749 rank=8 label='peptic ulcer disease'"
"Crohn's disease","MONDO:0005011","embedding","sim=0.9524 rank=1 label='Crohn disease'"
"Crohn's disease","MONDO:0005019","embedding","sim=0.887 rank=3 label='diffuse scleroderma'"
"Crohn's disease","MONDO:0005537","embedding","sim=0.9333 rank=2 label='perianal Crohn disease'"
"Crohn's disease","MONDO:0008171","embedding","sim=0.8787 rank=4 label='nephrolithiasis'"
"Crohn's disease","MONDO:0019125","embedding","sim=0.8774 rank=6 label='relapsing polychondritis'"
"Cutaneous and mucocutaneous leishmaniasis","EFO:0009087","embedding","sim=0.9073 rank=5 label='non-typhoidal Salmonella bacteremia'"
"Cutaneous and mucocutaneous leishmaniasis","MONDO:0004844","embedding","sim=0.9081 rank=4 label='oral mucosa leukoplakia'"
"Cutaneous and mucocutaneous leishmaniasis","MONDO:0005445","embedding","sim=0.9351 rank=1 label='visceral leishmaniasis'"
"Cutaneous and mucocutaneous leishmaniasis","MONDO:0005446","embedding","sim=0.9246 rank=2 label='cutaneous leishmaniasis'"
"Cutaneous and mucocutaneous leishmaniasis","MONDO:0005588","embedding","sim=0.9105 rank=3 label='chemotherapy-induced oral mucositis'"
"Cutaneous and mucocutaneous leishmaniasis","MONDO:0006014","embedding","sim=0.9029 rank=9 label='vulvovaginal candidiasis'"
"Cutaneous and mucocutaneous leishmaniasis","MONDO:0006546","embedding","sim=0.9031 rank=8 label='erythematosquamous dermatosis'"
"Cutaneous and mucocutaneous leishmaniasis","MONDO:0006617","embedding","sim=0.9043 rank=7 label='vesiculobullous skin disease'"
"Cutaneous and mucocutaneous leishmaniasis","MONDO:0018469","embedding","sim=0.9067 rank=6 label='pulmonary non-tuberculous mycobacterial infection'"
"Cutaneous and mucocutaneous leishmaniasis","MONDO:0019023","embedding","sim=0.9024 rank=10 label='cutaneous mastocytosis'"
"Cystic echinococcosis","EFO:0009429","embedding","sim=0.8843 rank=9 label='Mycobacterium infection'"
"Cystic echinococcosis","HP:0030035","embedding","sim=0.884 rank=10 label='Struvite nephrolithiasis'"
"Cystic echinococcosis","MONDO:0002040","embedding","sim=0.8858 rank=8 label='dermatomycosis'"
"Cystic echinococcosis","MONDO:0005373","embedding","sim=0.8879 rank=6 label='meningococcal infection'"
"Cystic echinococcosis","MONDO:0005413","embedding","sim=0.8996 rank=2 label='cystic fibrosis associated meconium ileus'"
"Cystic echinococcosis","MONDO:0005631","embedding","sim=0.8888 rank=4 label='actinomycosis'"
"Cystic echinococcosis","MONDO:0005706","embedding","sim=0.8871 rank=7 label='coccidioidomycosis'"
"Cystic echinococcosis","MONDO:0005724","embedding","sim=0.9142 rank=1 label='cryptococcosis'"
"Cystic echinococcosis","MONDO:0018469","embedding","sim=0.8904 rank=3 label='pulmonary non-tuberculous mycobacterial infection'"
"Cystic echinococcosis","MONDO:0019023","embedding","sim=0.8885 rank=5 label='cutaneous mastocytosis'"
"Cysticercosis","EFO:1001017","embedding","sim=0.8957 rank=10 label='limited scleroderma'"
"Cysticercosis","HP:0001094","embedding","sim=0.9047 rank=3 label='Iridocyclitis'"
"Cysticercosis","HP:0025246","embedding","sim=0.8969 rank=7 label='Trichilemmal cyst'"
"Cysticercosis","MONDO:0000254","embedding","sim=0.9027 rank=4 label='cutaneous mycosis'"
"Cysticercosis","MONDO:0002040","embedding","sim=0.9154 rank=1 label='dermatomycosis'"
"Cysticercosis","MONDO:0005631","embedding","sim=0.905 rank=2 label='actinomycosis'"
"Cysticercosis","MONDO:0005706","embedding","sim=0.8957 rank=9 label='coccidioidomycosis'"
"Cysticercosis","MONDO:0005761","embedding","sim=0.8964 rank=8 label='filarial elephantiasis'"
"Cysticercosis","MONDO:0006030","embedding","sim=0.8977 rank=5 label='chronic cystitis'"
"Cysticercosis","MONDO:0019340","embedding","sim=0.8976 rank=6 label='scleroderma'"
"Decubitus ulcer","EFO:0007066","embedding","sim=0.8911 rank=4 label='chronic ulcer of skin'"
"Decubitus ulcer","EFO:0007067","embedding","sim=1 rank=1 label='decubitus ulcer'"
"Decubitus ulcer","EFO:0007068","embedding","sim=0.8915 rank=3 label='ulcer of lower limb'"
"Decubitus ulcer","EFO:0021494","embedding","sim=0.8789 rank=8 label='pallidum volume change measurement'"
"Decubitus ulcer","HP:0001537","embedding","sim=0.883 rank=7 label='Umbilical hernia'"
"Decubitus ulcer","MONDO:0000327","embedding","sim=0.9034 rank=2 label='Buruli ulcer disease'"
"Decubitus ulcer","MONDO:0001551","embedding","sim=0.8894 rank=6 label='ulceration of vulva'"
"Decubitus ulcer","MONDO:0003718","embedding","sim=0.8773 rank=9 label='occlusion precerebral artery'"
"Decubitus ulcer","MONDO:0005412","embedding","sim=0.8904 rank=5 label='duodenal ulcer'"
"Decubitus ulcer","MONDO:0006617","embedding","sim=0.8773 rank=10 label='vesiculobullous skin disease'"
"Dengue","EFO:0803679","",""
"Dengue","MONDO:0000989","embedding","sim=0.8699 rank=6 label='mumps infectious disease'"
"Dengue","MONDO:0004652","embedding","sim=0.8628 rank=10 label='bacterial pneumonia'"
"Dengue","MONDO:0005108","embedding","sim=0.8725 rank=5 label='viral infectious disease'"
"Dengue","MONDO:0005113","embedding","sim=0.8637 rank=9 label='bacterial infectious disease'"
"Dengue","MONDO:0005358","",""
"Dengue","MONDO:0005550","embedding","sim=0.876 rank=4 label='infectious disease'"
"Dengue","MONDO:0005700","embedding","sim=0.8795 rank=3 label='chickenpox'"
"Dengue","MONDO:0005812","embedding","sim=0.8965 rank=1 label='influenza'"
"Dengue","MONDO:0005952","embedding","sim=0.8666 rank=8 label='scarlet fever'"
"Dengue","MONDO:0006012","embedding","sim=0.8905 rank=2 label='viral pneumonia'"
"Dengue","MONDO:0020950","embedding","sim=0.8698 rank=7 label='viral eye infection'"
"Depressive disorders","EFO:0005940","embedding","sim=0.9047 rank=6 label='psychotic symptoms'"
"Depressive disorders","EFO:0007634","embedding","sim=0.9086 rank=5 label='major depressive episode'"
"Depressive disorders","EFO:0007704","embedding","sim=0.9021 rank=7 label='depressive episode measurement'"
"Depressive disorders","EFO:0020971","embedding","sim=0.8998 rank=10 label='internalizing disorder'"
"Depressive disorders","MONDO:0002009","embedding","sim=0.9373 rank=2 label='major depressive disorder'"
"Depressive disorders","MONDO:0002025","embedding","sim=0.919 rank=3 label='psychiatric disorder'"
"Depressive disorders","MONDO:0002050","embedding","sim=0.9718 rank=1 label='depressive disorder'"
"Depressive disorders","MONDO:0003265","embedding","sim=0.9018 rank=8 label='adjustment disorder'"
"Depressive disorders","MONDO:0005084","embedding","sim=0.8999 rank=9 label='mental disorder'"
"Depressive disorders","MONDO:0005371","embedding","sim=0.9108 rank=4 label='mood disorder'"
"Dermatitis","EFO:0011048","embedding","sim=0.9073 rank=6 label='dermatological toxicity'"
"Dermatitis","EFO:1000651","",""
"Dermatitis","HP:0000964","",""
"Dermatitis","MONDO:0001039","embedding","sim=0.9029 rank=8 label='tonsillitis'"
"Dermatitis","MONDO:0002138","",""
"Dermatitis","MONDO:0002406","embedding","sim=1 rank=1 label='dermatitis'"
"Dermatitis","MONDO:0004678","embedding","sim=0.9124 rank=5 label='dermatophytosis'"
"Dermatitis","MONDO:0005480","embedding","sim=0.9626 rank=2 label='contact dermatitis'"
"Dermatitis","MONDO:0005481","",""
"Dermatitis","MONDO:0006525","embedding","sim=0.9127 rank=4 label='allergic contact dermatitis'"
"Dermatitis","MONDO:0006555","",""
"Dermatitis","MONDO:0006598","",""
"Dermatitis","MONDO:0006608","",""
"Dermatitis","MONDO:0006771","embedding","sim=0.9026 rank=9 label='glossitis'"
"Dermatitis","MONDO:0006849","embedding","sim=0.9069 rank=7 label='mastitis'"
"Dermatitis","MONDO:0015614","embedding","sim=0.9026 rank=10 label='dermatitis herpetiformis'"
"Dermatitis","MONDO:0016367","embedding","sim=0.9248 rank=3 label='dermatomyositis'"
"Diabetes mellitus","EFO:0006842","embedding","sim=0.9118 rank=4 label='diabetes mellitus biomarker'"
"Diabetes mellitus","EFO:0009486","embedding","sim=0.8925 rank=6 label='diabetic eye disease'"
"Diabetes mellitus","EFO:1001459","embedding","sim=0.8797 rank=9 label='diabetic foot'"
"Diabetes mellitus","MONDO:0005015","embedding","sim=1 rank=1 label='diabetes mellitus'"
"Diabetes mellitus","MONDO:0005016","embedding","sim=0.8965 rank=5 label='diabetic kidney disease'"
"Diabetes mellitus","MONDO:0005147","embedding","sim=0.9487 rank=3 label='type 1 diabetes mellitus'"
"Diabetes mellitus","MONDO:0005148","embedding","sim=0.9585 rank=2 label='type 2 diabetes mellitus'"
"Diabetes mellitus","MONDO:0005408","embedding","sim=0.8924 rank=7 label='diabetes mellitus type 2 associated cataract'"
"Diabetes mellitus","OBA:2001012","embedding","sim=0.8791 rank=10 label='age of onset of type 1 diabetes mellitus'"
"Diabetes mellitus","OBA:2001013","embedding","sim=0.8859 rank=8 label='age of onset of type 2 diabetes mellitus'"
"Diabetes mellitus type 1","EFO:0004996","embedding","sim=0.8969 rank=8 label='type 1 diabetes nephropathy'"
"Diabetes mellitus type 1","EFO:0004997","embedding","sim=0.8888 rank=9 label='type 2 diabetes nephropathy'"
"Diabetes mellitus type 1","EFO:0006842","embedding","sim=0.916 rank=7 label='diabetes mellitus biomarker'"
"Diabetes mellitus type 1","MONDO:0005015","embedding","sim=0.9489 rank=3 label='diabetes mellitus'"
"Diabetes mellitus type 1","MONDO:0005016","embedding","sim=0.8875 rank=10 label='diabetic kidney disease'"
"Diabetes mellitus type 1","MONDO:0005147","embedding","sim=0.975 rank=1 label='type 1 diabetes mellitus'"
"Diabetes mellitus type 1","MONDO:0005148","embedding","sim=0.9635 rank=2 label='type 2 diabetes mellitus'"
"Diabetes mellitus type 1","MONDO:0005408","embedding","sim=0.9291 rank=6 label='diabetes mellitus type 2 associated cataract'"
"Diabetes mellitus type 1","OBA:2001012","embedding","sim=0.9357 rank=4 label='age of onset of type 1 diabetes mellitus'"
"Diabetes mellitus type 1","OBA:2001013","embedding","sim=0.9337 rank=5 label='age of onset of type 2 diabetes mellitus'"
"Diabetes mellitus type 2","EFO:0004997","embedding","sim=0.8949 rank=8 label='type 2 diabetes nephropathy'"
"Diabetes mellitus type 2","EFO:0006842","embedding","sim=0.9192 rank=7 label='diabetes mellitus biomarker'"
"Diabetes mellitus type 2","EFO:0009486","embedding","sim=0.8868 rank=10 label='diabetic eye disease'"
"Diabetes mellitus type 2","MONDO:0005015","embedding","sim=0.9571 rank=3 label='diabetes mellitus'"
"Diabetes mellitus type 2","MONDO:0005016","embedding","sim=0.8889 rank=9 label='diabetic kidney disease'"
"Diabetes mellitus type 2","MONDO:0005147","embedding","sim=0.9663 rank=2 label='type 1 diabetes mellitus'"
"Diabetes mellitus type 2","MONDO:0005148","embedding","sim=0.9737 rank=1 label='type 2 diabetes mellitus'"
"Diabetes mellitus type 2","MONDO:0005408","embedding","sim=0.9388 rank=4 label='diabetes mellitus type 2 associated cataract'"
"Diabetes mellitus type 2","OBA:2001012","embedding","sim=0.9204 rank=6 label='age of onset of type 1 diabetes mellitus'"
"Diabetes mellitus type 2","OBA:2001013","embedding","sim=0.9312 rank=5 label='age of onset of type 2 diabetes mellitus'"
"Diarrheal diseases","EFO:1001306","embedding","sim=0.9425 rank=2 label='Diarrhea, Infantile'"
"Diarrheal diseases","EFO:1001785","embedding","sim=0.8874 rank=5 label='diffuse esophageal spasm'"
"Diarrheal diseases","HP:0001082","embedding","sim=0.8865 rank=6 label='Cholecystitis'"
"Diarrheal diseases","HP:0002014","embedding","sim=0.9635 rank=1 label='Diarrhea'"
"Diarrheal diseases","HP:0100607","embedding","sim=0.8838 rank=10 label='Dysmenorrhea'"
"Diarrheal diseases","HP:0100829","embedding","sim=0.8863 rank=7 label='Galactorrhea'"
"Diarrheal diseases","MONDO:0000001","",""
"Diarrheal diseases","MONDO:0000916","embedding","sim=0.8894 rank=3 label='intestinal infectious disease'"
"Diarrheal diseases","MONDO:0005052","embedding","sim=0.8855 rank=8 label='irritable bowel syndrome'"
"Diarrheal diseases","MONDO:0006896","embedding","sim=0.8884 rank=4 label='peptic esophagitis'"
"Diarrheal diseases","MONDO:0043424","embedding","sim=0.8848 rank=9 label='digestive system infectious disorder'"
"Dietary iron deficiency","EFO:0008355","embedding","sim=0.9416 rank=1 label='dietary heme iron intake measurement'"
"Dietary iron deficiency","EFO:0008470","embedding","sim=0.9297 rank=6 label='dietary potassium intake measurement'"
"Dietary iron deficiency","EFO:0020077","embedding","sim=0.9313 rank=5 label='dietary vitamin A intake measurement'"
"Dietary iron deficiency","EFO:0020078","embedding","sim=0.9292 rank=7 label='dietary vitamin B1 intake measurement'"
"Dietary iron deficiency","EFO:0020079","embedding","sim=0.9289 rank=8 label='dietary vitamin B2 intake measurement'"
"Dietary iron deficiency","EFO:0020082","embedding","sim=0.9327 rank=4 label='dietary vitamin C intake measurement'"
"Dietary iron deficiency","EFO:0020083","embedding","sim=0.939 rank=2 label='dietary zinc intake measurement'"
"Dietary iron deficiency","EFO:0020084","embedding","sim=0.9267 rank=10 label='dietary vitamin B6 intake measurement'"
"Dietary iron deficiency","EFO:0020087","embedding","sim=0.927 rank=9 label='dietary ash intake measurement'"
"Dietary iron deficiency","EFO:0020089","embedding","sim=0.9348 rank=3 label='dietary vitamin E intake measurement'"
"Digestive congenital anomalies","EFO:0022941","embedding","sim=0.9311 rank=6 label='congenital respiratory system disorder'"
"Digestive congenital anomalies","MONDO:0002320","embedding","sim=0.9309 rank=7 label='congenital nervous system disorder'"
"Digestive congenital anomalies","MONDO:0016581","embedding","sim=0.9243 rank=9 label='conotruncal heart malformations'"
"Digestive congenital anomalies","MONDO:0017427","embedding","sim=0.9353 rank=5 label='congenital deformities of limbs'"
"Digestive congenital anomalies","MONDO:0019054","embedding","sim=0.9377 rank=4 label='congenital limb malformation'"
"Digestive congenital anomalies","MONDO:0019512","embedding","sim=0.9283 rank=8 label='congenital heart malformation'"
"Digestive congenital anomalies","MONDO:0019719","embedding","sim=0.9426 rank=2 label='congenital anomaly of kidney and urinary tract'"
"Digestive congenital anomalies","MONDO:0019938","embedding","sim=0.9198 rank=10 label='anorectal malformation'"
"Digestive congenital anomalies","MONDO:0020292","embedding","sim=0.9382 rank=3 label='congenital anomaly of the great arteries'"
"Digestive congenital anomalies","MONDO:0024239","embedding","sim=0.9461 rank=1 label='congenital anomaly of cardiovascular system'"
"Diphtheria","EFO:0010549","embedding","sim=0.8495 rank=7 label='xanthosine measurement'"
"Diphtheria","HP:0031364","embedding","sim=0.8503 rank=5 label='Ecchymosis'"
"Diphtheria","MONDO:0004625","embedding","sim=0.8474 rank=10 label='phlebitis'"
"Diphtheria","MONDO:0004664","embedding","sim=0.8631 rank=2 label='helminthiasis'"
"Diphtheria","MONDO:0005504","embedding","sim=1 rank=1 label='diphtheria'"
"Diphtheria","MONDO:0005644","embedding","sim=0.8498 rank=6 label='amebiasis'"
"Diphtheria","MONDO:0005746","embedding","sim=0.8568 rank=3 label='enterobiasis'"
"Diphtheria","MONDO:0006547","embedding","sim=0.8483 rank=9 label='exanthem'"
"Diphtheria","MONDO:0006592","embedding","sim=0.8526 rank=4 label='parapsoriasis'"
"Diphtheria","MONDO:0006601","embedding","sim=0.8486 rank=8 label='pityriasis rosea'"
"Down syndrome","EFO:0000195","embedding","sim=0.9054 rank=10 label='metabolic syndrome'"
"Down syndrome","EFO:0022028","",""
"Down syndrome","MONDO:0001176","embedding","sim=0.9107 rank=4 label='lens disorder'"
"Down syndrome","MONDO:0002436","embedding","sim=0.91 rank=5 label='nasal disorder'"
"Down syndrome","MONDO:0002884","embedding","sim=0.9065 rank=9 label='nail disorder'"
"Down syndrome","MONDO:0004001","embedding","sim=0.9458 rank=1 label='compartment syndrome'"
"Down syndrome","MONDO:0004298","embedding","sim=0.9082 rank=8 label='stomach disorder'"
"Down syndrome","MONDO:0005098","embedding","sim=0.9088 rank=7 label='stroke disorder'"
"Down syndrome","MONDO:0006858","embedding","sim=0.912 rank=2 label='mouth disorder'"
"Down syndrome","MONDO:0021146","embedding","sim=0.9094 rank=6 label='headache disorder'"
"Down syndrome","MONDO:0024654","embedding","sim=0.9115 rank=3 label='skull disorder'"
"Drug use disorders","EFO:0005431","embedding","sim=0.9274 rank=4 label='illegal drug consumption'"
"Drug use disorders","EFO:0007010","embedding","sim=0.942 rank=1 label='drug use measurement'"
"Drug use disorders","EFO:0007585","embedding","sim=0.9224 rank=6 label='Cannabis use'"
"Drug use disorders","EFO:0007586","embedding","sim=0.9202 rank=8 label='Cannabis use initiation'"
"Drug use disorders","EFO:0009458","embedding","sim=0.9203 rank=7 label='alcohol use disorder measurement'"
"Drug use disorders","EFO:0009924","embedding","sim=0.9103 rank=10 label='Drugs used in diabetes use measurement'"
"Drug use disorders","EFO:0010445","embedding","sim=0.9336 rank=2 label='cocaine use disorder'"
"Drug use disorders","EFO:0011049","embedding","sim=0.9289 rank=3 label='drug misuse'"
"Drug use disorders","MONDO:0002491","embedding","sim=0.9125 rank=9 label='substance abuse'"
"Drug use disorders","MONDO:0021698","embedding","sim=0.9239 rank=5 label='alcohol-related disorders'"
"Drug-susceptible tuberculosis","EFO:0007743","embedding","sim=0.8939 rank=3 label='influenza A severity measurement'"
"Drug-susceptible tuberculosis","EFO:0007744","embedding","sim=0.8968 rank=1 label='lung disease severity measurement'"
"Drug-susceptible tuberculosis","EFO:0007918","embedding","sim=0.8922 rank=4 label='response to anti-tuberculosis drug'"
"Drug-susceptible tuberculosis","EFO:0010966","embedding","sim=0.8833 rank=9 label='pneumonia severity measurement'"
"Drug-susceptible tuberculosis","EFO:0020001","embedding","sim=0.8947 rank=2 label='drug resistance'"
"Drug-susceptible tuberculosis","EFO:0803635","",""
"Drug-susceptible tuberculosis","EFO:1002006","embedding","sim=0.8877 rank=5 label='treatment-resistant hypertension'"
"Drug-susceptible tuberculosis","MONDO:0000368","",""
"Drug-susceptible tuberculosis","MONDO:0000989","embedding","sim=0.8832 rank=10 label='mumps infectious disease'"
"Drug-susceptible tuberculosis","MONDO:0005113","embedding","sim=0.8835 rank=8 label='bacterial infectious disease'"
"Drug-susceptible tuberculosis","MONDO:0005766","embedding","sim=0.8859 rank=7 label='fungal lung infectious disease'"
"Drug-susceptible tuberculosis","MONDO:0006052","embedding","sim=0.8862 rank=6 label='pulmonary tuberculosis'"
"Drug-susceptible tuberculosis","MONDO:0018076","",""
"Dysthymia","EFO:0003901","embedding","sim=0.9302 rank=2 label='dysuria'"
"Dysthymia","EFO:0008501","embedding","sim=0.9234 rank=4 label='dysplasia'"
"Dysthymia","HP:0001310","embedding","sim=0.9296 rank=3 label='Dysmetria'"
"Dysthymia","HP:0001332","embedding","sim=0.9144 rank=6 label='Dystonia'"
"Dysthymia","HP:0030016","embedding","sim=0.9186 rank=5 label='Dyspareunia'"
"Dysthymia","MONDO:0001442","embedding","sim=0.9658 rank=1 label='dysthymic disorder'"
"Dysthymia","MONDO:0001517","embedding","sim=0.9007 rank=10 label='dysentery'"
"Dysthymia","MONDO:0002268","embedding","sim=0.9116 rank=7 label='dyspepsia'"
"Dysthymia","MONDO:0006540","embedding","sim=0.9079 rank=8 label='dyshidrosis'"
"Dysthymia","MONDO:0020121","embedding","sim=0.9055 rank=9 label='muscular dystrophy'"
"Eating disorders","EFO:0007829","embedding","sim=0.925 rank=9 label='eating behaviour'"
"Eating disorders","MONDO:0002025","embedding","sim=0.9246 rank=10 label='psychiatric disorder'"
"Eating disorders","MONDO:0002039","embedding","sim=0.9277 rank=8 label='cognitive disorder'"
"Eating disorders","MONDO:0004730","embedding","sim=0.9302 rank=6 label='speech disorder'"
"Eating disorders","MONDO:0005084","embedding","sim=0.9308 rank=4 label='mental disorder'"
"Eating disorders","MONDO:0005371","embedding","sim=0.931 rank=3 label='mood disorder'"
"Eating disorders","MONDO:0005383","embedding","sim=0.9296 rank=7 label='panic disorder'"
"Eating disorders","MONDO:0005451","embedding","sim=0.9624 rank=1 label='eating disorder'"
"Eating disorders","MONDO:0005618","embedding","sim=0.9306 rank=5 label='anxiety disorder'"
"Eating disorders","MONDO:0100081","embedding","sim=0.9335 rank=2 label='sleep disorder'"
"Ebola","EFO:1000714","embedding","sim=0.8762 rank=1 label='impetigo'"
"Ebola","HP:0002248","embedding","sim=0.8705 rank=3 label='Hematemesis'"
"Ebola","MONDO:0000989","embedding","sim=0.8674 rank=5 label='mumps infectious disease'"
"Ebola","MONDO:0001639","embedding","sim=0.8646 rank=9 label='deficiency anemia'"
"Ebola","MONDO:0002181","embedding","sim=0.8655 rank=8 label='exostosis'"
"Ebola","MONDO:0002443","embedding","sim=0.8675 rank=4 label='bruxism'"
"Ebola","MONDO:0005385","embedding","sim=0.8634 rank=10 label='vascular disorder'"
"Ebola","MONDO:0006042","embedding","sim=0.8669 rank=6 label='meningeal tuberculosis'"
"Ebola","MONDO:0006672","embedding","sim=0.8661 rank=7 label='balanitis'"
"Ebola","MONDO:0043885","embedding","sim=0.8706 rank=2 label='eye infectious disorder'"
"Ectopic pregnancy","EFO:0002950","",""
"Ectopic pregnancy","EFO:0007964","embedding","sim=0.8765 rank=8 label='gestational serum measurement'"
"Ectopic pregnancy","EFO:0008435","embedding","sim=0.8807 rank=7 label='gestational weight gain measurement'"
"Ectopic pregnancy","EFO:0009573","embedding","sim=0.8746 rank=10 label='high-risk pregnancy'"
"Ectopic pregnancy","EFO:0009576","embedding","sim=0.8858 rank=5 label='multiple gestation'"
"Ectopic pregnancy","EFO:1001864","embedding","sim=0.8878 rank=4 label='uterine prolapse'"
"Ectopic pregnancy","HP:0031456","embedding","sim=1 rank=1 label='Ectopic pregnancy'"
"Ectopic pregnancy","MONDO:0001786","embedding","sim=0.8754 rank=9 label='uterine inflammatory disease'"
"Ectopic pregnancy","MONDO:0004701","embedding","sim=0.8902 rank=3 label='uterine polyp'"
"Ectopic pregnancy","MONDO:0005406","embedding","sim=0.8822 rank=6 label='gestational diabetes'"
"Ectopic pregnancy","MONDO:0006663","embedding","sim=0.8923 rank=2 label='perinatal asphyxia'"
"Edentulism","EFO:0009180","embedding","sim=0.8851 rank=8 label='rosacea severity measurement'"
"Edentulism","EFO:0022050","embedding","sim=0.9 rank=2 label='pulmotonia constitution type'"
"Edentulism","EFO:0800007","embedding","sim=0.8875 rank=6 label='gentisate measurement'"
"Edentulism","HP:0001007","embedding","sim=0.895 rank=3 label='Hirsutism'"
"Edentulism","MONDO:0000327","embedding","sim=0.8919 rank=4 label='Buruli ulcer disease'"
"Edentulism","MONDO:0005761","embedding","sim=0.8854 rank=7 label='filarial elephantiasis'"
"Edentulism","MONDO:0006042","embedding","sim=0.8917 rank=5 label='meningeal tuberculosis'"
"Edentulism","MONDO:0006591","embedding","sim=0.9049 rank=1 label='panniculitis'"
"Edentulism","MONDO:0008228","embedding","sim=0.8845 rank=10 label='pernicious anemia'"
"Edentulism","MONDO:0012817","embedding","sim=0.8848 rank=9 label='Ewing sarcoma'"
"Electrocution","EFO:0007622","embedding","sim=0.8824 rank=9 label='sRAGE measurement'"
"Electrocution","EFO:0009436","embedding","sim=0.8843 rank=6 label='offspring survival measurement'"
"Electrocution","EFO:0009502","embedding","sim=0.8884 rank=4 label='abdominal injury'"
"Electrocution","EFO:0009504","embedding","sim=0.8834 rank=7 label='crush injury'"
"Electrocution","EFO:0009729","embedding","sim=0.8833 rank=8 label='surgery on leg artery'"
"Electrocution","EFO:0022070","embedding","sim=0.882 rank=10 label='parathion measurement'"
"Electrocution","EFO:0600009","embedding","sim=0.8949 rank=2 label='cardiac ablation'"
"Electrocution","HP:0011411","embedding","sim=0.8966 rank=1 label='Forceps delivery'"
"Electrocution","MONDO:0001291","embedding","sim=0.8903 rank=3 label='brain compression'"
"Electrocution","MONDO:0020950","embedding","sim=0.8856 rank=5 label='viral eye infection'"
"Encephalitis","HP:0000238","embedding","sim=0.8851 rank=9 label='Hydrocephalus'"
"Encephalitis","HP:0001298","embedding","sim=0.9593 rank=3 label='Encephalopathy'"
"Encephalitis","MONDO:0000166","embedding","sim=0.9134 rank=4 label='encephalopathy, acute, infection-induced'"
"Encephalitis","MONDO:0004785","embedding","sim=0.8951 rank=7 label='blepharitis'"
"Encephalitis","MONDO:0004796","embedding","sim=0.8824 rank=10 label='infectious meningitis'"
"Encephalitis","MONDO:0005404","embedding","sim=0.8909 rank=8 label='myalgic encephalomeyelitis/chronic fatigue syndrome'"
"Encephalitis","MONDO:0005493","embedding","sim=0.9008 rank=6 label='carbon monoxide-induced delayed encephalopathy'"
"Encephalitis","MONDO:0006009","embedding","sim=0.9769 rank=2 label='viral encephalitis'"
"Encephalitis","MONDO:0019956","embedding","sim=1 rank=1 label='encephalitis'"
"Encephalitis","MONDO:0021081","embedding","sim=0.9132 rank=5 label='anti-NMDA receptor encephalitis'"
"Endocarditis","HP:0030151","embedding","sim=0.8982 rank=5 label='Cholangitis'"
"Endocarditis","MONDO:0000916","embedding","sim=0.8995 rank=4 label='intestinal infectious disease'"
"Endocarditis","MONDO:0004496","embedding","sim=0.9672 rank=3 label='myocarditis'"
"Endocarditis","MONDO:0004796","embedding","sim=0.8899 rank=10 label='infectious meningitis'"
"Endocarditis","MONDO:0005025","embedding","sim=1 rank=1 label='endocarditis'"
"Endocarditis","MONDO:0005832","embedding","sim=0.8932 rank=9 label='lymphangitis'"
"Endocarditis","MONDO:0005904","embedding","sim=0.8948 rank=7 label='pericarditis'"
"Endocarditis","MONDO:0006669","embedding","sim=0.9815 rank=2 label='bacterial endocarditis'"
"Endocarditis","MONDO:0006670","embedding","sim=0.8964 rank=6 label='bacterial meningitis'"
"Endocarditis","MONDO:0007015","embedding","sim=0.8946 rank=8 label='viral meningitis'"
"Endocrine, metabolic, blood, and immune disorders","EFO:0007654","embedding","sim=0.902 rank=1 label='clinical and behavioural ideal cardiovascular health'"
"Endocrine, metabolic, blood, and immune disorders","HP:0001626","embedding","sim=0.8878 rank=5 label='Abnormality of the cardiovascular system'"
"Endocrine, metabolic, blood, and immune disorders","HP:0001871","embedding","sim=0.8848 rank=8 label='Abnormality of blood and blood-forming tissues'"
"Endocrine, metabolic, blood, and immune disorders","HP:0001939","embedding","sim=0.8875 rank=6 label='Abnormality of metabolism/homeostasis'"
"Endocrine, metabolic, blood, and immune disorders","HP:0002715","embedding","sim=0.8834 rank=9 label='Abnormality of the immune system'"
"Endocrine, metabolic, blood, and immune disorders","MONDO:0005046","",""
"Endocrine, metabolic, blood, and immune disorders","MONDO:0005151","embedding","sim=0.89 rank=2 label='endocrine system disorder'"
"Endocrine, metabolic, blood, and immune disorders","MONDO:0005570","",""
"Endocrine, metabolic, blood, and immune disorders","OBA:2041472","embedding","sim=0.888 rank=4 label='level of engulfment and cell motility protein 1 in blood serum'"
"Endocrine, metabolic, blood, and immune disorders","OBA:2041473","embedding","sim=0.8883 rank=3 label='level of engulfment and cell motility protein 2 in blood serum'"
"Endocrine, metabolic, blood, and immune disorders","OBA:2043396","embedding","sim=0.8864 rank=7 label='level of neuroendocrine protein 7B2 in blood serum'"
"Endocrine, metabolic, blood, and immune disorders","OBA:2050627","embedding","sim=0.8825 rank=10 label='level of fatty acid-binding protein, intestinal in blood'"
"Endometriosis","EFO:0004230","embedding","sim=0.8949 rank=9 label='endometrial neoplasm'"
"Endometriosis","EFO:1001514","embedding","sim=0.8969 rank=7 label='endometrial endometrioid carcinoma'"
"Endometriosis","MONDO:0001285","embedding","sim=0.899 rank=6 label='endometriosis of pelvic peritoneum'"
"Endometriosis","MONDO:0001786","embedding","sim=0.8967 rank=8 label='uterine inflammatory disease'"
"Endometriosis","MONDO:0002447","embedding","sim=0.9004 rank=5 label='endometrial carcinoma'"
"Endometriosis","MONDO:0004966","embedding","sim=0.8917 rank=10 label='gastritis'"
"Endometriosis","MONDO:0005001","embedding","sim=0.901 rank=4 label='chronic gastritis'"
"Endometriosis","MONDO:0005133","embedding","sim=1 rank=1 label='endometriosis'"
"Endometriosis","MONDO:0006337","embedding","sim=0.9374 rank=3 label='ovarian endometriosis'"
"Endometriosis","MONDO:0011962","embedding","sim=0.9491 rank=2 label='endometrial cancer'"
"Esophageal cancer","EFO:0700028","embedding","sim=0.945 rank=5 label='gastroesophageal disease'"
"Esophageal cancer","HP:0100633","embedding","sim=0.9315 rank=8 label='Esophagitis'"
"Esophageal cancer","MONDO:0001221","embedding","sim=0.9598 rank=3 label='esophageal varices'"
"Esophageal cancer","MONDO:0002352","embedding","sim=0.9197 rank=10 label='larynx cancer'"
"Esophageal cancer","MONDO:0003749","embedding","sim=0.9634 rank=2 label='esophageal disorder'"
"Esophageal cancer","MONDO:0004608","embedding","sim=0.9225 rank=9 label='oropharynx cancer'"
"Esophageal cancer","MONDO:0004992","",""
"Esophageal cancer","MONDO:0005028","embedding","sim=0.9318 rank=7 label='esophageal adenocarcinoma'"
"Esophageal cancer","MONDO:0007576","embedding","sim=1 rank=1 label='esophageal cancer'"
"Esophageal cancer","MONDO:0019086","embedding","sim=0.9411 rank=6 label='carcinoma of esophagus'"
"Esophageal cancer","MONDO:0044782","embedding","sim=0.9576 rank=4 label='esophageal ulcer'"
"Extensively drug-resistant tuberculosis","EFO:0007540","embedding","sim=0.8825 rank=4 label='animal viral hepatitis'"
"Extensively drug-resistant tuberculosis","EFO:0007918","embedding","sim=0.901 rank=1 label='response to anti-tuberculosis drug'"
"Extensively drug-resistant tuberculosis","EFO:0022051","embedding","sim=0.8706 rank=10 label='hepatonia constitution type'"
"Extensively drug-resistant tuberculosis","EFO:0803362","embedding","sim=0.8754 rank=8 label='response to COVID-19 vaccine'"
"Extensively drug-resistant tuberculosis","EFO:1002006","embedding","sim=0.8911 rank=2 label='treatment-resistant hypertension'"
"Extensively drug-resistant tuberculosis","MONDO:0002220","embedding","sim=0.876 rank=7 label='tooth hard tissue disease'"
"Extensively drug-resistant tuberculosis","MONDO:0018076","",""
"Extensively drug-resistant tuberculosis","MONDO:0018469","embedding","sim=0.8762 rank=6 label='pulmonary non-tuberculous mycobacterial infection'"
"Extensively drug-resistant tuberculosis","MONDO:0019355","embedding","sim=0.8726 rank=9 label='adult-onset Still disease'"
"Extensively drug-resistant tuberculosis","MONDO:0043885","embedding","sim=0.8805 rank=5 label='eye infectious disorder'"
"Extensively drug-resistant tuberculosis","OBA:2040015","embedding","sim=0.886 rank=3 label='trait in response to bleomycin'"
"Eye cancer","MONDO:0001657","embedding","sim=0.9559 rank=2 label='brain cancer'"
"Eye cancer","MONDO:0002129","embedding","sim=0.9508 rank=4 label='bone cancer'"
"Eye cancer","MONDO:0002236","embedding","sim=0.9417 rank=8 label='ocular cancer'"
"Eye cancer","MONDO:0002367","embedding","sim=0.9578 rank=1 label='kidney cancer'"
"Eye cancer","MONDO:0002691","embedding","sim=0.9422 rank=6 label='liver cancer'"
"Eye cancer","MONDO:0002898","embedding","sim=0.9545 rank=3 label='skin cancer'"
"Eye cancer","MONDO:0004631","embedding","sim=0.9421 rank=7 label='tongue cancer'"
"Eye cancer","MONDO:0004992","",""
"Eye cancer","MONDO:0006834","embedding","sim=0.9313 rank=9 label='lip cancer'"
"Eye cancer","MONDO:0008903","embedding","sim=0.9313 rank=10 label='lung cancer'"
"Eye cancer","MONDO:0021313","embedding","sim=0.944 rank=5 label='eyelid cancer'"
"Female infertility","EFO:0021795","embedding","sim=0.9325 rank=3 label='tubal factor infertility'"
"Female infertility","HP:0008209","embedding","sim=0.8918 rank=10 label='Premature ovarian insufficiency'"
"Female infertility","MONDO:0001416","embedding","sim=0.9194 rank=5 label='female reproductive organ cancer'"
"Female infertility","MONDO:0002263","embedding","sim=0.9219 rank=4 label='female reproductive system disorder'"
"Female infertility","MONDO:0003150","embedding","sim=0.9177 rank=6 label='male reproductive system disorder'"
"Female infertility","MONDO:0005372","embedding","sim=0.9929 rank=2 label='male infertility'"
"Female infertility","MONDO:0005387","embedding","sim=0.8919 rank=9 label='primary ovarian failure'"
"Female infertility","MONDO:0005558","embedding","sim=0.8969 rank=8 label='ovarian disorder'"
"Female infertility","MONDO:0005836","embedding","sim=0.9161 rank=7 label='male reproductive organ cancer'"
"Female infertility","MONDO:0021124","embedding","sim=1 rank=1 label='female infertility'"
"Food-borne trematodiases","EFO:0010085","embedding","sim=0.8927 rank=4 label='anti-tetanus toxoid IgG measurement'"
"Food-borne trematodiases","MONDO:0000989","embedding","sim=0.8883 rank=9 label='mumps infectious disease'"
"Food-borne trematodiases","MONDO:0002428","embedding","sim=0.8938 rank=3 label='protozoa infectious disease'"
"Food-borne trematodiases","MONDO:0002875","embedding","sim=0.8955 rank=2 label='parasitic ectoparasitic infectious disease'"
"Food-borne trematodiases","MONDO:0005229","embedding","sim=0.892 rank=5 label='bacterial infectious disease with sepsis'"
"Food-borne trematodiases","MONDO:0005445","embedding","sim=0.8903 rank=6 label='visceral leishmaniasis'"
"Food-borne trematodiases","MONDO:0005644","embedding","sim=0.888 rank=10 label='amebiasis'"
"Food-borne trematodiases","MONDO:0005658","embedding","sim=0.8994 rank=1 label='Astroviridae infectious disease'"
"Food-borne trematodiases","MONDO:0018469","embedding","sim=0.889 rank=7 label='pulmonary non-tuberculous mycobacterial infection'"
"Food-borne trematodiases","MONDO:0021697","embedding","sim=0.8887 rank=8 label='chlamydia infectious disease'"
"Fungal skin diseases","EFO:0009470","embedding","sim=0.9084 rank=9 label='soft tissue disease'"
"Fungal skin diseases","EFO:1000636","embedding","sim=0.9212 rank=3 label='inflammatory skin disease'"
"Fungal skin diseases","MONDO:0000001","",""
"Fungal skin diseases","MONDO:0000254","embedding","sim=0.9153 rank=7 label='cutaneous mycosis'"
"Fungal skin diseases","MONDO:0002041","embedding","sim=0.9529 rank=1 label='fungal infectious disease'"
"Fungal skin diseases","MONDO:0004678","",""
"Fungal skin diseases","MONDO:0005108","embedding","sim=0.9048 rank=10 label='viral infectious disease'"
"Fungal skin diseases","MONDO:0005113","embedding","sim=0.9181 rank=5 label='bacterial infectious disease'"
"Fungal skin diseases","MONDO:0005135","embedding","sim=0.9168 rank=6 label='parasitic infectious disease'"
"Fungal skin diseases","MONDO:0005766","embedding","sim=0.9483 rank=2 label='fungal lung infectious disease'"
"Fungal skin diseases","MONDO:0019293","embedding","sim=0.9193 rank=4 label='skin vascular disease'"
"Fungal skin diseases","MONDO:0021201","embedding","sim=0.909 rank=8 label='skin infection'"
"G6PD deficiency","EFO:0006899","embedding","sim=0.903 rank=10 label='PCSK9 protein measurement'"
"G6PD deficiency","EFO:0010773","embedding","sim=0.9069 rank=6 label='CD5 measurement'"
"G6PD deficiency","EFO:0010774","embedding","sim=0.9184 rank=2 label='CD6 measurement'"
"G6PD deficiency","EFO:0020245","embedding","sim=0.9035 rank=9 label='CD166 antigen measurement'"
"G6PD deficiency","EFO:0020247","embedding","sim=0.9045 rank=7 label='CD48 antigen measurement'"
"G6PD deficiency","EFO:0022033","embedding","sim=0.9142 rank=3 label='CD63 antigen measurement'"
"G6PD deficiency","EFO:0801222","embedding","sim=0.9039 rank=8 label='UDP-GlcNAc measurement'"
"G6PD deficiency","EFO:0801940","embedding","sim=0.9075 rank=5 label='protein DGCR14 measurement'"
"G6PD deficiency","EFO:0802931","embedding","sim=0.9189 rank=1 label='protein DGCR6 measurement'"
"G6PD deficiency","EFO:0802945","embedding","sim=0.9126 rank=4 label='protein G6b measurement'"
"G6PD trait","EFO:0010773","embedding","sim=0.9172 rank=5 label='CD5 measurement'"
"G6PD trait","EFO:0010774","embedding","sim=0.9279 rank=1 label='CD6 measurement'"
"G6PD trait","EFO:0020245","embedding","sim=0.9165 rank=6 label='CD166 antigen measurement'"
"G6PD trait","EFO:0020246","embedding","sim=0.9153 rank=7 label='CD226 antigen measurement'"
"G6PD trait","EFO:0020247","embedding","sim=0.914 rank=8 label='CD48 antigen measurement'"
"G6PD trait","EFO:0021983","embedding","sim=0.9128 rank=9 label='CD83 antigen measurement'"
"G6PD trait","EFO:0022033","embedding","sim=0.9243 rank=2 label='CD63 antigen measurement'"
"G6PD trait","EFO:0801222","embedding","sim=0.9205 rank=4 label='UDP-GlcNAc measurement'"
"G6PD trait","EFO:0802931","embedding","sim=0.9206 rank=3 label='protein DGCR6 measurement'"
"G6PD trait","EFO:0802946","embedding","sim=0.9125 rank=10 label='protein GPR107 measurement'"
"Gallbladder and biliary diseases","EFO:0004267","embedding","sim=0.9163 rank=8 label='biliary liver cirrhosis'"
"Gallbladder and biliary diseases","MONDO:0000001","",""
"Gallbladder and biliary diseases","MONDO:0001487","embedding","sim=0.9152 rank=10 label='intrahepatic bile duct cancer'"
"Gallbladder and biliary diseases","MONDO:0003060","embedding","sim=0.9344 rank=3 label='biliary tract cancer'"
"Gallbladder and biliary diseases","MONDO:0004868","embedding","sim=0.932 rank=4 label='biliary tract disorder'"
"Gallbladder and biliary diseases","MONDO:0005281","embedding","sim=0.9497 rank=1 label='gallbladder disorder'"
"Gallbladder and biliary diseases","MONDO:0005388","embedding","sim=0.9266 rank=5 label='primary biliary cholangitis'"
"Gallbladder and biliary diseases","MONDO:0018918","embedding","sim=0.9405 rank=2 label='carcinoma of gallbladder and extrahepatic biliary tract'"
"Gallbladder and biliary diseases","MONDO:0021253","embedding","sim=0.9207 rank=7 label='gallbladder neoplasm'"
"Gallbladder and biliary diseases","MONDO:0021416","embedding","sim=0.9252 rank=6 label='polyp of gallbladder'"
"Gallbladder and biliary diseases","MONDO:0024477","embedding","sim=0.9159 rank=9 label='liver and intrahepatic bile duct neoplasm'"
"Gallbladder and biliary tract cancer","MONDO:0001487","embedding","sim=0.9252 rank=3 label='intrahepatic bile duct cancer'"
"Gallbladder and biliary tract cancer","MONDO:0003060","embedding","sim=0.948 rank=2 label='biliary tract cancer'"
"Gallbladder and biliary tract cancer","MONDO:0003090","embedding","sim=0.9164 rank=10 label='extrahepatic bile duct carcinoma'"
"Gallbladder and biliary tract cancer","MONDO:0004868","embedding","sim=0.9203 rank=8 label='biliary tract disorder'"
"Gallbladder and biliary tract cancer","MONDO:0004992","",""
"Gallbladder and biliary tract cancer","MONDO:0005281","embedding","sim=0.923 rank=5 label='gallbladder disorder'"
"Gallbladder and biliary tract cancer","MONDO:0005388","embedding","sim=0.9246 rank=4 label='primary biliary cholangitis'"
"Gallbladder and biliary tract cancer","MONDO:0018918","embedding","sim=0.9638 rank=1 label='carcinoma of gallbladder and extrahepatic biliary tract'"
"Gallbladder and biliary tract cancer","MONDO:0021253","embedding","sim=0.9222 rank=6 label='gallbladder neoplasm'"
"Gallbladder and biliary tract cancer","MONDO:0021416","embedding","sim=0.9214 rank=7 label='polyp of gallbladder'"
"Gallbladder and biliary tract cancer","MONDO:0024477","embedding","sim=0.9175 rank=9 label='liver and intrahepatic bile duct neoplasm'"
"Gastritis and duodenitis","MONDO:0002269","embedding","sim=0.9229 rank=6 label='gastroenteritis'"
"Gastritis and duodenitis","MONDO:0004627","embedding","sim=0.9329 rank=3 label='duodenitis'"
"Gastritis and duodenitis","MONDO:0004628","embedding","sim=0.9223 rank=7 label='gastroduodenitis'"
"Gastritis and duodenitis","MONDO:0004966","embedding","sim=0.933 rank=2 label='gastritis'"
"Gastritis and duodenitis","MONDO:0005001","embedding","sim=0.9403 rank=1 label='chronic gastritis'"
"Gastritis and duodenitis","MONDO:0005003","embedding","sim=0.9126 rank=9 label='chronic pancreatitis'"
"Gastritis and duodenitis","MONDO:0005412","embedding","sim=0.9249 rank=5 label='duodenal ulcer'"
"Gastritis and duodenitis","MONDO:0006665","embedding","sim=0.9313 rank=4 label='chronic atrophic gastritis'"
"Gastritis and duodenitis","MONDO:0006896","embedding","sim=0.9213 rank=8 label='peptic esophagitis'"
"Gastritis and duodenitis","MONDO:0006969","embedding","sim=0.9111 rank=10 label='sialadenitis'"
"Gastroesophageal reflux disease","EFO:0009923","embedding","sim=0.9489 rank=3 label='Peptic ulcer and gastro-oesophageal reflux disease (GORD) drug use measurement'"
"Gastroesophageal reflux disease","EFO:0700028","embedding","sim=0.9699 rank=2 label='gastroesophageal disease'"
"Gastroesophageal reflux disease","EFO:1001785","embedding","sim=0.9309 rank=4 label='diffuse esophageal spasm'"
"Gastroesophageal reflux disease","HP:0002575","embedding","sim=0.9214 rank=7 label='Tracheoesophageal fistula'"
"Gastroesophageal reflux disease","MONDO:0000001","",""
"Gastroesophageal reflux disease","MONDO:0001221","embedding","sim=0.9149 rank=9 label='esophageal varices'"
"Gastroesophageal reflux disease","MONDO:0003749","embedding","sim=0.9201 rank=8 label='esophageal disorder'"
"Gastroesophageal reflux disease","MONDO:0006896","embedding","sim=0.9218 rank=5 label='peptic esophagitis'"
"Gastroesophageal reflux disease","MONDO:0007186","embedding","sim=1 rank=1 label='gastroesophageal reflux disease'"
"Gastroesophageal reflux disease","MONDO:0007576","embedding","sim=0.913 rank=10 label='esophageal cancer'"
"Gastroesophageal reflux disease","MONDO:0044782","embedding","sim=0.9215 rank=6 label='esophageal ulcer'"
"Genital herpes","EFO:0007540","embedding","sim=0.8981 rank=2 label='animal viral hepatitis'"
"Genital herpes","EFO:0008622","embedding","sim=0.8936 rank=5 label='female genital tract polyp'"
"Genital herpes","EFO:0009524","embedding","sim=0.8924 rank=6 label='female genital tract fistula'"
"Genital herpes","HP:0000078","embedding","sim=0.8884 rank=9 label='Abnormality of the genital system'"
"Genital herpes","MONDO:0000890","embedding","sim=0.8958 rank=3 label='Zika virus congenital syndrome'"
"Genital herpes","MONDO:0000989","embedding","sim=0.8894 rank=7 label='mumps infectious disease'"
"Genital herpes","MONDO:0004609","embedding","sim=0.895 rank=4 label='herpes simplex infectious disease'"
"Genital herpes","MONDO:0005658","embedding","sim=0.883 rank=10 label='Astroviridae infectious disease'"
"Genital herpes","MONDO:0005770","embedding","sim=1 rank=1 label='genital herpes'"
"Genital herpes","MONDO:0006011","embedding","sim=0.8891 rank=8 label='viral hepatitis'"
"Genital prolapse","EFO:0008622","embedding","sim=0.9293 rank=5 label='female genital tract polyp'"
"Genital prolapse","EFO:0009524","embedding","sim=0.9313 rank=4 label='female genital tract fistula'"
"Genital prolapse","EFO:1001271","embedding","sim=0.9118 rank=9 label='Atrophic Vaginitis'"
"Genital prolapse","EFO:1001864","embedding","sim=0.9481 rank=2 label='uterine prolapse'"
"Genital prolapse","HP:0000078","embedding","sim=0.9176 rank=7 label='Abnormality of the genital system'"
"Genital prolapse","HP:0002035","embedding","sim=0.9431 rank=3 label='Rectal prolapse'"
"Genital prolapse","MONDO:0000082","embedding","sim=0.9485 rank=1 label='pelvic organ prolapse'"
"Genital prolapse","MONDO:0001551","embedding","sim=0.9114 rank=10 label='ulceration of vulva'"
"Genital prolapse","MONDO:0001786","embedding","sim=0.9142 rank=8 label='uterine inflammatory disease'"
"Genital prolapse","MONDO:0005770","embedding","sim=0.9232 rank=6 label='genital herpes'"
"Glaucoma","EFO:0009944","",""
"Glaucoma","EFO:0021425","embedding","sim=0.9424 rank=3 label='pigmentary glaucoma'"
"Glaucoma","HP:0001259","",""
"Glaucoma","MONDO:0001868","embedding","sim=0.9278 rank=5 label='primary angle-closure glaucoma'"
"Glaucoma","MONDO:0005041","embedding","sim=1 rank=1 label='glaucoma'"
"Glaucoma","MONDO:0005338","embedding","sim=0.9423 rank=4 label='open-angle glaucoma'"
"Glaucoma","MONDO:0005642","embedding","sim=0.8813 rank=10 label='atopic conjunctivitis'"
"Glaucoma","MONDO:0006651","embedding","sim=0.8888 rank=8 label='anterior uveitis'"
"Glaucoma","MONDO:0006771","embedding","sim=0.884 rank=9 label='glossitis'"
"Glaucoma","MONDO:0006837","embedding","sim=0.9528 rank=2 label='low tension glaucoma'"
"Glaucoma","MONDO:0006918","embedding","sim=0.8901 rank=7 label='posterior uveitis'"
"Glaucoma","MONDO:0020283","embedding","sim=0.8918 rank=6 label='uveitis'"
"Gonococcal infection","EFO:0000544","",""
"Gonococcal infection","EFO:0009429","embedding","sim=0.9183 rank=1 label='Mycobacterium infection'"
"Gonococcal infection","EFO:0803647","embedding","sim=0.8959 rank=7 label='ruminococcaceae seropositivity'"
"Gonococcal infection","MONDO:0002040","embedding","sim=0.8935 rank=9 label='dermatomycosis'"
"Gonococcal infection","MONDO:0005373","embedding","sim=0.9136 rank=2 label='meningococcal infection'"
"Gonococcal infection","MONDO:0005631","embedding","sim=0.8983 rank=5 label='actinomycosis'"
"Gonococcal infection","MONDO:0005706","embedding","sim=0.905 rank=4 label='coccidioidomycosis'"
"Gonococcal infection","MONDO:0005724","embedding","sim=0.8961 rank=6 label='cryptococcosis'"
"Gonococcal infection","MONDO:0018469","embedding","sim=0.8949 rank=8 label='pulmonary non-tuberculous mycobacterial infection'"
"Gonococcal infection","MONDO:0021680","embedding","sim=0.8932 rank=10 label='streptococcal infection'"
"Gonococcal infection","MONDO:0024313","embedding","sim=0.9084 rank=3 label='staphylococcal infection'"
"Gout","EFO:0008016","",""
"Gout","EFO:0008574","embedding","sim=0.8815 rank=4 label='gangrene'"
"Gout","EFO:0009468","embedding","sim=0.8734 rank=8 label='jaw disease'"
"Gout","EFO:0021525","",""
"Gout","EFO:0801357","",""
"Gout","HP:0000741","embedding","sim=0.8733 rank=9 label='Apathy'"
"Gout","MONDO:0005093","embedding","sim=0.8739 rank=7 label='skin disorder'"
"Gout","MONDO:0005240","embedding","sim=0.8798 rank=5 label='kidney disorder'"
"Gout","MONDO:0005275","embedding","sim=0.872 rank=10 label='lung disorder'"
"Gout","MONDO:0005381","embedding","sim=0.8765 rank=6 label='bone disorder'"
"Gout","MONDO:0005393","embedding","sim=1 rank=1 label='gout'"
"Gout","MONDO:0005397","embedding","sim=0.9125 rank=2 label='goiter'"
"Gout","MONDO:0006849","embedding","sim=0.8882 rank=3 label='mastitis'"
"Gout","OBA:2040700","",""
"Gout","OBA:2052164","",""
"Guinea worm disease","EFO:0009180","embedding","sim=0.8847 rank=8 label='rosacea severity measurement'"
"Guinea worm disease","EFO:0010688","embedding","sim=0.8855 rank=7 label='periapical tissue disease'"
"Guinea worm disease","MONDO:0000001","",""
"Guinea worm disease","MONDO:0000327","embedding","sim=0.8997 rank=1 label='Buruli ulcer disease'"
"Guinea worm disease","MONDO:0000989","embedding","sim=0.8935 rank=2 label='mumps infectious disease'"
"Guinea worm disease","MONDO:0001341","embedding","sim=0.883 rank=10 label='selective IgA deficiency disease'"
"Guinea worm disease","MONDO:0005537","embedding","sim=0.8864 rank=5 label='perianal Crohn disease'"
"Guinea worm disease","MONDO:0005766","embedding","sim=0.8863 rank=6 label='fungal lung infectious disease'"
"Guinea worm disease","MONDO:0005770","embedding","sim=0.8842 rank=9 label='genital herpes'"
"Guinea worm disease","MONDO:0012817","embedding","sim=0.8869 rank=4 label='Ewing sarcoma'"
"Guinea worm disease","MONDO:0018150","embedding","sim=0.8917 rank=3 label='Gaucher disease'"
"Gynecological diseases","EFO:0005757","embedding","sim=0.893 rank=5 label='vaginal inflammation'"
"Gynecological diseases","MONDO:0000001","",""
"Gynecological diseases","MONDO:0000922","embedding","sim=0.894 rank=4 label='pelvic inflammatory disease'"
"Gynecological diseases","MONDO:0001416","embedding","sim=0.9118 rank=1 label='female reproductive organ cancer'"
"Gynecological diseases","MONDO:0001433","embedding","sim=0.8903 rank=7 label='vaginal disorder'"
"Gynecological diseases","MONDO:0001786","embedding","sim=0.8996 rank=3 label='uterine inflammatory disease'"
"Gynecological diseases","MONDO:0002263","embedding","sim=0.8867 rank=10 label='female reproductive system disorder'"
"Gynecological diseases","MONDO:0005558","embedding","sim=0.8913 rank=6 label='ovarian disorder'"
"Gynecological diseases","MONDO:0005836","embedding","sim=0.9006 rank=2 label='male reproductive organ cancer'"
"Gynecological diseases","MONDO:0008170","embedding","sim=0.8868 rank=9 label='ovarian cancer'"
"Gynecological diseases","MONDO:0043424","embedding","sim=0.8886 rank=8 label='digestive system infectious disorder'"
"HIV/AIDS","EFO:0000180","embedding","sim=0.8251 rank=3 label='HIV-1 infection'"
"HIV/AIDS","EFO:0004713","embedding","sim=0.8121 rank=10 label='FEV/FVC ratio'"
"HIV/AIDS","EFO:0006319","embedding","sim=0.8152 rank=6 label='HIV viral set point measurement'"
"HIV/AIDS","EFO:0011022","embedding","sim=0.83 rank=2 label='BRCA2 mutation carier statu'"
"HIV/AIDS","EFO:0020671","embedding","sim=0.8144 rank=7 label='protein e7_hpv16 measurement'"
"HIV/AIDS","EFO:0020686","embedding","sim=0.8518 rank=1 label='protein rev_hv2be measurement'"
"HIV/AIDS","EFO:0020933","embedding","sim=0.8229 rank=4 label='HIV resevoir measurement'"
"HIV/AIDS","EFO:0801202","embedding","sim=0.8173 rank=5 label='NH4_C44:1 TAG measurement'"
"HIV/AIDS","EFO:0801203","embedding","sim=0.8131 rank=8 label='NH4_C44:2 TAG measurement'"
"HIV/AIDS","EFO:0802953","embedding","sim=0.8123 rank=9 label='protein NDNF measurement'"
"HIV/AIDS","MONDO:0012268","",""
"HIV/AIDS - Drug-susceptible Tuberculosis","EFO:0000180","embedding","sim=0.9152 rank=1 label='HIV-1 infection'"
"HIV/AIDS - Drug-susceptible Tuberculosis","EFO:0006319","embedding","sim=0.9073 rank=2 label='HIV viral set point measurement'"
"HIV/AIDS - Drug-susceptible Tuberculosis","EFO:0008366","embedding","sim=0.8848 rank=5 label='IgG isotype profile measurement'"
"HIV/AIDS - Drug-susceptible Tuberculosis","EFO:0020686","embedding","sim=0.8829 rank=10 label='protein rev_hv2be measurement'"
"HIV/AIDS - Drug-susceptible Tuberculosis","EFO:0020933","embedding","sim=0.89 rank=3 label='HIV resevoir measurement'"
"HIV/AIDS - Drug-susceptible Tuberculosis","EFO:0801782","embedding","sim=0.8834 rank=9 label='malignant T-cell-amplified sequence 1 measurement'"
"HIV/AIDS - Drug-susceptible Tuberculosis","EFO:0801992","embedding","sim=0.8841 rank=8 label='recQ-mediated genome instability protein 1 measurement'"
"HIV/AIDS - Drug-susceptible Tuberculosis","EFO:0802339","embedding","sim=0.8847 rank=6 label='bromodomain testis-specific protein measurement'"
"HIV/AIDS - Drug-susceptible Tuberculosis","EFO:0803362","embedding","sim=0.8868 rank=4 label='response to COVID-19 vaccine'"
"HIV/AIDS - Drug-susceptible Tuberculosis","MONDO:0012268","",""
"HIV/AIDS - Drug-susceptible Tuberculosis","MONDO:0018076","",""
"HIV/AIDS - Drug-susceptible Tuberculosis","OBA:2051394","embedding","sim=0.8842 rank=7 label='level of ecotropic viral integration site 5 protein in blood'"
"HIV/AIDS - Extensively drug-resistant Tuberculosis","EFO:0000180","embedding","sim=0.9165 rank=1 label='HIV-1 infection'"
"HIV/AIDS - Extensively drug-resistant Tuberculosis","EFO:0006319","embedding","sim=0.9059 rank=2 label='HIV viral set point measurement'"
"HIV/AIDS - Extensively drug-resistant Tuberculosis","EFO:0007918","embedding","sim=0.8863 rank=10 label='response to anti-tuberculosis drug'"
"HIV/AIDS - Extensively drug-resistant Tuberculosis","EFO:0008366","embedding","sim=0.8863 rank=9 label='IgG isotype profile measurement'"
"HIV/AIDS - Extensively drug-resistant Tuberculosis","EFO:0020933","embedding","sim=0.8922 rank=3 label='HIV resevoir measurement'"
"HIV/AIDS - Extensively drug-resistant Tuberculosis","EFO:0801782","embedding","sim=0.8894 rank=4 label='malignant T-cell-amplified sequence 1 measurement'"
"HIV/AIDS - Extensively drug-resistant Tuberculosis","EFO:0801992","embedding","sim=0.8878 rank=6 label='recQ-mediated genome instability protein 1 measurement'"
"HIV/AIDS - Extensively drug-resistant Tuberculosis","EFO:0803362","embedding","sim=0.8889 rank=5 label='response to COVID-19 vaccine'"
"HIV/AIDS - Extensively drug-resistant Tuberculosis","MONDO:0012268","",""
"HIV/AIDS - Extensively drug-resistant Tuberculosis","MONDO:0018076","",""
"HIV/AIDS - Extensively drug-resistant Tuberculosis","OBA:2040015","embedding","sim=0.8872 rank=8 label='trait in response to bleomycin'"
"HIV/AIDS - Extensively drug-resistant Tuberculosis","OBA:2051394","embedding","sim=0.8878 rank=7 label='level of ecotropic viral integration site 5 protein in blood'"
"HIV/AIDS - Multidrug-resistant Tuberculosis without extensive drug resistance","EFO:0008536","embedding","sim=0.8853 rank=5 label='anti-centromere-antibody-positive systemic scleroderma'"
"HIV/AIDS - Multidrug-resistant Tuberculosis without extensive drug resistance","EFO:0008537","embedding","sim=0.8876 rank=3 label='anti-topoisomerase-I-antibody-positive systemic scleroderma'"
"HIV/AIDS - Multidrug-resistant Tuberculosis without extensive drug resistance","EFO:0020001","",""
"HIV/AIDS - Multidrug-resistant Tuberculosis without extensive drug resistance","EFO:0021535","embedding","sim=0.8853 rank=6 label='response to Par-4 dependent chemotherapy'"
"HIV/AIDS - Multidrug-resistant Tuberculosis without extensive drug resistance","EFO:0801782","embedding","sim=0.8822 rank=10 label='malignant T-cell-amplified sequence 1 measurement'"
"HIV/AIDS - Multidrug-resistant Tuberculosis without extensive drug resistance","EFO:0802760","embedding","sim=0.8995 rank=2 label='multidrug resistance-associated protein 6 measurement'"
"HIV/AIDS - Multidrug-resistant Tuberculosis without extensive drug resistance","EFO:1002006","embedding","sim=0.8829 rank=9 label='treatment-resistant hypertension'"
"HIV/AIDS - Multidrug-resistant Tuberculosis without extensive drug resistance","MONDO:0012268","",""
"HIV/AIDS - Multidrug-resistant Tuberculosis without extensive drug resistance","MONDO:0018076","",""
"HIV/AIDS - Multidrug-resistant Tuberculosis without extensive drug resistance","MONDO:0018469","embedding","sim=0.9062 rank=1 label='pulmonary non-tuberculous mycobacterial infection'"
"HIV/AIDS - Multidrug-resistant Tuberculosis without extensive drug resistance","OBA:2040103","embedding","sim=0.8866 rank=4 label='trait in response to tenofovir (anhydrous)'"
"HIV/AIDS - Multidrug-resistant Tuberculosis without extensive drug resistance","OBA:2040193","embedding","sim=0.8849 rank=7 label='level of fungal/metazoan cullin-1 in blood serum'"
"HIV/AIDS - Multidrug-resistant Tuberculosis without extensive drug resistance","OBA:2042970","embedding","sim=0.8832 rank=8 label='level of DNA-directed RNA polymerase II subunit RPB9 in blood serum'"
"HIV/AIDS resulting in other diseases","EFO:0000180","embedding","sim=0.8942 rank=10 label='HIV-1 infection'"
"HIV/AIDS resulting in other diseases","EFO:0007011","embedding","sim=0.9002 rank=5 label='SSRI use measurement'"
"HIV/AIDS resulting in other diseases","EFO:0011021","embedding","sim=0.9053 rank=3 label='BRCA1 mutation carier status'"
"HIV/AIDS resulting in other diseases","EFO:0011022","embedding","sim=0.9141 rank=1 label='BRCA2 mutation carier statu'"
"HIV/AIDS resulting in other diseases","EFO:0020686","embedding","sim=0.9045 rank=4 label='protein rev_hv2be measurement'"
"HIV/AIDS resulting in other diseases","EFO:0020933","embedding","sim=0.8973 rank=7 label='HIV resevoir measurement'"
"HIV/AIDS resulting in other diseases","EFO:0801838","embedding","sim=0.9104 rank=2 label='next to BRCA1 gene 1 protein measurement'"
"HIV/AIDS resulting in other diseases","MONDO:0000001","",""
"HIV/AIDS resulting in other diseases","MONDO:0012268","",""
"HIV/AIDS resulting in other diseases","OBA:2053972","embedding","sim=0.8955 rank=8 label='DIABLO/MITD1 protein level ratio in blood'"
"HIV/AIDS resulting in other diseases","OBA:2053975","embedding","sim=0.8985 rank=6 label='DIABLO/VSIR protein level ratio in blood'"
"HIV/AIDS resulting in other diseases","OBA:2055700","embedding","sim=0.8944 rank=9 label='SPARC/TJAP1 protein level ratio in blood'"
"Headache disorders","HP:0002315","",""
"Headache disorders","MONDO:0001165","embedding","sim=0.9277 rank=9 label='tongue disorder'"
"Headache disorders","MONDO:0001176","embedding","sim=0.9341 rank=2 label='lens disorder'"
"Headache disorders","MONDO:0002436","embedding","sim=0.9315 rank=5 label='nasal disorder'"
"Headache disorders","MONDO:0004298","embedding","sim=0.9341 rank=3 label='stomach disorder'"
"Headache disorders","MONDO:0006858","embedding","sim=0.9302 rank=7 label='mouth disorder'"
"Headache disorders","MONDO:0006999","embedding","sim=0.9322 rank=4 label='tooth disorder'"
"Headache disorders","MONDO:0021084","embedding","sim=0.9307 rank=6 label='vision disorder'"
"Headache disorders","MONDO:0021146","embedding","sim=0.971 rank=1 label='headache disorder'"
"Headache disorders","MONDO:0024654","embedding","sim=0.9291 rank=8 label='skull disorder'"
"Headache disorders","MONDO:0043862","embedding","sim=0.9223 rank=10 label='voice disorders'"
"Hemoglobinopathies and hemolytic anemias","EFO:0803379","embedding","sim=0.9112 rank=5 label='anti-GAD65 autoimmune neurological syndromes'"
"Hemoglobinopathies and hemolytic anemias","MONDO:0001332","embedding","sim=0.9103 rank=6 label='palindromic rheumatism'"
"Hemoglobinopathies and hemolytic anemias","MONDO:0001336","embedding","sim=0.9078 rank=8 label='familial hyperlipidemia'"
"Hemoglobinopathies and hemolytic anemias","MONDO:0002280","",""
"Hemoglobinopathies and hemolytic anemias","MONDO:0003689","embedding","sim=0.9333 rank=2 label='familial hemolytic anemia'"
"Hemoglobinopathies and hemolytic anemias","MONDO:0005439","embedding","sim=0.9067 rank=10 label='familial hypercholesterolemia'"
"Hemoglobinopathies and hemolytic anemias","MONDO:0013209","embedding","sim=0.907 rank=9 label='metabolic dysfunction-associated steatotic liver disease'"
"Hemoglobinopathies and hemolytic anemias","MONDO:0019050","embedding","sim=0.9445 rank=1 label='inherited hemoglobinopathy'"
"Hemoglobinopathies and hemolytic anemias","MONDO:0020108","embedding","sim=0.9277 rank=3 label='autoimmune hemolytic anemia'"
"Hemoglobinopathies and hemolytic anemias","MONDO:0021559","embedding","sim=0.9243 rank=4 label='non-autoimmune hemolytic anemia'"
"Hemoglobinopathies and hemolytic anemias","OBA:2044910","embedding","sim=0.9095 rank=7 label='level of regulator of hemoglobinization and erythroid cell expansion protein (human) in blood serum'"
"Hemolytic disease and other neonatal jaundice","EFO:0006519","embedding","sim=0.9072 rank=7 label='MMR-related febrile seizures'"
"Hemolytic disease and other neonatal jaundice","EFO:0007299","embedding","sim=0.9129 rank=4 label='hemorrhagic fever with renal syndrome'"
"Hemolytic disease and other neonatal jaundice","EFO:1000739","embedding","sim=0.9415 rank=1 label='neonatal jaundice'"
"Hemolytic disease and other neonatal jaundice","HP:0000791","embedding","sim=0.9032 rank=10 label='Uric acid nephrolithiasis'"
"Hemolytic disease and other neonatal jaundice","HP:0000952","",""
"Hemolytic disease and other neonatal jaundice","MONDO:0000001","",""
"Hemolytic disease and other neonatal jaundice","MONDO:0001332","embedding","sim=0.9035 rank=9 label='palindromic rheumatism'"
"Hemolytic disease and other neonatal jaundice","MONDO:0005313","embedding","sim=0.9189 rank=2 label='necrotizing enterocolitis'"
"Hemolytic disease and other neonatal jaundice","MONDO:0006608","embedding","sim=0.9043 rank=8 label='seborrheic dermatitis'"
"Hemolytic disease and other neonatal jaundice","MONDO:0019125","embedding","sim=0.9088 rank=5 label='relapsing polychondritis'"
"Hemolytic disease and other neonatal jaundice","MONDO:0019191","embedding","sim=0.9176 rank=3 label='IgG4-related dacryoadenitis and sialadenitis'"
"Hemolytic disease and other neonatal jaundice","MONDO:0019810","embedding","sim=0.9074 rank=6 label='toxic epidermal necrolysis'"
"Hepatoblastoma","EFO:0008505","embedding","sim=0.9311 rank=4 label='hepatitis virus-related hepatocellular carcinoma'"
"Hepatoblastoma","HP:0001395","embedding","sim=0.9135 rank=8 label='Hepatic fibrosis'"
"Hepatoblastoma","HP:0001397","embedding","sim=0.9131 rank=9 label='Hepatic steatosis'"
"Hepatoblastoma","HP:0002240","embedding","sim=0.9315 rank=3 label='Hepatomegaly'"
"Hepatoblastoma","HP:0031207","embedding","sim=0.9321 rank=2 label='Hepatic hemangioma'"
"Hepatoblastoma","MONDO:0001487","embedding","sim=0.9153 rank=6 label='intrahepatic bile duct cancer'"
"Hepatoblastoma","MONDO:0002515","embedding","sim=0.9265 rank=5 label='hepatobiliary disorder'"
"Hepatoblastoma","MONDO:0005206","embedding","sim=0.9114 rank=10 label='renal carcinoma'"
"Hepatoblastoma","MONDO:0007256","embedding","sim=0.9608 rank=1 label='hepatocellular carcinoma'"
"Hepatoblastoma","MONDO:0018177","embedding","sim=0.9142 rank=7 label='glioblastoma'"
"Hodgkin lymphoma","MONDO:0000432","embedding","sim=0.8738 rank=8 label='lymphoplasmacytic lymphoma'"
"Hodgkin lymphoma","MONDO:0004633","embedding","sim=0.9398 rank=4 label='Hodgkin's lymphoma, mixed cellularity'"
"Hodgkin lymphoma","MONDO:0004665","embedding","sim=0.9435 rank=3 label='nodular sclerosis classical Hodgkin lymphoma'"
"Hodgkin lymphoma","MONDO:0004952","embedding","sim=0.9719 rank=1 label='Hodgkins lymphoma'"
"Hodgkin lymphoma","MONDO:0005062","",""
"Hodgkin lymphoma","MONDO:0007243","embedding","sim=0.8945 rank=6 label='Burkitt lymphoma'"
"Hodgkin lymphoma","MONDO:0017604","embedding","sim=0.8701 rank=10 label='marginal zone lymphoma'"
"Hodgkin lymphoma","MONDO:0018905","embedding","sim=0.8724 rank=9 label='diffuse large B-cell lymphoma'"
"Hodgkin lymphoma","MONDO:0018906","embedding","sim=0.8794 rank=7 label='follicular lymphoma'"
"Hodgkin lymphoma","MONDO:0018908","embedding","sim=0.9691 rank=2 label='non-Hodgkin lymphoma'"
"Hodgkin lymphoma","MONDO:0044887","embedding","sim=0.9394 rank=5 label='central nervous system non-hodgkin lymphoma'"
"Hookworm disease","MONDO:0000001","",""
"Hookworm disease","MONDO:0000989","embedding","sim=0.9209 rank=1 label='mumps infectious disease'"
"Hookworm disease","MONDO:0002041","embedding","sim=0.894 rank=10 label='fungal infectious disease'"
"Hookworm disease","MONDO:0005108","embedding","sim=0.9087 rank=6 label='viral infectious disease'"
"Hookworm disease","MONDO:0005113","embedding","sim=0.9102 rank=5 label='bacterial infectious disease'"
"Hookworm disease","MONDO:0005135","embedding","sim=0.9157 rank=2 label='parasitic infectious disease'"
"Hookworm disease","MONDO:0005550","embedding","sim=0.9109 rank=4 label='infectious disease'"
"Hookworm disease","MONDO:0005644","embedding","sim=0.8961 rank=8 label='amebiasis'"
"Hookworm disease","MONDO:0005766","embedding","sim=0.8961 rank=7 label='fungal lung infectious disease'"
"Hookworm disease","MONDO:0020950","embedding","sim=0.9112 rank=3 label='viral eye infection'"
"Hookworm disease","MONDO:0043885","embedding","sim=0.8952 rank=9 label='eye infectious disorder'"
"Hypertensive heart disease","EFO:1002006","embedding","sim=0.9344 rank=9 label='treatment-resistant hypertension'"
"Hypertensive heart disease","MONDO:0000001","",""
"Hypertensive heart disease","MONDO:0001134","embedding","sim=0.9424 rank=4 label='essential hypertension'"
"Hypertensive heart disease","MONDO:0001200","embedding","sim=0.94 rank=6 label='secondary hypertension'"
"Hypertensive heart disease","MONDO:0001302","embedding","sim=1 rank=1 label='hypertensive heart disease'"
"Hypertensive heart disease","MONDO:0005044","embedding","sim=0.9586 rank=2 label='hypertensive disorder'"
"Hypertensive heart disease","MONDO:0005149","embedding","sim=0.9487 rank=3 label='pulmonary hypertension'"
"Hypertensive heart disease","MONDO:0005430","embedding","sim=0.9416 rank=5 label='early onset hypertension'"
"Hypertensive heart disease","MONDO:0006875","embedding","sim=0.9364 rank=7 label='ocular hypertension'"
"Hypertensive heart disease","MONDO:0015924","embedding","sim=0.9352 rank=8 label='pulmonary arterial hypertension'"
"Hypertensive heart disease","MONDO:0024633","embedding","sim=0.9334 rank=10 label='hypertensive nephropathy'"
"Idiopathic developmental intellectual disability","EFO:0000768","embedding","sim=0.8865 rank=10 label='idiopathic pulmonary fibrosis'"
"Idiopathic developmental intellectual disability","HP:0001249","",""
"Idiopathic developmental intellectual disability","MONDO:0000592","embedding","sim=0.9048 rank=4 label='specific developmental disorder'"
"Idiopathic developmental intellectual disability","MONDO:0000594","embedding","sim=0.9079 rank=3 label='pervasive developmental disorder'"
"Idiopathic developmental intellectual disability","MONDO:0001161","embedding","sim=0.8865 rank=9 label='schizoid personality disorder'"
"Idiopathic developmental intellectual disability","MONDO:0002320","embedding","sim=0.8964 rank=6 label='congenital nervous system disorder'"
"Idiopathic developmental intellectual disability","MONDO:0002326","embedding","sim=0.8912 rank=7 label='alcohol-induced mental disorder'"
"Idiopathic developmental intellectual disability","MONDO:0005379","embedding","sim=0.8999 rank=5 label='neurotic disorder'"
"Idiopathic developmental intellectual disability","MONDO:0005503","embedding","sim=0.9107 rank=2 label='developmental disorder of mental health'"
"Idiopathic developmental intellectual disability","MONDO:0005579","embedding","sim=0.9156 rank=1 label='idiopathic generalized epilepsy'"
"Idiopathic developmental intellectual disability","MONDO:0019433","embedding","sim=0.8873 rank=8 label='oligoarticular juvenile idiopathic arthritis'"
"Idiopathic epilepsy","EFO:0009277","embedding","sim=0.8887 rank=10 label='supraventricular ectopy'"
"Idiopathic epilepsy","MONDO:0005027","embedding","sim=0.9308 rank=5 label='epilepsy'"
"Idiopathic epilepsy","MONDO:0005379","embedding","sim=0.8951 rank=8 label='neurotic disorder'"
"Idiopathic epilepsy","MONDO:0005384","embedding","sim=0.9568 rank=2 label='focal epilepsy'"
"Idiopathic epilepsy","MONDO:0005487","embedding","sim=0.8904 rank=9 label='schizoaffective disorder'"
"Idiopathic epilepsy","MONDO:0005579","embedding","sim=0.987 rank=1 label='idiopathic generalized epilepsy'"
"Idiopathic epilepsy","MONDO:0009696","embedding","sim=0.9259 rank=6 label='juvenile myoclonic epilepsy'"
"Idiopathic epilepsy","MONDO:0010826","embedding","sim=0.9337 rank=4 label='childhood absence epilepsy'"
"Idiopathic epilepsy","MONDO:0012197","embedding","sim=0.896 rank=7 label='idiopathic aplastic anemia'"
"Idiopathic epilepsy","MONDO:0800453","embedding","sim=0.9362 rank=3 label='juvenile absence epilepsy'"
"Indirect maternal deaths","EFO:0000480","embedding","sim=0.8738 rank=9 label='event death'"
"Indirect maternal deaths","EFO:0006924","embedding","sim=0.8749 rank=6 label='household air pollution measurement'"
"Indirect maternal deaths","EFO:0008362","embedding","sim=0.8778 rank=4 label='farm exposure measurement'"
"Indirect maternal deaths","EFO:0009436","embedding","sim=0.894 rank=2 label='offspring survival measurement'"
"Indirect maternal deaths","EFO:0009437","embedding","sim=0.9104 rank=1 label='offspring mortality measurement'"
"Indirect maternal deaths","EFO:0009439","embedding","sim=0.8739 rank=8 label='multiple births measurement'"
"Indirect maternal deaths","EFO:0009638","embedding","sim=0.8728 rank=10 label='spontaneous labor and birth'"
"Indirect maternal deaths","EFO:0010703","embedding","sim=0.874 rank=7 label='trauma exposure measurement'"
"Indirect maternal deaths","EFO:0022939","embedding","sim=0.8781 rank=3 label='labor and delivery complications'"
"Indirect maternal deaths","MONDO:0006774","embedding","sim=0.8765 rank=5 label='habitual spontaneous abortion'"
"Inflammatory bowel disease","EFO:1000636","embedding","sim=0.9 rank=8 label='inflammatory skin disease'"
"Inflammatory bowel disease","MONDO:0000001","",""
"Inflammatory bowel disease","MONDO:0000916","embedding","sim=0.9196 rank=3 label='intestinal infectious disease'"
"Inflammatory bowel disease","MONDO:0000922","embedding","sim=0.923 rank=2 label='pelvic inflammatory disease'"
"Inflammatory bowel disease","MONDO:0004335","embedding","sim=0.8939 rank=10 label='digestive system disorder'"
"Inflammatory bowel disease","MONDO:0004565","embedding","sim=0.8969 rank=9 label='intestinal obstruction'"
"Inflammatory bowel disease","MONDO:0004880","embedding","sim=0.9114 rank=4 label='bowel dysfunction'"
"Inflammatory bowel disease","MONDO:0005020","embedding","sim=0.9053 rank=5 label='intestinal disorder'"
"Inflammatory bowel disease","MONDO:0005052","embedding","sim=0.9035 rank=6 label='irritable bowel syndrome'"
"Inflammatory bowel disease","MONDO:0005265","embedding","sim=1 rank=1 label='inflammatory bowel disease'"
"Inflammatory bowel disease","MONDO:0043424","embedding","sim=0.9005 rank=7 label='digestive system infectious disorder'"
"Inguinal, femoral, and abdominal hernia","EFO:0004724","embedding","sim=0.8906 rank=8 label='carotid-femoral pulse wave velocity'"
"Inguinal, femoral, and abdominal hernia","EFO:0008561","embedding","sim=0.894 rank=5 label='diaphragmatic hernia'"
"Inguinal, femoral, and abdominal hernia","EFO:0009524","embedding","sim=0.893 rank=6 label='female genital tract fistula'"
"Inguinal, femoral, and abdominal hernia","EFO:0021423","embedding","sim=0.889 rank=10 label='family history of uterine fibroids'"
"Inguinal, femoral, and abdominal hernia","EFO:1001791","embedding","sim=0.8985 rank=3 label='femoral hernia'"
"Inguinal, femoral, and abdominal hernia","HP:0000023","embedding","sim=0.923 rank=1 label='Inguinal hernia'"
"Inguinal, femoral, and abdominal hernia","HP:0001537","embedding","sim=0.8895 rank=9 label='Umbilical hernia'"
"Inguinal, femoral, and abdominal hernia","HP:0004299","embedding","sim=0.8961 rank=4 label='Hernia of the abdominal wall'"
"Inguinal, femoral, and abdominal hernia","HP:0100790","",""
"Inguinal, femoral, and abdominal hernia","MONDO:0006061","embedding","sim=0.9005 rank=2 label='cervical artery dissection'"
"Inguinal, femoral, and abdominal hernia","MONDO:0019719","embedding","sim=0.8923 rank=7 label='congenital anomaly of kidney and urinary tract'"
"Interstitial lung disease and pulmonary sarcoidosis","EFO:0000768","embedding","sim=0.9107 rank=7 label='idiopathic pulmonary fibrosis'"
"Interstitial lung disease and pulmonary sarcoidosis","EFO:0009797","embedding","sim=0.9229 rank=2 label='lung disease associated with cystic fibrosis'"
"Interstitial lung disease and pulmonary sarcoidosis","EFO:0010723","embedding","sim=0.912 rank=5 label='ocular sarcoidosis'"
"Interstitial lung disease and pulmonary sarcoidosis","EFO:1000869","embedding","sim=0.9129 rank=4 label='chronic interstitial cystitis'"
"Interstitial lung disease and pulmonary sarcoidosis","MONDO:0000001","",""
"Interstitial lung disease and pulmonary sarcoidosis","MONDO:0001085","embedding","sim=0.9119 rank=6 label='interstitial nephritis'"
"Interstitial lung disease and pulmonary sarcoidosis","MONDO:0001437","embedding","sim=0.905 rank=9 label='pulmonary alveolar proteinosis'"
"Interstitial lung disease and pulmonary sarcoidosis","MONDO:0005413","embedding","sim=0.9154 rank=3 label='cystic fibrosis associated meconium ileus'"
"Interstitial lung disease and pulmonary sarcoidosis","MONDO:0012105","embedding","sim=0.9096 rank=8 label='granulomatosis with polyangiitis'"
"Interstitial lung disease and pulmonary sarcoidosis","MONDO:0015925","embedding","sim=0.9517 rank=1 label='interstitial lung disease'"
"Interstitial lung disease and pulmonary sarcoidosis","MONDO:0015943","embedding","sim=0.903 rank=10 label='eosinophilic granulomatosis with polyangiitis'"
"Interstitial lung disease and pulmonary sarcoidosis","MONDO:0019338","",""
"Intestinal nematode infections","EFO:0000544","",""
"Intestinal nematode infections","EFO:0009705","embedding","sim=0.9202 rank=2 label='small intestine enteropathy'"
"Intestinal nematode infections","EFO:0011031","embedding","sim=0.9065 rank=10 label='intestinal permeability measurement'"
"Intestinal nematode infections","EFO:1000989","embedding","sim=0.9113 rank=6 label='intestinal volvulus'"
"Intestinal nematode infections","MONDO:0000916","embedding","sim=0.9536 rank=1 label='intestinal infectious disease'"
"Intestinal nematode infections","MONDO:0002428","embedding","sim=0.9077 rank=9 label='protozoa infectious disease'"
"Intestinal nematode infections","MONDO:0004565","embedding","sim=0.9106 rank=8 label='intestinal obstruction'"
"Intestinal nematode infections","MONDO:0004571","embedding","sim=0.9143 rank=3 label='intestinal impaction'"
"Intestinal nematode infections","MONDO:0004622","embedding","sim=0.9132 rank=4 label='chronic intestinal vascular insufficiency'"
"Intestinal nematode infections","MONDO:0005020","embedding","sim=0.912 rank=5 label='intestinal disorder'"
"Intestinal nematode infections","MONDO:0043424","embedding","sim=0.9109 rank=7 label='digestive system infectious disorder'"
"Intracerebral hemorrhage","EFO:0000551","embedding","sim=0.9672 rank=4 label='intracranial hemorrhage'"
"Intracerebral hemorrhage","EFO:0008626","embedding","sim=0.9345 rank=9 label='vitreous hemorrhage'"
"Intracerebral hemorrhage","EFO:0009579","embedding","sim=0.9378 rank=8 label='postpartum hemorrhage'"
"Intracerebral hemorrhage","EFO:0010177","embedding","sim=0.9835 rank=2 label='lobar intracerebral hemorrhage'"
"Intracerebral hemorrhage","EFO:0010178","embedding","sim=0.9701 rank=3 label='non-lobar intracerebral hemorrhage'"
"Intracerebral hemorrhage","HP:0000573","embedding","sim=0.9415 rank=6 label='Retinal hemorrhage'"
"Intracerebral hemorrhage","HP:0002239","embedding","sim=0.9379 rank=7 label='Gastrointestinal hemorrhage'"
"Intracerebral hemorrhage","HP:0025328","embedding","sim=0.9318 rank=10 label='Antepartum hemorrhage'"
"Intracerebral hemorrhage","HP:0100309","embedding","sim=0.9533 rank=5 label='Subdural hemorrhage'"
"Intracerebral hemorrhage","MONDO:0013792","embedding","sim=1 rank=1 label='intracerebral hemorrhage'"
"Intracerebral hemorrhage","MP:0001914","",""
"Invasive Non-typhoidal Salmonella (iNTS)","EFO:0009087","embedding","sim=0.9573 rank=1 label='non-typhoidal Salmonella bacteremia'"
"Invasive Non-typhoidal Salmonella (iNTS)","EFO:0009353","embedding","sim=0.9002 rank=3 label='Anti-Toxoplasma gondii IgG measurement'"
"Invasive Non-typhoidal Salmonella (iNTS)","EFO:0010084","embedding","sim=0.8935 rank=10 label='anti-meningococcal C IgG measurement'"
"Invasive Non-typhoidal Salmonella (iNTS)","EFO:0010085","embedding","sim=0.8973 rank=6 label='anti-tetanus toxoid IgG measurement'"
"Invasive Non-typhoidal Salmonella (iNTS)","EFO:0801092","embedding","sim=0.8992 rank=4 label='anti-Theiler's virus IgG measurement'"
"Invasive Non-typhoidal Salmonella (iNTS)","EFO:0801782","embedding","sim=0.8937 rank=9 label='malignant T-cell-amplified sequence 1 measurement'"
"Invasive Non-typhoidal Salmonella (iNTS)","MONDO:0006752","embedding","sim=0.8943 rank=8 label='Erysipelothrix rhusiopathiae infectious disease'"
"Invasive Non-typhoidal Salmonella (iNTS)","MONDO:0018469","embedding","sim=0.916 rank=2 label='pulmonary non-tuberculous mycobacterial infection'"
"Invasive Non-typhoidal Salmonella (iNTS)","OBA:2040193","embedding","sim=0.8949 rank=7 label='level of fungal/metazoan cullin-1 in blood serum'"
"Invasive Non-typhoidal Salmonella (iNTS)","OBA:2051394","embedding","sim=0.8988 rank=5 label='level of ecotropic viral integration site 5 protein in blood'"
"Iodine deficiency","EFO:0003762","embedding","sim=0.8775 rank=6 label='vitamin D deficiency'"
"Iodine deficiency","EFO:0008614","embedding","sim=0.9134 rank=1 label='Iodine Deficiency Hypothyroidism'"
"Iodine deficiency","EFO:0010540","embedding","sim=0.8708 rank=10 label='thiamine measurement'"
"Iodine deficiency","EFO:0010546","embedding","sim=0.8772 rank=7 label='uridine measurement'"
"Iodine deficiency","EFO:0920016","embedding","sim=0.9071 rank=2 label='selenium deficiency'"
"Iodine deficiency","MONDO:0001341","embedding","sim=0.8844 rank=3 label='selective IgA deficiency disease'"
"Iodine deficiency","MONDO:0003019","embedding","sim=0.8831 rank=4 label='potassium deficiency disease'"
"Iodine deficiency","MONDO:0006873","embedding","sim=0.8729 rank=9 label='nutritional deficiency disease'"
"Iodine deficiency","MONDO:0020696","embedding","sim=0.8753 rank=8 label='vitamin B12 deficiency'"
"Iodine deficiency","MONDO:0024298","embedding","sim=0.878 rank=5 label='vitamin deficiency disorder'"
"Ischemic heart disease","EFO:0001425","embedding","sim=0.9419 rank=1 label='ischemic cardiomyopathy'"
"Ischemic heart disease","EFO:0009881","embedding","sim=0.9089 rank=7 label='nonischemic cardiomyopathy'"
"Ischemic heart disease","HP:0002140","embedding","sim=0.9406 rank=2 label='Ischemic stroke'"
"Ischemic heart disease","HP:0002637","embedding","sim=0.9277 rank=5 label='Cerebral ischemia'"
"Ischemic heart disease","MONDO:0000001","",""
"Ischemic heart disease","MONDO:0001302","embedding","sim=0.9045 rank=8 label='hypertensive heart disease'"
"Ischemic heart disease","MONDO:0001538","embedding","sim=0.9137 rank=6 label='retinal ischemia'"
"Ischemic heart disease","MONDO:0005021","embedding","sim=0.9011 rank=9 label='dilated cardiomyopathy'"
"Ischemic heart disease","MONDO:0005264","embedding","sim=0.9293 rank=3 label='transient ischemic attack'"
"Ischemic heart disease","MONDO:0005453","embedding","sim=0.9004 rank=10 label='congenital heart disease'"
"Ischemic heart disease","MONDO:0024644","embedding","sim=0.9292 rank=4 label='myocardial ischemia'"
"Ischemic stroke","EFO:1001408","embedding","sim=0.9034 rank=9 label='Pulmonary Infarction'"
"Ischemic stroke","EFO:1001504","embedding","sim=0.9044 rank=8 label='small vessel stroke'"
"Ischemic stroke","EFO:1001976","embedding","sim=0.9007 rank=10 label='cardioembolic stroke'"
"Ischemic stroke","HP:0002140","embedding","sim=1 rank=1 label='Ischemic stroke'"
"Ischemic stroke","HP:0002637","embedding","sim=0.9555 rank=2 label='Cerebral ischemia'"
"Ischemic stroke","MONDO:0001538","embedding","sim=0.922 rank=4 label='retinal ischemia'"
"Ischemic stroke","MONDO:0002679","embedding","sim=0.9115 rank=6 label='cerebral infarction'"
"Ischemic stroke","MONDO:0005264","embedding","sim=0.9478 rank=3 label='transient ischemic attack'"
"Ischemic stroke","MONDO:0005394","embedding","sim=0.9197 rank=5 label='brain infarction'"
"Ischemic stroke","MONDO:0024644","embedding","sim=0.9087 rank=7 label='myocardial ischemia'"
"Kidney cancer","MONDO:0001056","embedding","sim=0.9299 rank=9 label='gastric cancer'"
"Kidney cancer","MONDO:0001128","embedding","sim=0.9295 rank=10 label='nasal cavity cancer'"
"Kidney cancer","MONDO:0001657","embedding","sim=0.9565 rank=5 label='brain cancer'"
"Kidney cancer","MONDO:0002129","embedding","sim=0.9442 rank=7 label='bone cancer'"
"Kidney cancer","MONDO:0002367","embedding","sim=1 rank=1 label='kidney cancer'"
"Kidney cancer","MONDO:0002691","embedding","sim=0.9659 rank=2 label='liver cancer'"
"Kidney cancer","MONDO:0002898","embedding","sim=0.9545 rank=6 label='skin cancer'"
"Kidney cancer","MONDO:0004631","embedding","sim=0.9588 rank=4 label='tongue cancer'"
"Kidney cancer","MONDO:0004992","",""
"Kidney cancer","MONDO:0007254","embedding","sim=0.9383 rank=8 label='breast cancer'"
"Kidney cancer","MONDO:0008903","embedding","sim=0.9626 rank=3 label='lung cancer'"
"Klinefelter syndrome","EFO:0009268","embedding","sim=0.8647 rank=9 label='family history of Alzheimer’s disease'"
"Klinefelter syndrome","EFO:0022957","embedding","sim=0.8678 rank=8 label='early-onset Alzheimers disease'"
"Klinefelter syndrome","EFO:1000965","embedding","sim=0.8685 rank=6 label='Henoch-Schoenlein purpura'"
"Klinefelter syndrome","EFO:1001870","embedding","sim=0.8646 rank=10 label='late-onset Alzheimers disease'"
"Klinefelter syndrome","MONDO:0001858","embedding","sim=0.8678 rank=7 label='Tietze syndrome'"
"Klinefelter syndrome","MONDO:0007863","embedding","sim=0.8812 rank=1 label='Kleine-Levin syndrome'"
"Klinefelter syndrome","MONDO:0010030","embedding","sim=0.8725 rank=2 label='Sjogren syndrome'"
"Klinefelter syndrome","MONDO:0012061","embedding","sim=0.8693 rank=5 label='familial sick sinus syndrome'"
"Klinefelter syndrome","MONDO:0018229","embedding","sim=0.8697 rank=4 label='Stevens-Johnson syndrome'"
"Klinefelter syndrome","MONDO:0018309","embedding","sim=0.8708 rank=3 label='Hirschsprung disease'"
"Larynx cancer","MONDO:0001056","embedding","sim=0.9242 rank=9 label='gastric cancer'"
"Larynx cancer","MONDO:0001369","embedding","sim=0.9307 rank=5 label='chronic laryngitis'"
"Larynx cancer","MONDO:0001672","embedding","sim=0.9281 rank=6 label='bronchus cancer'"
"Larynx cancer","MONDO:0002352","embedding","sim=1 rank=1 label='larynx cancer'"
"Larynx cancer","MONDO:0002358","embedding","sim=0.9396 rank=3 label='laryngeal carcinoma'"
"Larynx cancer","MONDO:0004382","embedding","sim=0.9404 rank=2 label='laryngeal disorder'"
"Larynx cancer","MONDO:0004777","embedding","sim=0.9267 rank=8 label='acute laryngitis'"
"Larynx cancer","MONDO:0004992","",""
"Larynx cancer","MONDO:0005517","embedding","sim=0.9309 rank=4 label='pharynx cancer'"
"Larynx cancer","MONDO:0006519","embedding","sim=0.927 rank=7 label='rectal cancer'"
"Larynx cancer","MONDO:0007576","embedding","sim=0.9197 rank=10 label='esophageal cancer'"
"Late maternal deaths","EFO:0000480","embedding","sim=0.8799 rank=7 label='event death'"
"Late maternal deaths","EFO:0006919","embedding","sim=0.8658 rank=10 label='cardiovascular event measurement'"
"Late maternal deaths","EFO:0009436","embedding","sim=0.8929 rank=2 label='offspring survival measurement'"
"Late maternal deaths","EFO:0009437","embedding","sim=0.8967 rank=1 label='offspring mortality measurement'"
"Late maternal deaths","EFO:0009439","embedding","sim=0.87 rank=9 label='multiple births measurement'"
"Late maternal deaths","EFO:0009638","embedding","sim=0.8735 rank=8 label='spontaneous labor and birth'"
"Late maternal deaths","EFO:0022939","embedding","sim=0.8882 rank=4 label='labor and delivery complications'"
"Late maternal deaths","HP:0001522","embedding","sim=0.8811 rank=6 label='Death in infancy'"
"Late maternal deaths","HP:0001699","embedding","sim=0.8903 rank=3 label='Sudden death'"
"Late maternal deaths","MONDO:0006774","embedding","sim=0.8876 rank=5 label='habitual spontaneous abortion'"
"Latent tuberculosis infection","EFO:0000544","",""
"Latent tuberculosis infection","EFO:0007743","embedding","sim=0.8945 rank=10 label='influenza A severity measurement'"
"Latent tuberculosis infection","EFO:0007744","embedding","sim=0.8985 rank=5 label='lung disease severity measurement'"
"Latent tuberculosis infection","MONDO:0000989","embedding","sim=0.9075 rank=2 label='mumps infectious disease'"
"Latent tuberculosis infection","MONDO:0005113","embedding","sim=0.8962 rank=8 label='bacterial infectious disease'"
"Latent tuberculosis infection","MONDO:0005766","embedding","sim=0.9095 rank=1 label='fungal lung infectious disease'"
"Latent tuberculosis infection","MONDO:0006042","embedding","sim=0.9062 rank=3 label='meningeal tuberculosis'"
"Latent tuberculosis infection","MONDO:0006931","embedding","sim=0.8957 rank=9 label='pulmonary coin lesion'"
"Latent tuberculosis infection","MONDO:0018076","",""
"Latent tuberculosis infection","MONDO:0019355","embedding","sim=0.8966 rank=7 label='adult-onset Still disease'"
"Latent tuberculosis infection","MONDO:0020950","embedding","sim=0.8993 rank=4 label='viral eye infection'"
"Latent tuberculosis infection","MONDO:0043885","embedding","sim=0.8975 rank=6 label='eye infectious disorder'"
"Leishmaniasis","MONDO:0000989","embedding","sim=0.8765 rank=5 label='mumps infectious disease'"
"Leishmaniasis","MONDO:0002040","embedding","sim=0.8837 rank=4 label='dermatomycosis'"
"Leishmaniasis","MONDO:0004664","embedding","sim=0.8686 rank=7 label='helminthiasis'"
"Leishmaniasis","MONDO:0005135","embedding","sim=0.8667 rank=10 label='parasitic infectious disease'"
"Leishmaniasis","MONDO:0005445","embedding","sim=0.928 rank=2 label='visceral leishmaniasis'"
"Leishmaniasis","MONDO:0005446","embedding","sim=0.9632 rank=1 label='cutaneous leishmaniasis'"
"Leishmaniasis","MONDO:0005644","embedding","sim=0.8874 rank=3 label='amebiasis'"
"Leishmaniasis","MONDO:0005832","embedding","sim=0.868 rank=9 label='lymphangitis'"
"Leishmaniasis","MONDO:0010481","embedding","sim=0.8684 rank=8 label='angioedema'"
"Leishmaniasis","MONDO:0021697","embedding","sim=0.871 rank=6 label='chlamydia infectious disease'"
"Leprosy","EFO:0009180","embedding","sim=0.8489 rank=9 label='rosacea severity measurement'"
"Leprosy","EFO:0010549","embedding","sim=0.8479 rank=10 label='xanthosine measurement'"
"Leprosy","EFO:0010606","embedding","sim=0.8573 rank=3 label='sclerostin measurement'"
"Leprosy","EFO:0802713","embedding","sim=0.8572 rank=4 label='lupus La protein measurement'"
"Leprosy","MONDO:0005124","embedding","sim=1 rank=1 label='leprosy'"
"Leprosy","MONDO:0005982","embedding","sim=0.8505 rank=6 label='tinea infection'"
"Leprosy","MONDO:0006592","embedding","sim=0.85 rank=8 label='parapsoriasis'"
"Leprosy","MONDO:0012817","embedding","sim=0.8538 rank=5 label='Ewing sarcoma'"
"Leprosy","MONDO:0019340","embedding","sim=0.8612 rank=2 label='scleroderma'"
"Leprosy","MONDO:0019632","embedding","sim=0.8501 rank=7 label='Lyme disease'"
"Leukemia","EFO:0010788","",""
"Leukemia","EFO:0021910","",""
"Leukemia","EFO:0801403","",""
"Leukemia","EFO:0801764","embedding","sim=0.8754 rank=9 label='leukemia inhibitory factor measurement'"
"Leukemia","EFO:0802546","",""
"Leukemia","MONDO:0000870","",""
"Leukemia","MONDO:0000871","",""
"Leukemia","MONDO:0004600","embedding","sim=0.9317 rank=4 label='monocytic leukemia'"
"Leukemia","MONDO:0004643","embedding","sim=0.9325 rank=3 label='myeloid leukemia'"
"Leukemia","MONDO:0004947","",""
"Leukemia","MONDO:0004948","",""
"Leukemia","MONDO:0004967","embedding","sim=0.8957 rank=8 label='acute lymphoblastic leukemia'"
"Leukemia","MONDO:0005059","embedding","sim=1 rank=1 label='leukemia'"
"Leukemia","MONDO:0005062","embedding","sim=0.906 rank=7 label='lymphoma'"
"Leukemia","MONDO:0005072","embedding","sim=0.8687 rank=10 label='neuroblastoma'"
"Leukemia","MONDO:0005402","embedding","sim=0.9422 rank=2 label='lymphoid leukemia'"
"Leukemia","MONDO:0011996","embedding","sim=0.907 rank=6 label='chronic myeloid leukemia'"
"Leukemia","MONDO:0018874","embedding","sim=0.9101 rank=5 label='acute myeloid leukemia'"
"Leukemia","MONDO:0600030","",""
"Leukemia","OBA:2040787","",""
"Leukemia","OBA:2040788","",""
"Leukemia","OBA:2041593","",""
"Leukemia","OBA:2041883","",""
"Leukemia","OBA:2042193","",""
"Leukemia","OBA:2042377","",""
"Leukemia","OBA:2043813","",""
"Leukemia","OBA:2043814","",""
"Leukemia","OBA:2050638","",""
"Leukemia","OBA:2050948","",""
"Leukemia","OBA:2050949","",""
"Leukemia","OBA:2051605","",""
"Lip and oral cavity cancer","MONDO:0001128","embedding","sim=0.9315 rank=2 label='nasal cavity cancer'"
"Lip and oral cavity cancer","MONDO:0003199","embedding","sim=0.9063 rank=6 label='anal carcinoma'"
"Lip and oral cavity cancer","MONDO:0003834","embedding","sim=0.9048 rank=9 label='gastric cardia carcinoma'"
"Lip and oral cavity cancer","MONDO:0004645","embedding","sim=0.9167 rank=3 label='cheek mucosa cancer'"
"Lip and oral cavity cancer","MONDO:0004989","embedding","sim=0.9072 rank=5 label='breast carcinoma'"
"Lip and oral cavity cancer","MONDO:0004992","",""
"Lip and oral cavity cancer","MONDO:0005515","embedding","sim=0.9436 rank=1 label='oral cavity cancer'"
"Lip and oral cavity cancer","MONDO:0005517","embedding","sim=0.904 rank=10 label='pharynx cancer'"
"Lip and oral cavity cancer","MONDO:0005628","embedding","sim=0.9061 rank=7 label='male breast carcinoma'"
"Lip and oral cavity cancer","MONDO:0006834","embedding","sim=0.9103 rank=4 label='lip cancer'"
"Lip and oral cavity cancer","MONDO:0021313","embedding","sim=0.9057 rank=8 label='eyelid cancer'"
"Liver cancer","MONDO:0001657","embedding","sim=0.9528 rank=4 label='brain cancer'"
"Liver cancer","MONDO:0002129","embedding","sim=0.93 rank=7 label='bone cancer'"
"Liver cancer","MONDO:0002367","embedding","sim=0.9659 rank=3 label='kidney cancer'"
"Liver cancer","MONDO:0002691","embedding","sim=1 rank=1 label='liver cancer'"
"Liver cancer","MONDO:0002898","embedding","sim=0.9493 rank=5 label='skin cancer'"
"Liver cancer","MONDO:0004631","embedding","sim=0.9472 rank=6 label='tongue cancer'"
"Liver cancer","MONDO:0004992","",""
"Liver cancer","MONDO:0005447","embedding","sim=0.9141 rank=10 label='testicular cancer'"
"Liver cancer","MONDO:0005515","embedding","sim=0.92 rank=9 label='oral cavity cancer'"
"Liver cancer","MONDO:0007254","embedding","sim=0.9295 rank=8 label='breast cancer'"
"Liver cancer","MONDO:0008903","embedding","sim=0.966 rank=2 label='lung cancer'"
"Liver cancer due to NASH","EFO:0022189","embedding","sim=0.9005 rank=10 label='total lipids in large HDL'"
"Liver cancer due to NASH","EFO:0803689","embedding","sim=0.9012 rank=9 label='trait in response to traditional medicine'"
"Liver cancer due to NASH","MONDO:0002691","",""
"Liver cancer due to NASH","MONDO:0004992","",""
"Liver cancer due to NASH","OBA:2040001","embedding","sim=0.9129 rank=1 label='trait in response to zileuton'"
"Liver cancer due to NASH","OBA:2040015","embedding","sim=0.9029 rank=8 label='trait in response to bleomycin'"
"Liver cancer due to NASH","OBA:2040029","embedding","sim=0.9078 rank=3 label='trait in response to silicon dioxide'"
"Liver cancer due to NASH","OBA:2040037","embedding","sim=0.9061 rank=4 label='trait in response to platinum'"
"Liver cancer due to NASH","OBA:2040102","embedding","sim=0.9106 rank=2 label='trait in response to sotalol'"
"Liver cancer due to NASH","OBA:2040140","embedding","sim=0.9032 rank=7 label='trait in response to Triptolide'"
"Liver cancer due to NASH","OBA:2042744","embedding","sim=0.9036 rank=6 label='level of PCNA-associated factor in blood serum'"
"Liver cancer due to NASH","OBA:2051507","embedding","sim=0.904 rank=5 label='level of lipoma-preferred partner in blood'"
"Liver cancer due to alcohol use","EFO:0005431","embedding","sim=0.8908 rank=7 label='illegal drug consumption'"
"Liver cancer due to alcohol use","EFO:0006953","embedding","sim=0.8892 rank=9 label='family history of lung cancer'"
"Liver cancer due to alcohol use","HP:0030955","embedding","sim=0.9154 rank=2 label='Addictive alcohol use'"
"Liver cancer due to alcohol use","MONDO:0001416","embedding","sim=0.8943 rank=5 label='female reproductive organ cancer'"
"Liver cancer due to alcohol use","MONDO:0002326","embedding","sim=0.9164 rank=1 label='alcohol-induced mental disorder'"
"Liver cancer due to alcohol use","MONDO:0002691","",""
"Liver cancer due to alcohol use","MONDO:0004992","",""
"Liver cancer due to alcohol use","MONDO:0005359","embedding","sim=0.8891 rank=10 label='drug-induced liver injury'"
"Liver cancer due to alcohol use","MONDO:0005836","embedding","sim=0.8936 rank=6 label='male reproductive organ cancer'"
"Liver cancer due to alcohol use","MONDO:0021698","embedding","sim=0.9133 rank=3 label='alcohol-related disorders'"
"Liver cancer due to alcohol use","MONDO:0043693","embedding","sim=0.8897 rank=8 label='alcoholic liver disease'"
"Liver cancer due to alcohol use","OBA:2040030","embedding","sim=0.8946 rank=4 label='trait in response to ethanol'"
"Liver cancer due to hepatitis B","EFO:0007540","embedding","sim=0.9311 rank=10 label='animal viral hepatitis'"
"Liver cancer due to hepatitis B","HP:0012115","",""
"Liver cancer due to hepatitis B","MONDO:0001505","embedding","sim=0.934 rank=7 label='alcoholic hepatitis'"
"Liver cancer due to hepatitis B","MONDO:0002691","",""
"Liver cancer due to hepatitis B","MONDO:0004992","",""
"Liver cancer due to hepatitis B","MONDO:0005231","embedding","sim=0.9405 rank=6 label='hepatitis C virus infection'"
"Liver cancer due to hepatitis B","MONDO:0005344","embedding","sim=0.9466 rank=4 label='hepatitis B virus infection'"
"Liver cancer due to hepatitis B","MONDO:0005354","embedding","sim=0.9471 rank=3 label='chronic hepatitis C virus infection'"
"Liver cancer due to hepatitis B","MONDO:0005366","embedding","sim=0.9528 rank=1 label='chronic hepatitis B virus infection'"
"Liver cancer due to hepatitis B","MONDO:0005448","embedding","sim=0.9336 rank=9 label='hepatitis C induced liver cirrhosis'"
"Liver cancer due to hepatitis B","MONDO:0005790","embedding","sim=0.9433 rank=5 label='hepatitis A virus infection'"
"Liver cancer due to hepatitis B","MONDO:0006011","embedding","sim=0.934 rank=8 label='viral hepatitis'"
"Liver cancer due to hepatitis B","MONDO:0100370","embedding","sim=0.9497 rank=2 label='acute hepatitis B virus infection'"
"Liver cancer due to hepatitis C","EFO:0008505","embedding","sim=0.9346 rank=10 label='hepatitis virus-related hepatocellular carcinoma'"
"Liver cancer due to hepatitis C","HP:0012115","",""
"Liver cancer due to hepatitis C","MONDO:0001505","embedding","sim=0.9352 rank=8 label='alcoholic hepatitis'"
"Liver cancer due to hepatitis C","MONDO:0002691","",""
"Liver cancer due to hepatitis C","MONDO:0004992","",""
"Liver cancer due to hepatitis C","MONDO:0005231","embedding","sim=0.9449 rank=3 label='hepatitis C virus infection'"
"Liver cancer due to hepatitis C","MONDO:0005344","embedding","sim=0.9354 rank=7 label='hepatitis B virus infection'"
"Liver cancer due to hepatitis C","MONDO:0005354","embedding","sim=0.9527 rank=1 label='chronic hepatitis C virus infection'"
"Liver cancer due to hepatitis C","MONDO:0005366","embedding","sim=0.945 rank=2 label='chronic hepatitis B virus infection'"
"Liver cancer due to hepatitis C","MONDO:0005448","embedding","sim=0.943 rank=4 label='hepatitis C induced liver cirrhosis'"
"Liver cancer due to hepatitis C","MONDO:0005790","embedding","sim=0.9409 rank=6 label='hepatitis A virus infection'"
"Liver cancer due to hepatitis C","MONDO:0006011","embedding","sim=0.9349 rank=9 label='viral hepatitis'"
"Liver cancer due to hepatitis C","MONDO:0100370","embedding","sim=0.9418 rank=5 label='acute hepatitis B virus infection'"
"Liver cancer due to other causes","EFO:0005606","embedding","sim=0.8681 rank=8 label='family history of breast cancer'"
"Liver cancer due to other causes","EFO:0006953","embedding","sim=0.8821 rank=2 label='family history of lung cancer'"
"Liver cancer due to other causes","EFO:0009640","embedding","sim=0.8764 rank=3 label='family history of cancer'"
"Liver cancer due to other causes","EFO:0010671","embedding","sim=0.8717 rank=5 label='arterial embolism'"
"Liver cancer due to other causes","EFO:0600083","embedding","sim=0.8702 rank=6 label='family history of prostate cancer'"
"Liver cancer due to other causes","MONDO:0002326","embedding","sim=0.8697 rank=7 label='alcohol-induced mental disorder'"
"Liver cancer due to other causes","MONDO:0002691","",""
"Liver cancer due to other causes","MONDO:0004992","",""
"Liver cancer due to other causes","MONDO:0005401","embedding","sim=0.8679 rank=10 label='colonic neoplasm'"
"Liver cancer due to other causes","MONDO:0021698","embedding","sim=0.8751 rank=4 label='alcohol-related disorders'"
"Liver cancer due to other causes","MONDO:0023370","embedding","sim=0.8846 rank=1 label='neoplastic disease or syndrome'"
"Liver cancer due to other causes","OBA:2045296","embedding","sim=0.8679 rank=9 label='defense response to other organism process attribute'"
"Low back pain","HP:0002027","embedding","sim=0.9141 rank=7 label='Abdominal pain'"
"Low back pain","HP:0003418","embedding","sim=0.9472 rank=2 label='Back pain'"
"Low back pain","HP:0003419","embedding","sim=1 rank=1 label='Low back pain'"
"Low back pain","HP:0009763","embedding","sim=0.9133 rank=8 label='Limb pain'"
"Low back pain","HP:0012514","embedding","sim=0.9435 rank=3 label='Lower limb pain'"
"Low back pain","HP:0012531","",""
"Low back pain","HP:0030833","embedding","sim=0.9305 rank=4 label='Neck pain'"
"Low back pain","HP:0030834","embedding","sim=0.9213 rank=5 label='Shoulder pain'"
"Low back pain","HP:0030839","embedding","sim=0.9169 rank=6 label='Knee pain'"
"Low back pain","HP:0100749","embedding","sim=0.9093 rank=10 label='Chest pain'"
"Low back pain","MONDO:0024317","embedding","sim=0.91 rank=9 label='chronic pain syndrome'"
"Lower extremity peripheral arterial disease","EFO:0008493","embedding","sim=0.8907 rank=8 label='cerebral small vessel disease'"
"Lower extremity peripheral arterial disease","EFO:0009512","embedding","sim=0.9094 rank=3 label='lower extremity fracture'"
"Lower extremity peripheral arterial disease","EFO:0009514","embedding","sim=0.9098 rank=2 label='upper extremity fracture'"
"Lower extremity peripheral arterial disease","EFO:1001495","embedding","sim=0.8876 rank=10 label='small artery occlusion'"
"Lower extremity peripheral arterial disease","HP:0100545","embedding","sim=0.8885 rank=9 label='Arterial stenosis'"
"Lower extremity peripheral arterial disease","HP:0100559","embedding","sim=0.893 rank=6 label='Lower limb asymmetry'"
"Lower extremity peripheral arterial disease","MONDO:0000001","",""
"Lower extremity peripheral arterial disease","MONDO:0002286","embedding","sim=0.8969 rank=4 label='renal artery disease'"
"Lower extremity peripheral arterial disease","MONDO:0005386","embedding","sim=0.9178 rank=1 label='peripheral arterial disease'"
"Lower extremity peripheral arterial disease","MONDO:0006693","embedding","sim=0.8949 rank=5 label='cerebral arterial disease'"
"Lower extremity peripheral arterial disease","OBA:2045254","embedding","sim=0.8909 rank=7 label='carotid artery circumferential wall stress'"
"Lower respiratory infections","EFO:0000544","",""
"Lower respiratory infections","EFO:1001418","embedding","sim=0.902 rank=7 label='Salmonella Infections'"
"Lower respiratory infections","MONDO:0000270","embedding","sim=0.9231 rank=2 label='lower respiratory tract disorder'"
"Lower respiratory infections","MONDO:0001208","embedding","sim=0.919 rank=4 label='acute respiratory failure'"
"Lower respiratory infections","MONDO:0004867","embedding","sim=0.9207 rank=3 label='upper respiratory tract disorder'"
"Lower respiratory infections","MONDO:0005087","embedding","sim=0.9094 rank=5 label='respiratory system disorder'"
"Lower respiratory infections","MONDO:0005113","embedding","sim=0.9008 rank=9 label='bacterial infectious disease'"
"Lower respiratory infections","MONDO:0006012","embedding","sim=0.9003 rank=10 label='viral pneumonia'"
"Lower respiratory infections","MONDO:0021113","embedding","sim=0.9044 rank=6 label='respiratory failure'"
"Lower respiratory infections","MONDO:0021201","embedding","sim=0.9015 rank=8 label='skin infection'"
"Lower respiratory infections","MONDO:0024355","embedding","sim=0.9271 rank=1 label='respiratory tract infectious disorder'"
"Lymphatic filariasis","MONDO:0000254","embedding","sim=0.9118 rank=7 label='cutaneous mycosis'"
"Lymphatic filariasis","MONDO:0000612","embedding","sim=0.9113 rank=9 label='lymphatic system cancer'"
"Lymphatic filariasis","MONDO:0002013","embedding","sim=0.9117 rank=8 label='lymphangioma'"
"Lymphatic filariasis","MONDO:0002040","embedding","sim=0.9199 rank=3 label='dermatomycosis'"
"Lymphatic filariasis","MONDO:0005445","embedding","sim=0.9193 rank=4 label='visceral leishmaniasis'"
"Lymphatic filariasis","MONDO:0005446","embedding","sim=0.9203 rank=2 label='cutaneous leishmaniasis'"
"Lymphatic filariasis","MONDO:0005761","embedding","sim=0.9453 rank=1 label='filarial elephantiasis'"
"Lymphatic filariasis","MONDO:0008171","embedding","sim=0.9132 rank=6 label='nephrolithiasis'"
"Lymphatic filariasis","MONDO:0011705","embedding","sim=0.9107 rank=10 label='lymphangioleiomyomatosis'"
"Lymphatic filariasis","MONDO:0024647","embedding","sim=0.9138 rank=5 label='urolithiasis'"
"Major depressive disorder","EFO:0007634","embedding","sim=0.9718 rank=2 label='major depressive episode'"
"Major depressive disorder","EFO:0007704","embedding","sim=0.8902 rank=9 label='depressive episode measurement'"
"Major depressive disorder","HP:0012076","embedding","sim=0.8874 rank=10 label='Borderline personality disorder'"
"Major depressive disorder","MONDO:0001942","embedding","sim=0.8922 rank=6 label='generalized anxiety disorder'"
"Major depressive disorder","MONDO:0002009","embedding","sim=1 rank=1 label='major depressive disorder'"
"Major depressive disorder","MONDO:0002025","embedding","sim=0.8918 rank=7 label='psychiatric disorder'"
"Major depressive disorder","MONDO:0002050","embedding","sim=0.9716 rank=3 label='depressive disorder'"
"Major depressive disorder","MONDO:0004359","embedding","sim=0.8905 rank=8 label='delusional disorder'"
"Major depressive disorder","MONDO:0005485","embedding","sim=0.905 rank=5 label='psychotic disorder'"
"Major depressive disorder","MONDO:0041086","embedding","sim=0.9352 rank=4 label='mixed anxiety and depressive disorder'"
"Malaria","EFO:0000544","embedding","sim=0.8729 rank=9 label='infection'"
"Malaria","EFO:0004352","embedding","sim=0.8914 rank=5 label='mortality'"
"Malaria","EFO:0007624","embedding","sim=0.8726 rank=10 label='suicide'"
"Malaria","EFO:0010970","",""
"Malaria","EFO:0011061","embedding","sim=0.8788 rank=7 label='toxicity'"
"Malaria","HP:0000739","embedding","sim=0.8801 rank=6 label='Anxiety'"
"Malaria","MONDO:0005136","embedding","sim=1 rank=1 label='malaria'"
"Malaria","MONDO:0005249","embedding","sim=0.9007 rank=2 label='pneumonia'"
"Malaria","MONDO:0005260","embedding","sim=0.8787 rank=8 label='autism'"
"Malaria","MONDO:0018076","embedding","sim=0.9003 rank=3 label='tuberculosis'"
"Malaria","MONDO:0029000","embedding","sim=0.896 rank=4 label='poisoning'"
"Male infertility","EFO:0004803","embedding","sim=0.8842 rank=10 label='male fertility'"
"Male infertility","EFO:0021795","embedding","sim=0.9308 rank=3 label='tubal factor infertility'"
"Male infertility","HP:0008209","embedding","sim=0.8842 rank=9 label='Premature ovarian insufficiency'"
"Male infertility","MONDO:0001416","embedding","sim=0.9099 rank=7 label='female reproductive organ cancer'"
"Male infertility","MONDO:0002263","embedding","sim=0.9135 rank=6 label='female reproductive system disorder'"
"Male infertility","MONDO:0003150","embedding","sim=0.9199 rank=4 label='male reproductive system disorder'"
"Male infertility","MONDO:0005372","embedding","sim=1 rank=1 label='male infertility'"
"Male infertility","MONDO:0005558","embedding","sim=0.8883 rank=8 label='ovarian disorder'"
"Male infertility","MONDO:0005836","embedding","sim=0.9164 rank=5 label='male reproductive organ cancer'"
"Male infertility","MONDO:0021124","embedding","sim=0.9929 rank=2 label='female infertility'"
"Malignant neoplasm of bone and articular cartilage","MONDO:0000654","embedding","sim=0.9406 rank=4 label='benign connective and soft tissue neoplasm'"
"Malignant neoplasm of bone and articular cartilage","MONDO:0005070","",""
"Malignant neoplasm of bone and articular cartilage","MONDO:0006295","embedding","sim=0.9409 rank=3 label='malignant urinary system neoplasm'"
"Malignant neoplasm of bone and articular cartilage","MONDO:0009831","embedding","sim=0.9394 rank=6 label='malignant pancreatic neoplasm'"
"Malignant neoplasm of bone and articular cartilage","MONDO:0018364","embedding","sim=0.9386 rank=7 label='malignant epithelial tumor of ovary'"
"Malignant neoplasm of bone and articular cartilage","MONDO:0021063","embedding","sim=0.9351 rank=9 label='malignant colon neoplasm'"
"Malignant neoplasm of bone and articular cartilage","MONDO:0021506","embedding","sim=0.9366 rank=8 label='benign neoplasm of spinal cord'"
"Malignant neoplasm of bone and articular cartilage","MONDO:0024470","embedding","sim=0.9394 rank=5 label='benign chondrogenic neoplasm'"
"Malignant neoplasm of bone and articular cartilage","MONDO:0024881","embedding","sim=0.9345 rank=10 label='secondary malignant neoplasm'"
"Malignant neoplasm of bone and articular cartilage","MONDO:0044334","embedding","sim=0.9417 rank=2 label='connective and soft tissue neoplasm'"
"Malignant neoplasm of bone and articular cartilage","MONDO:0044919","embedding","sim=0.948 rank=1 label='malignant renal pelvis neoplasm'"
"Malignant skin melanoma","EFO:0009093","embedding","sim=0.9294 rank=4 label='choroidal melanoma'"
"Malignant skin melanoma","EFO:0009260","embedding","sim=0.9279 rank=5 label='non-melanoma skin carcinoma'"
"Malignant skin melanoma","MONDO:0002656","embedding","sim=0.9134 rank=10 label='skin carcinoma'"
"Malignant skin melanoma","MONDO:0005012","embedding","sim=0.961 rank=1 label='cutaneous melanoma'"
"Malignant skin melanoma","MONDO:0005105","embedding","sim=0.9354 rank=3 label='melanoma'"
"Malignant skin melanoma","MONDO:0005112","embedding","sim=0.9201 rank=7 label='malignant pleural mesothelioma'"
"Malignant skin melanoma","MONDO:0006486","embedding","sim=0.9184 rank=8 label='uveal melanoma'"
"Malignant skin melanoma","MONDO:0009831","embedding","sim=0.9184 rank=9 label='malignant pancreatic neoplasm'"
"Malignant skin melanoma","MONDO:0021063","embedding","sim=0.9276 rank=6 label='malignant colon neoplasm'"
"Malignant skin melanoma","MONDO:0100342","embedding","sim=0.952 rank=2 label='malignant glioma'"
"Maternal abortion and miscarriage","EFO:0009408","embedding","sim=0.8751 rank=3 label='abnormal vaginal discharge smell'"
"Maternal abortion and miscarriage","EFO:0009409","embedding","sim=0.8731 rank=4 label='abnormal vaginal discharge itching'"
"Maternal abortion and miscarriage","EFO:0009438","embedding","sim=0.8799 rank=2 label='number of pregnancies measurement'"
"Maternal abortion and miscarriage","EFO:0009638","embedding","sim=0.8609 rank=9 label='spontaneous labor and birth'"
"Maternal abortion and miscarriage","EFO:0009816","embedding","sim=0.8673 rank=5 label='perineal laceration during delivery'"
"Maternal abortion and miscarriage","EFO:1001491","",""
"Maternal abortion and miscarriage","HP:0005268","embedding","sim=0.9439 rank=1 label='Miscarriage'"
"Maternal abortion and miscarriage","HP:0031456","embedding","sim=0.8644 rank=7 label='Ectopic pregnancy'"
"Maternal abortion and miscarriage","MONDO:0001410","embedding","sim=0.8658 rank=6 label='postmenopausal atrophic vaginitis'"
"Maternal abortion and miscarriage","MONDO:0001780","embedding","sim=0.8628 rank=8 label='premature ejaculation'"
"Maternal abortion and miscarriage","MONDO:0005566","embedding","sim=0.8609 rank=10 label='neonatal abstinence syndrome'"
"Maternal deaths aggravated by HIV/AIDS","EFO:0020933","embedding","sim=0.9012 rank=4 label='HIV resevoir measurement'"
"Maternal deaths aggravated by HIV/AIDS","EFO:0021948","embedding","sim=0.8989 rank=6 label='HERV-H LTR-associating protein 2 measurement'"
"Maternal deaths aggravated by HIV/AIDS","EFO:0801992","embedding","sim=0.9013 rank=3 label='recQ-mediated genome instability protein 1 measurement'"
"Maternal deaths aggravated by HIV/AIDS","MONDO:0012268","",""
"Maternal deaths aggravated by HIV/AIDS","OBA:2040001","embedding","sim=0.898 rank=9 label='trait in response to zileuton'"
"Maternal deaths aggravated by HIV/AIDS","OBA:2041501","embedding","sim=0.8978 rank=10 label='level of ELKS/Rab6-interacting/CAST family member 1 in blood serum'"
"Maternal deaths aggravated by HIV/AIDS","OBA:2041873","embedding","sim=0.903 rank=2 label='level of HERV-H LTR-associating protein 3 in blood serum'"
"Maternal deaths aggravated by HIV/AIDS","OBA:2043279","embedding","sim=0.8989 rank=5 label='level of RecQ-mediated genome instability protein 1 in blood serum'"
"Maternal deaths aggravated by HIV/AIDS","OBA:2044118","embedding","sim=0.8981 rank=8 label='level of vesicle transport through interaction with t-SNAREs homolog 1A in blood serum'"
"Maternal deaths aggravated by HIV/AIDS","OBA:2044826","embedding","sim=0.903 rank=1 label='level of HUWE1-associated protein modifying stress responses in blood serum'"
"Maternal deaths aggravated by HIV/AIDS","OBA:2053298","embedding","sim=0.8986 rank=7 label='BLVRB/HAGH protein level ratio in blood'"
"Maternal disorders","EFO:0008111","embedding","sim=0.9124 rank=3 label='diet measurement'"
"Maternal disorders","MONDO:0001176","embedding","sim=0.9109 rank=5 label='lens disorder'"
"Maternal disorders","MONDO:0002436","embedding","sim=0.9104 rank=6 label='nasal disorder'"
"Maternal disorders","MONDO:0002657","embedding","sim=0.9093 rank=7 label='breast disorder'"
"Maternal disorders","MONDO:0004298","embedding","sim=0.9092 rank=8 label='stomach disorder'"
"Maternal disorders","MONDO:0005385","embedding","sim=0.9123 rank=4 label='vascular disorder'"
"Maternal disorders","MONDO:0006999","embedding","sim=0.9089 rank=9 label='tooth disorder'"
"Maternal disorders","MONDO:0021146","embedding","sim=0.9086 rank=10 label='headache disorder'"
"Maternal disorders","MONDO:0024575","embedding","sim=0.9311 rank=1 label='pregnancy disorder'"
"Maternal disorders","MONDO:0024654","embedding","sim=0.9165 rank=2 label='skull disorder'"
"Maternal hemorrhage","EFO:0000551","embedding","sim=0.9405 rank=8 label='intracranial hemorrhage'"
"Maternal hemorrhage","EFO:0008626","embedding","sim=0.9389 rank=10 label='vitreous hemorrhage'"
"Maternal hemorrhage","EFO:0009579","embedding","sim=0.9554 rank=2 label='postpartum hemorrhage'"
"Maternal hemorrhage","EFO:0020921","embedding","sim=0.9457 rank=6 label='hemorrhagic stroke'"
"Maternal hemorrhage","HP:0000573","embedding","sim=0.9463 rank=5 label='Retinal hemorrhage'"
"Maternal hemorrhage","HP:0025328","embedding","sim=0.9489 rank=4 label='Antepartum hemorrhage'"
"Maternal hemorrhage","HP:0100309","embedding","sim=0.9506 rank=3 label='Subdural hemorrhage'"
"Maternal hemorrhage","MONDO:0002243","embedding","sim=0.9454 rank=7 label='hemorrhagic disease'"
"Maternal hemorrhage","MONDO:0013792","embedding","sim=0.9389 rank=9 label='intracerebral hemorrhage'"
"Maternal hemorrhage","MP:0001914","embedding","sim=0.9711 rank=1 label='hemorrhage'"
"Maternal hypertensive disorders","EFO:0010675","embedding","sim=0.9303 rank=10 label='chronic venous hypertension'"
"Maternal hypertensive disorders","EFO:0803365","embedding","sim=0.9309 rank=9 label='dietary approaches to stop hypertension diet'"
"Maternal hypertensive disorders","EFO:1002006","embedding","sim=0.936 rank=8 label='treatment-resistant hypertension'"
"Maternal hypertensive disorders","HP:0008071","embedding","sim=0.9737 rank=1 label='Maternal hypertension'"
"Maternal hypertensive disorders","MONDO:0001134","embedding","sim=0.9582 rank=2 label='essential hypertension'"
"Maternal hypertensive disorders","MONDO:0001200","embedding","sim=0.9464 rank=4 label='secondary hypertension'"
"Maternal hypertensive disorders","MONDO:0005044","embedding","sim=0.9444 rank=5 label='hypertensive disorder'"
"Maternal hypertensive disorders","MONDO:0005080","embedding","sim=0.9564 rank=3 label='portal hypertension'"
"Maternal hypertensive disorders","MONDO:0005149","embedding","sim=0.9423 rank=6 label='pulmonary hypertension'"
"Maternal hypertensive disorders","MONDO:0006875","embedding","sim=0.9367 rank=7 label='ocular hypertension'"
"Maternal obstructed labor and uterine rupture","EFO:0009816","embedding","sim=0.9034 rank=7 label='perineal laceration during delivery'"
"Maternal obstructed labor and uterine rupture","EFO:0021423","embedding","sim=0.9073 rank=5 label='family history of uterine fibroids'"
"Maternal obstructed labor and uterine rupture","EFO:1001864","embedding","sim=0.9094 rank=3 label='uterine prolapse'"
"Maternal obstructed labor and uterine rupture","HP:0008209","embedding","sim=0.9111 rank=2 label='Premature ovarian insufficiency'"
"Maternal obstructed labor and uterine rupture","MONDO:0001410","embedding","sim=0.901 rank=9 label='postmenopausal atrophic vaginitis'"
"Maternal obstructed labor and uterine rupture","MONDO:0002674","embedding","sim=0.8921 rank=10 label='stricture or kinking of ureter'"
"Maternal obstructed labor and uterine rupture","MONDO:0006736","embedding","sim=0.9038 rank=6 label='dysplasia of cervix'"
"Maternal obstructed labor and uterine rupture","MONDO:0012511","embedding","sim=0.927 rank=1 label='preterm premature rupture of the membranes'"
"Maternal obstructed labor and uterine rupture","MONDO:0021230","embedding","sim=0.9093 rank=4 label='uterine cervix neoplasm'"
"Maternal obstructed labor and uterine rupture","MONDO:0042487","embedding","sim=0.9032 rank=8 label='uterine cervix carcinoma in situ'"
"Maternal sepsis and other maternal infections","EFO:0000544","",""
"Maternal sepsis and other maternal infections","EFO:0004888","embedding","sim=0.896 rank=5 label='post operative nausea and vomiting'"
"Maternal sepsis and other maternal infections","EFO:0006519","embedding","sim=0.8879 rank=10 label='MMR-related febrile seizures'"
"Maternal sepsis and other maternal infections","EFO:0009265","embedding","sim=0.9056 rank=3 label='nausea and vomiting of pregnancy severity measurement'"
"Maternal sepsis and other maternal infections","EFO:0022939","embedding","sim=0.8947 rank=6 label='labor and delivery complications'"
"Maternal sepsis and other maternal infections","HP:0040187","embedding","sim=0.9188 rank=2 label='Neonatal sepsis'"
"Maternal sepsis and other maternal infections","HP:0100806","",""
"Maternal sepsis and other maternal infections","MONDO:0000989","embedding","sim=0.8915 rank=7 label='mumps infectious disease'"
"Maternal sepsis and other maternal infections","MONDO:0005229","embedding","sim=0.9345 rank=1 label='bacterial infectious disease with sepsis'"
"Maternal sepsis and other maternal infections","MONDO:0006663","embedding","sim=0.9018 rank=4 label='perinatal asphyxia'"
"Maternal sepsis and other maternal infections","MONDO:0021678","embedding","sim=0.8891 rank=9 label='gram-negative bacterial infections'"
"Maternal sepsis and other maternal infections","MONDO:0021679","embedding","sim=0.8906 rank=8 label='gram-positive bacterial infections'"
"Measles","EFO:0007743","embedding","sim=0.8614 rank=4 label='influenza A severity measurement'"
"Measles","EFO:0008414","",""
"Measles","EFO:0009180","embedding","sim=0.8592 rank=6 label='rosacea severity measurement'"
"Measles","EFO:0009342","",""
"Measles","EFO:0009355","",""
"Measles","EFO:1001418","embedding","sim=0.8534 rank=10 label='Salmonella Infections'"
"Measles","MONDO:0000989","embedding","sim=0.8893 rank=2 label='mumps infectious disease'"
"Measles","MONDO:0004619","embedding","sim=1 rank=1 label='measles'"
"Measles","MONDO:0006604","embedding","sim=0.8571 rank=7 label='rosacea'"
"Measles","MONDO:0006672","embedding","sim=0.8606 rank=5 label='balanitis'"
"Measles","MONDO:0019632","embedding","sim=0.8645 rank=3 label='Lyme disease'"
"Measles","MONDO:0020950","embedding","sim=0.8545 rank=9 label='viral eye infection'"
"Measles","MONDO:0043885","embedding","sim=0.8564 rank=8 label='eye infectious disorder'"
"Meningitis","EFO:0008411","",""
"Meningitis","MONDO:0002471","embedding","sim=0.8959 rank=8 label='bursitis'"
"Meningitis","MONDO:0002508","embedding","sim=0.9145 rank=7 label='gingivitis'"
"Meningitis","MONDO:0004796","embedding","sim=0.9701 rank=3 label='infectious meningitis'"
"Meningitis","MONDO:0005832","embedding","sim=0.8934 rank=10 label='lymphangitis'"
"Meningitis","MONDO:0006042","embedding","sim=0.9205 rank=6 label='meningeal tuberculosis'"
"Meningitis","MONDO:0006670","embedding","sim=0.9718 rank=2 label='bacterial meningitis'"
"Meningitis","MONDO:0006913","",""
"Meningitis","MONDO:0007015","embedding","sim=0.97 rank=4 label='viral meningitis'"
"Meningitis","MONDO:0016642","embedding","sim=0.9299 rank=5 label='meningioma'"
"Meningitis","MONDO:0021108","embedding","sim=1 rank=1 label='meningitis'"
"Meningitis","MONDO:0043579","embedding","sim=0.8941 rank=9 label='enteritis'"
"Mesothelioma","EFO:0020565","embedding","sim=0.9119 rank=4 label='mesothelin measurement'"
"Mesothelioma","HP:0000999","embedding","sim=0.8967 rank=9 label='Pyoderma'"
"Mesothelioma","MONDO:0001700","embedding","sim=0.8945 rank=10 label='megaloblastic anemia'"
"Mesothelioma","MONDO:0002013","embedding","sim=0.899 rank=7 label='lymphangioma'"
"Mesothelioma","MONDO:0002183","embedding","sim=0.8994 rank=6 label='enthesopathy'"
"Mesothelioma","MONDO:0003308","embedding","sim=0.9544 rank=2 label='pleural mesothelioma'"
"Mesothelioma","MONDO:0005065","embedding","sim=1 rank=1 label='mesothelioma'"
"Mesothelioma","MONDO:0005112","embedding","sim=0.9334 rank=3 label='malignant pleural mesothelioma'"
"Mesothelioma","MONDO:0006530","embedding","sim=0.9047 rank=5 label='cholesteatoma'"
"Mesothelioma","MONDO:0018907","embedding","sim=0.8972 rank=8 label='craniopharyngioma'"
"Migraine","EFO:0005762","embedding","sim=0.8619 rank=5 label='neuropathic pain'"
"Migraine","EFO:0009847","embedding","sim=0.8551 rank=8 label='dizziness'"
"Migraine","EFO:0009939","",""
"Migraine","HP:0000265","embedding","sim=0.8527 rank=10 label='Mastoiditis'"
"Migraine","HP:0012199","embedding","sim=0.8631 rank=4 label='Cluster headache'"
"Migraine","MONDO:0005090","embedding","sim=0.8616 rank=6 label='schizophrenia'"
"Migraine","MONDO:0005277","embedding","sim=0.964 rank=1 label='migraine disorder'"
"Migraine","MONDO:0005475","embedding","sim=0.9267 rank=2 label='migraine with aura'"
"Migraine","MONDO:0006849","embedding","sim=0.8597 rank=7 label='mastitis'"
"Migraine","MONDO:0011847","",""
"Migraine","MONDO:0100431","embedding","sim=0.9214 rank=3 label='migraine without aura'"
"Migraine","OBA:2001026","embedding","sim=0.8527 rank=9 label='age of onset of migraine disorder'"
"Migraine","OBA:2001027","",""
"Migraine","OBA:2001028","",""
"Motor neuron disease","EFO:0004149","embedding","sim=0.8982 rank=6 label='neuropathy'"
"Motor neuron disease","MONDO:0000001","",""
"Motor neuron disease","MONDO:0001834","embedding","sim=0.8928 rank=8 label='visual pathway disorder'"
"Motor neuron disease","MONDO:0002098","embedding","sim=0.8906 rank=9 label='facial nerve disorder'"
"Motor neuron disease","MONDO:0002602","embedding","sim=0.9048 rank=5 label='central nervous system disorder'"
"Motor neuron disease","MONDO:0003620","embedding","sim=0.9081 rank=4 label='peripheral nervous system disorder'"
"Motor neuron disease","MONDO:0005244","embedding","sim=0.9083 rank=2 label='peripheral neuropathy'"
"Motor neuron disease","MONDO:0005379","embedding","sim=0.8971 rank=7 label='neurotic disorder'"
"Motor neuron disease","MONDO:0019056","embedding","sim=0.9083 rank=3 label='neuromuscular disease'"
"Motor neuron disease","MONDO:0020128","embedding","sim=0.9809 rank=1 label='motor neuron disorder'"
"Motor neuron disease","MONDO:0024619","embedding","sim=0.8886 rank=10 label='central nervous system infectious disorder'"
"Multidrug-resistant tuberculosis without extensive drug resistance","EFO:0005257","embedding","sim=0.8788 rank=6 label='response to anthracycline-based chemotherapy'"
"Multidrug-resistant tuberculosis without extensive drug resistance","EFO:0005260","embedding","sim=0.8761 rank=7 label='response to antimicrotubule agent'"
"Multidrug-resistant tuberculosis without extensive drug resistance","EFO:0007918","embedding","sim=0.8852 rank=4 label='response to anti-tuberculosis drug'"
"Multidrug-resistant tuberculosis without extensive drug resistance","EFO:0007943","embedding","sim=0.8753 rank=8 label='response to platinum-based neoadjuvant chemotherapy'"
"Multidrug-resistant tuberculosis without extensive drug resistance","EFO:0008537","embedding","sim=0.8745 rank=10 label='anti-topoisomerase-I-antibody-positive systemic scleroderma'"
"Multidrug-resistant tuberculosis without extensive drug resistance","EFO:0020001","",""
"Multidrug-resistant tuberculosis without extensive drug resistance","EFO:0802760","embedding","sim=0.8989 rank=2 label='multidrug resistance-associated protein 6 measurement'"
"Multidrug-resistant tuberculosis without extensive drug resistance","EFO:1002006","embedding","sim=0.8875 rank=3 label='treatment-resistant hypertension'"
"Multidrug-resistant tuberculosis without extensive drug resistance","MONDO:0018076","",""
"Multidrug-resistant tuberculosis without extensive drug resistance","MONDO:0018469","embedding","sim=0.9023 rank=1 label='pulmonary non-tuberculous mycobacterial infection'"
"Multidrug-resistant tuberculosis without extensive drug resistance","MONDO:0044765","embedding","sim=0.8797 rank=5 label='steroid-resistant nephrotic syndrome'"
"Multidrug-resistant tuberculosis without extensive drug resistance","OBA:2040015","embedding","sim=0.875 rank=9 label='trait in response to bleomycin'"
"Multiple myeloma","EFO:0004251","embedding","sim=0.877 rank=8 label='myeloproliferative disorder'"
"Multiple myeloma","HP:0002196","embedding","sim=0.9015 rank=2 label='Myelopathy'"
"Multiple myeloma","MONDO:0004643","embedding","sim=0.883 rank=6 label='myeloid leukemia'"
"Multiple myeloma","MONDO:0005170","embedding","sim=0.895 rank=4 label='myeloid neoplasm'"
"Multiple myeloma","MONDO:0009693","embedding","sim=0.9601 rank=1 label='plasma cell myeloma'"
"Multiple myeloma","MONDO:0011996","embedding","sim=0.8801 rank=7 label='chronic myeloid leukemia'"
"Multiple myeloma","MONDO:0018874","embedding","sim=0.8713 rank=10 label='acute myeloid leukemia'"
"Multiple myeloma","MONDO:0018881","embedding","sim=0.8954 rank=3 label='myelodysplastic syndrome'"
"Multiple myeloma","MONDO:0044903","embedding","sim=0.8873 rank=5 label='myelofibrosis'"
"Multiple myeloma","MONDO:0100342","embedding","sim=0.8727 rank=9 label='malignant glioma'"
"Multiple sclerosis","EFO:0803536","embedding","sim=0.9036 rank=5 label='multiple sclerosis symptom measurement'"
"Multiple sclerosis","MONDO:0001718","embedding","sim=0.9166 rank=3 label='scleritis'"
"Multiple sclerosis","MONDO:0004976","embedding","sim=0.8904 rank=10 label='amyotrophic lateral sclerosis'"
"Multiple sclerosis","MONDO:0005100","embedding","sim=0.9668 rank=2 label='systemic sclerosis'"
"Multiple sclerosis","MONDO:0005145","embedding","sim=0.8936 rank=9 label='sporadic amyotrophic lateral sclerosis'"
"Multiple sclerosis","MONDO:0005301","embedding","sim=1 rank=1 label='multiple sclerosis'"
"Multiple sclerosis","MONDO:0005349","embedding","sim=0.8936 rank=8 label='otosclerosis'"
"Multiple sclerosis","MONDO:0006044","embedding","sim=0.9035 rank=6 label='nephrosclerosis'"
"Multiple sclerosis","MONDO:0019340","embedding","sim=0.8995 rank=7 label='scleroderma'"
"Multiple sclerosis","OBA:2001029","embedding","sim=0.9038 rank=4 label='age of onset of multiple sclerosis'"
"Myelodysplastic, myeloproliferative, and other hematopoietic neoplasms","EFO:0004251","embedding","sim=0.9167 rank=4 label='myeloproliferative disorder'"
"Myelodysplastic, myeloproliferative, and other hematopoietic neoplasms","EFO:1000201","embedding","sim=0.9407 rank=3 label='Common Hematopoietic Neoplasm'"
"Myelodysplastic, myeloproliferative, and other hematopoietic neoplasms","MONDO:0002334","embedding","sim=0.9492 rank=1 label='hematopoietic and lymphoid system neoplasm'"
"Myelodysplastic, myeloproliferative, and other hematopoietic neoplasms","MONDO:0002461","embedding","sim=0.9019 rank=7 label='membranoproliferative glomerulonephritis'"
"Myelodysplastic, myeloproliferative, and other hematopoietic neoplasms","MONDO:0004286","embedding","sim=0.898 rank=9 label='pancreatic intraductal papillary-mucinous neoplasm'"
"Myelodysplastic, myeloproliferative, and other hematopoietic neoplasms","MONDO:0005070","",""
"Myelodysplastic, myeloproliferative, and other hematopoietic neoplasms","MONDO:0005157","embedding","sim=0.899 rank=8 label='lymphoid neoplasm'"
"Myelodysplastic, myeloproliferative, and other hematopoietic neoplasms","MONDO:0005170","embedding","sim=0.9092 rank=5 label='myeloid neoplasm'"
"Myelodysplastic, myeloproliferative, and other hematopoietic neoplasms","MONDO:0005454","embedding","sim=0.9042 rank=6 label='lung neuroendocrine neoplasm'"
"Myelodysplastic, myeloproliferative, and other hematopoietic neoplasms","MONDO:0019496","embedding","sim=0.897 rank=10 label='neuroendocrine neoplasm'"
"Myelodysplastic, myeloproliferative, and other hematopoietic neoplasms","MONDO:0020076","embedding","sim=0.9467 rank=2 label='myeloproliferative neoplasm'"
"Myocarditis","EFO:0001425","embedding","sim=0.908 rank=7 label='ischemic cardiomyopathy'"
"Myocarditis","EFO:0009881","embedding","sim=0.8962 rank=9 label='nonischemic cardiomyopathy'"
"Myocarditis","MONDO:0000474","embedding","sim=0.8899 rank=10 label='pericardium disorder'"
"Myocarditis","MONDO:0004496","embedding","sim=1 rank=1 label='myocarditis'"
"Myocarditis","MONDO:0004994","embedding","sim=0.9084 rank=6 label='cardiomyopathy'"
"Myocarditis","MONDO:0005021","embedding","sim=0.9126 rank=5 label='dilated cardiomyopathy'"
"Myocarditis","MONDO:0005025","embedding","sim=0.9672 rank=2 label='endocarditis'"
"Myocarditis","MONDO:0005068","embedding","sim=0.9008 rank=8 label='myocardial infarction'"
"Myocarditis","MONDO:0006669","embedding","sim=0.9533 rank=3 label='bacterial endocarditis'"
"Myocarditis","MONDO:0024644","embedding","sim=0.9127 rank=4 label='myocardial ischemia'"
"Nasopharynx cancer","MONDO:0002352","embedding","sim=0.9349 rank=1 label='larynx cancer'"
"Nasopharynx cancer","MONDO:0002358","embedding","sim=0.9319 rank=3 label='laryngeal carcinoma'"
"Nasopharynx cancer","MONDO:0004382","embedding","sim=0.9101 rank=10 label='laryngeal disorder'"
"Nasopharynx cancer","MONDO:0004608","embedding","sim=0.9237 rank=4 label='oropharynx cancer'"
"Nasopharynx cancer","MONDO:0004992","",""
"Nasopharynx cancer","MONDO:0005216","embedding","sim=0.9197 rank=6 label='hypopharyngeal carcinoma'"
"Nasopharynx cancer","MONDO:0005375","embedding","sim=0.9341 rank=2 label='nasopharyngeal neoplasm'"
"Nasopharynx cancer","MONDO:0005517","embedding","sim=0.9158 rank=8 label='pharynx cancer'"
"Nasopharynx cancer","MONDO:0005595","embedding","sim=0.9159 rank=7 label='laryngeal squamous cell carcinoma'"
"Nasopharynx cancer","MONDO:0005806","embedding","sim=0.9229 rank=5 label='hypopharynx cancer'"
"Nasopharynx cancer","MONDO:0021071","embedding","sim=0.9133 rank=9 label='laryngeal neoplasm'"
"Near vision loss","HP:0000504","embedding","sim=0.915 rank=5 label='Abnormality of vision'"
"Near vision loss","HP:0000529","embedding","sim=0.9573 rank=1 label='Progressive visual loss'"
"Near vision loss","HP:0000572","embedding","sim=0.9393 rank=2 label='Visual loss'"
"Near vision loss","HP:0001123","embedding","sim=0.9177 rank=4 label='Visual field defect'"
"Near vision loss","HP:0007957","embedding","sim=0.9008 rank=9 label='Corneal opacity'"
"Near vision loss","MONDO:0000926","embedding","sim=0.9015 rank=8 label='eye accommodation disease'"
"Near vision loss","MONDO:0001564","embedding","sim=0.9066 rank=6 label='binocular vision disease'"
"Near vision loss","MONDO:0001703","embedding","sim=0.9328 rank=3 label='color vision disorder'"
"Near vision loss","MONDO:0001834","embedding","sim=0.9004 rank=10 label='visual pathway disorder'"
"Near vision loss","MONDO:0005365","embedding","sim=0.9027 rank=7 label='hearing loss disorder'"
"Neck pain","EFO:0009625","embedding","sim=0.953 rank=4 label='facial pain'"
"Neck pain","EFO:0801084","embedding","sim=0.9363 rank=10 label='cancer pain'"
"Neck pain","HP:0002027","embedding","sim=0.9423 rank=7 label='Abdominal pain'"
"Neck pain","HP:0003418","embedding","sim=0.9468 rank=6 label='Back pain'"
"Neck pain","HP:0009763","embedding","sim=0.9416 rank=8 label='Limb pain'"
"Neck pain","HP:0012531","",""
"Neck pain","HP:0030833","embedding","sim=1 rank=1 label='Neck pain'"
"Neck pain","HP:0030834","embedding","sim=0.9549 rank=3 label='Shoulder pain'"
"Neck pain","HP:0030838","embedding","sim=0.9394 rank=9 label='Hip pain'"
"Neck pain","HP:0030839","embedding","sim=0.9554 rank=2 label='Knee pain'"
"Neck pain","HP:0100749","embedding","sim=0.9488 rank=5 label='Chest pain'"
"Neonatal disorders","EFO:0022939","embedding","sim=0.8881 rank=9 label='labor and delivery complications'"
"Neonatal disorders","EFO:1000739","embedding","sim=0.8971 rank=5 label='neonatal jaundice'"
"Neonatal disorders","HP:0001522","embedding","sim=0.8882 rank=8 label='Death in infancy'"
"Neonatal disorders","HP:0040187","embedding","sim=0.9505 rank=1 label='Neonatal sepsis'"
"Neonatal disorders","MONDO:0000592","embedding","sim=0.8943 rank=6 label='specific developmental disorder'"
"Neonatal disorders","MONDO:0001433","embedding","sim=0.8869 rank=10 label='vaginal disorder'"
"Neonatal disorders","MONDO:0005917","embedding","sim=0.9004 rank=4 label='placenta disorder'"
"Neonatal disorders","MONDO:0006663","embedding","sim=0.9108 rank=3 label='perinatal asphyxia'"
"Neonatal disorders","MONDO:0021698","embedding","sim=0.8902 rank=7 label='alcohol-related disorders'"
"Neonatal disorders","MONDO:0100086","embedding","sim=0.9122 rank=2 label='perinatal disease'"
"Neonatal encephalopathy due to birth asphyxia and trauma","EFO:0006519","embedding","sim=0.9066 rank=3 label='MMR-related febrile seizures'"
"Neonatal encephalopathy due to birth asphyxia and trauma","EFO:0007887","embedding","sim=0.8916 rank=10 label='autosomal dominant compelling helio-ophthalmic outburst syndrome'"
"Neonatal encephalopathy due to birth asphyxia and trauma","EFO:0007948","embedding","sim=0.8968 rank=7 label='HIV-associated neurocognitive disorder'"
"Neonatal encephalopathy due to birth asphyxia and trauma","EFO:0009446","",""
"Neonatal encephalopathy due to birth asphyxia and trauma","HP:0001298","",""
"Neonatal encephalopathy due to birth asphyxia and trauma","HP:0002373","embedding","sim=0.892 rank=9 label='Febrile seizure (within the age range of 3 months to 6 years)'"
"Neonatal encephalopathy due to birth asphyxia and trauma","MONDO:0000166","embedding","sim=0.9426 rank=1 label='encephalopathy, acute, infection-induced'"
"Neonatal encephalopathy due to birth asphyxia and trauma","MONDO:0005404","embedding","sim=0.9027 rank=4 label='myalgic encephalomeyelitis/chronic fatigue syndrome'"
"Neonatal encephalopathy due to birth asphyxia and trauma","MONDO:0005493","embedding","sim=0.9386 rank=2 label='carbon monoxide-induced delayed encephalopathy'"
"Neonatal encephalopathy due to birth asphyxia and trauma","MONDO:0006663","embedding","sim=0.9006 rank=5 label='perinatal asphyxia'"
"Neonatal encephalopathy due to birth asphyxia and trauma","MONDO:0019719","embedding","sim=0.893 rank=8 label='congenital anomaly of kidney and urinary tract'"
"Neonatal encephalopathy due to birth asphyxia and trauma","OBA:2001032","embedding","sim=0.8983 rank=6 label='age of onset of narcolepsy-cataplexy syndrome'"
"Neonatal preterm birth","EFO:0006917","embedding","sim=0.9681 rank=1 label='spontaneous preterm birth'"
"Neonatal preterm birth","EFO:0008435","embedding","sim=0.8757 rank=7 label='gestational weight gain measurement'"
"Neonatal preterm birth","EFO:0008436","embedding","sim=0.8835 rank=3 label='late gestational weight gain'"
"Neonatal preterm birth","EFO:0008437","embedding","sim=0.8824 rank=4 label='early gestational weight gain'"
"Neonatal preterm birth","EFO:1000739","embedding","sim=0.8709 rank=8 label='neonatal jaundice'"
"Neonatal preterm birth","HP:0040187","embedding","sim=0.8988 rank=2 label='Neonatal sepsis'"
"Neonatal preterm birth","MONDO:0005566","embedding","sim=0.8649 rank=10 label='neonatal abstinence syndrome'"
"Neonatal preterm birth","MONDO:0006663","embedding","sim=0.8782 rank=5 label='perinatal asphyxia'"
"Neonatal preterm birth","MONDO:0006952","embedding","sim=0.8686 rank=9 label='retinopathy of prematurity'"
"Neonatal preterm birth","MONDO:0012511","embedding","sim=0.8762 rank=6 label='preterm premature rupture of the membranes'"
"Neonatal sepsis and other neonatal infections","EFO:0000544","",""
"Neonatal sepsis and other neonatal infections","EFO:0006519","embedding","sim=0.8935 rank=5 label='MMR-related febrile seizures'"
"Neonatal sepsis and other neonatal infections","EFO:0009816","embedding","sim=0.8872 rank=7 label='perineal laceration during delivery'"
"Neonatal sepsis and other neonatal infections","EFO:0022941","embedding","sim=0.8802 rank=9 label='congenital respiratory system disorder'"
"Neonatal sepsis and other neonatal infections","EFO:1000739","embedding","sim=0.9024 rank=2 label='neonatal jaundice'"
"Neonatal sepsis and other neonatal infections","HP:0040187","embedding","sim=0.9415 rank=1 label='Neonatal sepsis'"
"Neonatal sepsis and other neonatal infections","HP:0100806","",""
"Neonatal sepsis and other neonatal infections","MONDO:0005229","embedding","sim=0.8981 rank=4 label='bacterial infectious disease with sepsis'"
"Neonatal sepsis and other neonatal infections","MONDO:0005313","embedding","sim=0.8823 rank=8 label='necrotizing enterocolitis'"
"Neonatal sepsis and other neonatal infections","MONDO:0005566","embedding","sim=0.8892 rank=6 label='neonatal abstinence syndrome'"
"Neonatal sepsis and other neonatal infections","MONDO:0006663","embedding","sim=0.8997 rank=3 label='perinatal asphyxia'"
"Neonatal sepsis and other neonatal infections","MONDO:0019719","embedding","sim=0.8784 rank=10 label='congenital anomaly of kidney and urinary tract'"
"Neural tube defects","EFO:1001866","embedding","sim=0.8928 rank=10 label='ventral hernia'"
"Neural tube defects","HP:0002088","embedding","sim=0.894 rank=8 label='Abnormal lung morphology'"
"Neural tube defects","HP:0012443","embedding","sim=0.8971 rank=3 label='Abnormal brain morphology'"
"Neural tube defects","MONDO:0002098","embedding","sim=0.8971 rank=2 label='facial nerve disorder'"
"Neural tube defects","MONDO:0002236","embedding","sim=0.8967 rank=5 label='ocular cancer'"
"Neural tube defects","MONDO:0002467","embedding","sim=0.8983 rank=1 label='inner ear disorder'"
"Neural tube defects","MONDO:0005087","embedding","sim=0.8946 rank=6 label='respiratory system disorder'"
"Neural tube defects","MONDO:0005385","embedding","sim=0.8969 rank=4 label='vascular disorder'"
"Neural tube defects","MONDO:0020705","",""
"Neural tube defects","MONDO:0020950","embedding","sim=0.8937 rank=9 label='viral eye infection'"
"Neural tube defects","MONDO:0024575","embedding","sim=0.8941 rank=7 label='pregnancy disorder'"
"Neuroblastoma and other peripheral nervous cell tumors","EFO:0009260","embedding","sim=0.9153 rank=5 label='non-melanoma skin carcinoma'"
"Neuroblastoma and other peripheral nervous cell tumors","EFO:0020598","embedding","sim=0.9139 rank=7 label='neuroblastoma suppressor of tumorigenicity 1 measurement'"
"Neuroblastoma and other peripheral nervous cell tumors","MONDO:0005072","embedding","sim=0.9299 rank=2 label='neuroblastoma'"
"Neuroblastoma and other peripheral nervous cell tumors","MONDO:0005454","embedding","sim=0.9208 rank=3 label='lung neuroendocrine neoplasm'"
"Neuroblastoma and other peripheral nervous cell tumors","MONDO:0006200","embedding","sim=0.9089 rank=10 label='epithelioid cell uveal melanoma'"
"Neuroblastoma and other peripheral nervous cell tumors","MONDO:0019496","embedding","sim=0.9152 rank=6 label='neuroendocrine neoplasm'"
"Neuroblastoma and other peripheral nervous cell tumors","MONDO:0019781","embedding","sim=0.9365 rank=1 label='astrocytoma (excluding glioblastoma)'"
"Neuroblastoma and other peripheral nervous cell tumors","MONDO:0022749","embedding","sim=0.919 rank=4 label='non-neoplastic nevus'"
"Neuroblastoma and other peripheral nervous cell tumors","MONDO:0044334","embedding","sim=0.9097 rank=8 label='connective and soft tissue neoplasm'"
"Neuroblastoma and other peripheral nervous cell tumors","MONDO:0044919","embedding","sim=0.909 rank=9 label='malignant renal pelvis neoplasm'"
"Non-Hodgkin lymphoma","EFO:0801403","embedding","sim=0.8736 rank=7 label='B-cell lymphoma/leukemia 10 measurement'"
"Non-Hodgkin lymphoma","MONDO:0004633","embedding","sim=0.9464 rank=3 label='Hodgkin's lymphoma, mixed cellularity'"
"Non-Hodgkin lymphoma","MONDO:0004665","embedding","sim=0.9431 rank=4 label='nodular sclerosis classical Hodgkin lymphoma'"
"Non-Hodgkin lymphoma","MONDO:0004952","embedding","sim=0.939 rank=5 label='Hodgkins lymphoma'"
"Non-Hodgkin lymphoma","MONDO:0005062","",""
"Non-Hodgkin lymphoma","MONDO:0007243","embedding","sim=0.8722 rank=8 label='Burkitt lymphoma'"
"Non-Hodgkin lymphoma","MONDO:0018905","embedding","sim=0.8783 rank=6 label='diffuse large B-cell lymphoma'"
"Non-Hodgkin lymphoma","MONDO:0018906","embedding","sim=0.8685 rank=10 label='follicular lymphoma'"
"Non-Hodgkin lymphoma","MONDO:0018908","embedding","sim=1 rank=1 label='non-Hodgkin lymphoma'"
"Non-Hodgkin lymphoma","MONDO:0044887","embedding","sim=0.9773 rank=2 label='central nervous system non-hodgkin lymphoma'"
"Non-Hodgkin lymphoma","OBA:2050949","embedding","sim=0.8688 rank=9 label='level of T-cell leukemia/lymphoma protein 1B in blood'"
"Non-melanoma skin cancer","EFO:0009093","embedding","sim=0.9233 rank=3 label='choroidal melanoma'"
"Non-melanoma skin cancer","EFO:0009260","embedding","sim=0.9836 rank=1 label='non-melanoma skin carcinoma'"
"Non-melanoma skin cancer","EFO:0010244","embedding","sim=0.9168 rank=6 label='uveal melanoma disease severity'"
"Non-melanoma skin cancer","EFO:0801401","embedding","sim=0.9171 rank=5 label='B melanoma antigen 2 measurement'"
"Non-melanoma skin cancer","EFO:0802299","embedding","sim=0.9147 rank=9 label='b melanoma antigen 3 measurement'"
"Non-melanoma skin cancer","MONDO:0002656","embedding","sim=0.9166 rank=7 label='skin carcinoma'"
"Non-melanoma skin cancer","MONDO:0002898","",""
"Non-melanoma skin cancer","MONDO:0004992","",""
"Non-melanoma skin cancer","MONDO:0005012","embedding","sim=0.9357 rank=2 label='cutaneous melanoma'"
"Non-melanoma skin cancer","MONDO:0005105","",""
"Non-melanoma skin cancer","MONDO:0005494","embedding","sim=0.9164 rank=8 label='triple-negative breast carcinoma'"
"Non-melanoma skin cancer","MONDO:0005628","embedding","sim=0.9133 rank=10 label='male breast carcinoma'"
"Non-melanoma skin cancer","MONDO:0006486","embedding","sim=0.9194 rank=4 label='uveal melanoma'"
"Non-melanoma skin cancer (basal-cell carcinoma)","EFO:0009260","embedding","sim=0.977 rank=1 label='non-melanoma skin carcinoma'"
"Non-melanoma skin cancer (basal-cell carcinoma)","EFO:0020995","embedding","sim=0.927 rank=3 label='squamous cell carcinoma antigen measurement'"
"Non-melanoma skin cancer (basal-cell carcinoma)","EFO:0920034","embedding","sim=0.9206 rank=9 label='age at high-grade serous ovarian cancer diagnosis'"
"Non-melanoma skin cancer (basal-cell carcinoma)","EFO:1001927","embedding","sim=0.936 rank=2 label='cutaneous squamous cell carcinoma'"
"Non-melanoma skin cancer (basal-cell carcinoma)","EFO:1002010","embedding","sim=0.9206 rank=8 label='TP53 Positive Breast Carcinoma'"
"Non-melanoma skin cancer (basal-cell carcinoma)","MONDO:0002898","",""
"Non-melanoma skin cancer (basal-cell carcinoma)","MONDO:0004984","embedding","sim=0.9241 rank=6 label='basal-like breast carcinoma'"
"Non-melanoma skin cancer (basal-cell carcinoma)","MONDO:0004992","",""
"Non-melanoma skin cancer (basal-cell carcinoma)","MONDO:0004993","",""
"Non-melanoma skin cancer (basal-cell carcinoma)","MONDO:0005105","",""
"Non-melanoma skin cancer (basal-cell carcinoma)","MONDO:0005494","embedding","sim=0.9233 rank=7 label='triple-negative breast carcinoma'"
"Non-melanoma skin cancer (basal-cell carcinoma)","MONDO:0006200","embedding","sim=0.9241 rank=5 label='epithelioid cell uveal melanoma'"
"Non-melanoma skin cancer (basal-cell carcinoma)","MONDO:0006244","embedding","sim=0.9242 rank=4 label='HER2 positive breast carcinoma'"
"Non-melanoma skin cancer (basal-cell carcinoma)","MONDO:0017884","embedding","sim=0.9206 rank=10 label='papillary renal cell carcinoma'"
"Non-melanoma skin cancer (basal-cell carcinoma)","MONDO:0020804","",""
"Non-melanoma skin cancer (squamous-cell carcinoma)","EFO:0009260","embedding","sim=0.9709 rank=1 label='non-melanoma skin carcinoma'"
"Non-melanoma skin cancer (squamous-cell carcinoma)","EFO:0020995","embedding","sim=0.9408 rank=3 label='squamous cell carcinoma antigen measurement'"
"Non-melanoma skin cancer (squamous-cell carcinoma)","EFO:1001927","embedding","sim=0.9495 rank=2 label='cutaneous squamous cell carcinoma'"
"Non-melanoma skin cancer (squamous-cell carcinoma)","MONDO:0002898","",""
"Non-melanoma skin cancer (squamous-cell carcinoma)","MONDO:0004992","",""
"Non-melanoma skin cancer (squamous-cell carcinoma)","MONDO:0004993","",""
"Non-melanoma skin cancer (squamous-cell carcinoma)","MONDO:0005096","embedding","sim=0.9321 rank=6 label='squamous cell carcinoma'"
"Non-melanoma skin cancer (squamous-cell carcinoma)","MONDO:0005097","embedding","sim=0.9338 rank=4 label='squamous cell lung carcinoma'"
"Non-melanoma skin cancer (squamous-cell carcinoma)","MONDO:0005105","",""
"Non-melanoma skin cancer (squamous-cell carcinoma)","MONDO:0005233","embedding","sim=0.92 rank=7 label='non-small cell lung carcinoma'"
"Non-melanoma skin cancer (squamous-cell carcinoma)","MONDO:0005595","embedding","sim=0.9199 rank=8 label='laryngeal squamous cell carcinoma'"
"Non-melanoma skin cancer (squamous-cell carcinoma)","MONDO:0006200","embedding","sim=0.9189 rank=10 label='epithelioid cell uveal melanoma'"
"Non-melanoma skin cancer (squamous-cell carcinoma)","MONDO:0010150","embedding","sim=0.9329 rank=5 label='head and neck squamous cell carcinoma'"
"Non-melanoma skin cancer (squamous-cell carcinoma)","MONDO:0017884","embedding","sim=0.919 rank=9 label='papillary renal cell carcinoma'"
"Non-rheumatic calcific aortic valve disease","EFO:0004859","embedding","sim=0.9318 rank=2 label='abdominal aortic artery calcification'"
"Non-rheumatic calcific aortic valve disease","EFO:0009459","embedding","sim=0.9039 rank=10 label='ACPA-positive rheumatoid arthritis'"
"Non-rheumatic calcific aortic valve disease","EFO:0009460","embedding","sim=0.9081 rank=7 label='ACPA-negative rheumatoid arthritis'"
"Non-rheumatic calcific aortic valve disease","EFO:0010272","embedding","sim=0.923 rank=4 label='abdominal aortic calcification measurement'"
"Non-rheumatic calcific aortic valve disease","EFO:0010273","embedding","sim=0.9284 rank=3 label='thoracic aortic calcification measurement'"
"Non-rheumatic calcific aortic valve disease","HP:0001647","embedding","sim=0.915 rank=6 label='Bicuspid aortic valve'"
"Non-rheumatic calcific aortic valve disease","MONDO:0000001","",""
"Non-rheumatic calcific aortic valve disease","MONDO:0003803","embedding","sim=0.9064 rank=9 label='aortic valve disorder'"
"Non-rheumatic calcific aortic valve disease","MONDO:0005463","embedding","sim=0.9325 rank=1 label='aortic valve calcification'"
"Non-rheumatic calcific aortic valve disease","MONDO:0005648","embedding","sim=0.9073 rank=8 label='aortic valve insufficiency'"
"Non-rheumatic calcific aortic valve disease","OBA:2045269","embedding","sim=0.9224 rank=5 label='aortic vascular smooth muscle cell calcification attribute'"
"Non-rheumatic degenerative mitral valve disease","EFO:0009094","embedding","sim=0.8926 rank=6 label='idiopathic dilated cardiomyopathy'"
"Non-rheumatic degenerative mitral valve disease","EFO:0009459","embedding","sim=0.8961 rank=3 label='ACPA-positive rheumatoid arthritis'"
"Non-rheumatic degenerative mitral valve disease","EFO:0009460","embedding","sim=0.9009 rank=2 label='ACPA-negative rheumatoid arthritis'"
"Non-rheumatic degenerative mitral valve disease","HP:0001634","embedding","sim=0.9105 rank=1 label='Mitral valve prolapse'"
"Non-rheumatic degenerative mitral valve disease","MONDO:0000001","",""
"Non-rheumatic degenerative mitral valve disease","MONDO:0000471","embedding","sim=0.8891 rank=8 label='tricuspid valve disorder'"
"Non-rheumatic degenerative mitral valve disease","MONDO:0003803","embedding","sim=0.8881 rank=10 label='aortic valve disorder'"
"Non-rheumatic degenerative mitral valve disease","MONDO:0005648","embedding","sim=0.893 rank=5 label='aortic valve insufficiency'"
"Non-rheumatic degenerative mitral valve disease","MONDO:0006955","embedding","sim=0.8882 rank=9 label='rheumatic heart disease'"
"Non-rheumatic degenerative mitral valve disease","MONDO:0011385","embedding","sim=0.8933 rank=4 label='intervertebral disk degenerative disorder'"
"Non-rheumatic degenerative mitral valve disease","MONDO:0019433","embedding","sim=0.8901 rank=7 label='oligoarticular juvenile idiopathic arthritis'"
"Non-rheumatic valvular heart disease","EFO:0009094","embedding","sim=0.893 rank=3 label='idiopathic dilated cardiomyopathy'"
"Non-rheumatic valvular heart disease","EFO:0009459","embedding","sim=0.8908 rank=4 label='ACPA-positive rheumatoid arthritis'"
"Non-rheumatic valvular heart disease","EFO:0009460","embedding","sim=0.8931 rank=2 label='ACPA-negative rheumatoid arthritis'"
"Non-rheumatic valvular heart disease","EFO:0009881","embedding","sim=0.8842 rank=8 label='nonischemic cardiomyopathy'"
"Non-rheumatic valvular heart disease","EFO:1001483","embedding","sim=0.8878 rank=5 label='non-obstructive coronary artery disease'"
"Non-rheumatic valvular heart disease","MONDO:0000001","",""
"Non-rheumatic valvular heart disease","MONDO:0000471","embedding","sim=0.8809 rank=10 label='tricuspid valve disorder'"
"Non-rheumatic valvular heart disease","MONDO:0001332","embedding","sim=0.8812 rank=9 label='palindromic rheumatism'"
"Non-rheumatic valvular heart disease","MONDO:0005648","embedding","sim=0.8854 rank=6 label='aortic valve insufficiency'"
"Non-rheumatic valvular heart disease","MONDO:0006955","embedding","sim=0.9059 rank=1 label='rheumatic heart disease'"
"Non-rheumatic valvular heart disease","MONDO:0019433","embedding","sim=0.8849 rank=7 label='oligoarticular juvenile idiopathic arthritis'"
"Nonalcoholic fatty liver disease including cirrhosis","EFO:0004267","embedding","sim=0.9176 rank=3 label='biliary liver cirrhosis'"
"Nonalcoholic fatty liver disease including cirrhosis","EFO:0008421","embedding","sim=0.8947 rank=8 label='non-alcoholic fatty liver disease severity measurement'"
"Nonalcoholic fatty liver disease including cirrhosis","EFO:0008505","embedding","sim=0.8931 rank=10 label='hepatitis virus-related hepatocellular carcinoma'"
"Nonalcoholic fatty liver disease including cirrhosis","MONDO:0000001","",""
"Nonalcoholic fatty liver disease including cirrhosis","MONDO:0004790","",""
"Nonalcoholic fatty liver disease including cirrhosis","MONDO:0005155","embedding","sim=0.9109 rank=6 label='cirrhosis of liver'"
"Nonalcoholic fatty liver disease including cirrhosis","MONDO:0005448","embedding","sim=0.9309 rank=1 label='hepatitis C induced liver cirrhosis'"
"Nonalcoholic fatty liver disease including cirrhosis","MONDO:0006644","embedding","sim=0.9265 rank=2 label='alcoholic liver cirrhosis'"
"Nonalcoholic fatty liver disease including cirrhosis","MONDO:0007027","embedding","sim=0.9146 rank=4 label='metabolic dysfunction-associated steatohepatitis'"
"Nonalcoholic fatty liver disease including cirrhosis","MONDO:0013209","embedding","sim=0.9125 rank=5 label='metabolic dysfunction-associated steatotic liver disease'"
"Nonalcoholic fatty liver disease including cirrhosis","MONDO:0018918","embedding","sim=0.8936 rank=9 label='carcinoma of gallbladder and extrahepatic biliary tract'"
"Nonalcoholic fatty liver disease including cirrhosis","MONDO:0024477","embedding","sim=0.9037 rank=7 label='liver and intrahepatic bile duct neoplasm'"
"Onchocerciasis","EFO:0800534","embedding","sim=0.8644 rank=6 label='stearoylcholine measurement'"
"Onchocerciasis","HP:0010750","embedding","sim=0.8724 rank=2 label='Dermatochalasis'"
"Onchocerciasis","MONDO:0002183","embedding","sim=0.8645 rank=5 label='enthesopathy'"
"Onchocerciasis","MONDO:0005724","embedding","sim=0.8651 rank=4 label='cryptococcosis'"
"Onchocerciasis","MONDO:0005746","embedding","sim=0.8609 rank=9 label='enterobiasis'"
"Onchocerciasis","MONDO:0006530","embedding","sim=0.862 rank=8 label='cholesteatoma'"
"Onchocerciasis","MONDO:0006882","embedding","sim=0.8601 rank=10 label='orchitis'"
"Onchocerciasis","MONDO:0006970","embedding","sim=0.8636 rank=7 label='sialolithiasis'"
"Onchocerciasis","MONDO:0012672","embedding","sim=0.8763 rank=1 label='cholelithiasis'"
"Onchocerciasis","MONDO:0015337","embedding","sim=0.8662 rank=3 label='isolated craniosynostosis'"
"Opioid use disorders","EFO:0005431","embedding","sim=0.895 rank=8 label='illegal drug consumption'"
"Opioid use disorders","EFO:0007792","embedding","sim=0.9064 rank=5 label='antipsychotic drug use measurement'"
"Opioid use disorders","EFO:0008541","embedding","sim=0.921 rank=4 label='response to opioid'"
"Opioid use disorders","EFO:0009458","embedding","sim=0.8949 rank=9 label='alcohol use disorder measurement'"
"Opioid use disorders","EFO:0009937","embedding","sim=0.9649 rank=2 label='Opioid use measurement'"
"Opioid use disorders","EFO:0009940","embedding","sim=0.9032 rank=6 label='Antidepressant use measurement'"
"Opioid use disorders","EFO:0010140","embedding","sim=0.9212 rank=3 label='opioid overdose severity measurement'"
"Opioid use disorders","EFO:0010445","embedding","sim=0.9024 rank=7 label='cocaine use disorder'"
"Opioid use disorders","EFO:0010702","embedding","sim=0.9862 rank=1 label='opioid use disorder'"
"Opioid use disorders","MONDO:0021698","embedding","sim=0.8935 rank=10 label='alcohol-related disorders'"
"Oral disorders","EFO:0009468","embedding","sim=0.9275 rank=4 label='jaw disease'"
"Oral disorders","MONDO:0001165","embedding","sim=0.9399 rank=1 label='tongue disorder'"
"Oral disorders","MONDO:0001176","embedding","sim=0.9257 rank=9 label='lens disorder'"
"Oral disorders","MONDO:0002436","embedding","sim=0.9269 rank=6 label='nasal disorder'"
"Oral disorders","MONDO:0005154","embedding","sim=0.9275 rank=5 label='liver disorder'"
"Oral disorders","MONDO:0005240","embedding","sim=0.9263 rank=8 label='kidney disorder'"
"Oral disorders","MONDO:0005275","embedding","sim=0.9276 rank=3 label='lung disorder'"
"Oral disorders","MONDO:0005385","embedding","sim=0.9255 rank=10 label='vascular disorder'"
"Oral disorders","MONDO:0006858","embedding","sim=0.9364 rank=2 label='mouth disorder'"
"Oral disorders","MONDO:0006999","embedding","sim=0.9263 rank=7 label='tooth disorder'"
"Orofacial clefts","EFO:0003959","embedding","sim=0.8853 rank=5 label='cleft lip'"
"Orofacial clefts","HP:0000175","embedding","sim=0.8879 rank=4 label='Cleft palate'"
"Orofacial clefts","HP:0000202","embedding","sim=0.9855 rank=1 label='Orofacial cleft'"
"Orofacial clefts","HP:0001374","embedding","sim=0.875 rank=7 label='Congenital hip dislocation'"
"Orofacial clefts","HP:0002253","embedding","sim=0.8821 rank=6 label='Colonic diverticula'"
"Orofacial clefts","MONDO:0000358","embedding","sim=0.9855 rank=2 label='orofacial cleft'"
"Orofacial clefts","MONDO:0006328","embedding","sim=0.8742 rank=9 label='odontogenic cyst'"
"Orofacial clefts","MONDO:0008481","embedding","sim=0.8743 rank=8 label='spondylosis, cervical'"
"Orofacial clefts","MONDO:0015397","embedding","sim=0.9023 rank=3 label='craniofacial microsomia'"
"Orofacial clefts","MONDO:0019938","embedding","sim=0.8733 rank=10 label='anorectal malformation'"
"Osteoarthritis","EFO:0005890","embedding","sim=0.9372 rank=6 label='osteoarthritis biomarker measurement'"
"Osteoarthritis","EFO:0007942","embedding","sim=0.9121 rank=8 label='hip osteoarthritis symptom severity measurement'"
"Osteoarthritis","MONDO:0005095","embedding","sim=0.9025 rank=10 label='spondyloarthropathy'"
"Osteoarthritis","MONDO:0005178","embedding","sim=1 rank=1 label='osteoarthritis'"
"Osteoarthritis","MONDO:0005416","embedding","sim=0.9636 rank=5 label='osteoarthritis, knee'"
"Osteoarthritis","MONDO:0005578","embedding","sim=0.905 rank=9 label='arthritic joint disease'"
"Osteoarthritis","MONDO:0006629","embedding","sim=0.9643 rank=3 label='osteoarthritis, hip'"
"Osteoarthritis","MONDO:0006630","embedding","sim=0.9645 rank=2 label='osteoarthritis, spine'"
"Osteoarthritis","MONDO:0006632","embedding","sim=0.9639 rank=4 label='osteoarthritis, hand'"
"Osteoarthritis","OBA:2001008","embedding","sim=0.9297 rank=7 label='age of onset of osteoarthritis'"
"Osteoarthritis hand","EFO:0005890","embedding","sim=0.9331 rank=7 label='osteoarthritis biomarker measurement'"
"Osteoarthritis hand","EFO:0007942","embedding","sim=0.9246 rank=8 label='hip osteoarthritis symptom severity measurement'"
"Osteoarthritis hand","MONDO:0005095","embedding","sim=0.9056 rank=10 label='spondyloarthropathy'"
"Osteoarthritis hand","MONDO:0005178","embedding","sim=0.9808 rank=1 label='osteoarthritis'"
"Osteoarthritis hand","MONDO:0005416","embedding","sim=0.9651 rank=3 label='osteoarthritis, knee'"
"Osteoarthritis hand","MONDO:0005578","embedding","sim=0.9108 rank=9 label='arthritic joint disease'"
"Osteoarthritis hand","MONDO:0006629","embedding","sim=0.9636 rank=5 label='osteoarthritis, hip'"
"Osteoarthritis hand","MONDO:0006630","embedding","sim=0.9645 rank=4 label='osteoarthritis, spine'"
"Osteoarthritis hand","MONDO:0006632","embedding","sim=0.97 rank=2 label='osteoarthritis, hand'"
"Osteoarthritis hand","OBA:2001008","embedding","sim=0.9336 rank=6 label='age of onset of osteoarthritis'"
"Osteoarthritis hip","EFO:0005890","embedding","sim=0.9281 rank=7 label='osteoarthritis biomarker measurement'"
"Osteoarthritis hip","EFO:0007942","embedding","sim=0.9223 rank=8 label='hip osteoarthritis symptom severity measurement'"
"Osteoarthritis hip","MONDO:0005095","embedding","sim=0.9052 rank=10 label='spondyloarthropathy'"
"Osteoarthritis hip","MONDO:0005178","embedding","sim=0.9756 rank=1 label='osteoarthritis'"
"Osteoarthritis hip","MONDO:0005416","embedding","sim=0.9602 rank=4 label='osteoarthritis, knee'"
"Osteoarthritis hip","MONDO:0005578","embedding","sim=0.9074 rank=9 label='arthritic joint disease'"
"Osteoarthritis hip","MONDO:0006629","embedding","sim=0.9665 rank=2 label='osteoarthritis, hip'"
"Osteoarthritis hip","MONDO:0006630","embedding","sim=0.9642 rank=3 label='osteoarthritis, spine'"
"Osteoarthritis hip","MONDO:0006632","embedding","sim=0.9601 rank=5 label='osteoarthritis, hand'"
"Osteoarthritis hip","OBA:2001008","embedding","sim=0.9296 rank=6 label='age of onset of osteoarthritis'"
"Osteoarthritis knee","EFO:0005890","embedding","sim=0.9295 rank=7 label='osteoarthritis biomarker measurement'"
"Osteoarthritis knee","EFO:0007942","embedding","sim=0.9212 rank=8 label='hip osteoarthritis symptom severity measurement'"
"Osteoarthritis knee","MONDO:0005095","embedding","sim=0.8996 rank=10 label='spondyloarthropathy'"
"Osteoarthritis knee","MONDO:0005178","embedding","sim=0.9786 rank=1 label='osteoarthritis'"
"Osteoarthritis knee","MONDO:0005416","embedding","sim=0.97 rank=2 label='osteoarthritis, knee'"
"Osteoarthritis knee","MONDO:0005578","embedding","sim=0.9049 rank=9 label='arthritic joint disease'"
"Osteoarthritis knee","MONDO:0006629","embedding","sim=0.9613 rank=4 label='osteoarthritis, hip'"
"Osteoarthritis knee","MONDO:0006630","embedding","sim=0.9633 rank=3 label='osteoarthritis, spine'"
"Osteoarthritis knee","MONDO:0006632","embedding","sim=0.9608 rank=5 label='osteoarthritis, hand'"
"Osteoarthritis knee","OBA:2001008","embedding","sim=0.9324 rank=6 label='age of onset of osteoarthritis'"
"Osteoarthritis other","EFO:0005890","embedding","sim=0.9398 rank=6 label='osteoarthritis biomarker measurement'"
"Osteoarthritis other","EFO:0007942","embedding","sim=0.9277 rank=8 label='hip osteoarthritis symptom severity measurement'"
"Osteoarthritis other","MONDO:0005095","embedding","sim=0.9134 rank=9 label='spondyloarthropathy'"
"Osteoarthritis other","MONDO:0005178","embedding","sim=0.977 rank=1 label='osteoarthritis'"
"Osteoarthritis other","MONDO:0005416","embedding","sim=0.9595 rank=4 label='osteoarthritis, knee'"
"Osteoarthritis other","MONDO:0005578","embedding","sim=0.9105 rank=10 label='arthritic joint disease'"
"Osteoarthritis other","MONDO:0006629","embedding","sim=0.9569 rank=5 label='osteoarthritis, hip'"
"Osteoarthritis other","MONDO:0006630","embedding","sim=0.966 rank=2 label='osteoarthritis, spine'"
"Osteoarthritis other","MONDO:0006632","embedding","sim=0.9614 rank=3 label='osteoarthritis, hand'"
"Osteoarthritis other","OBA:2001008","embedding","sim=0.936 rank=7 label='age of onset of osteoarthritis'"
"Other benign and in situ neoplasms","MONDO:0000620","embedding","sim=0.9515 rank=1 label='breast benign neoplasm'"
"Other benign and in situ neoplasms","MONDO:0000631","embedding","sim=0.9499 rank=2 label='bone benign neoplasm'"
"Other benign and in situ neoplasms","MONDO:0000632","embedding","sim=0.9373 rank=10 label='uterine benign neoplasm'"
"Other benign and in situ neoplasms","MONDO:0000654","embedding","sim=0.9426 rank=4 label='benign connective and soft tissue neoplasm'"
"Other benign and in situ neoplasms","MONDO:0004647","",""
"Other benign and in situ neoplasms","MONDO:0005070","",""
"Other benign and in situ neoplasms","MONDO:0005165","",""
"Other benign and in situ neoplasms","MONDO:0021451","embedding","sim=0.9382 rank=7 label='benign neoplasm of brain'"
"Other benign and in situ neoplasms","MONDO:0021454","embedding","sim=0.9409 rank=6 label='benign neoplasm of eye'"
"Other benign and in situ neoplasms","MONDO:0021506","embedding","sim=0.9377 rank=9 label='benign neoplasm of spinal cord'"
"Other benign and in situ neoplasms","MONDO:0024881","embedding","sim=0.938 rank=8 label='secondary malignant neoplasm'"
"Other benign and in situ neoplasms","MONDO:0044335","embedding","sim=0.9412 rank=5 label='benign soft tissue neoplasm'"
"Other benign and in situ neoplasms","MONDO:0044983","embedding","sim=0.9443 rank=3 label='benign lipomatous neoplasm'"
"Other cardiomyopathy","EFO:0001425","embedding","sim=0.9576 rank=4 label='ischemic cardiomyopathy'"
"Other cardiomyopathy","EFO:0009094","embedding","sim=0.9539 rank=6 label='idiopathic dilated cardiomyopathy'"
"Other cardiomyopathy","EFO:0009881","embedding","sim=0.9653 rank=3 label='nonischemic cardiomyopathy'"
"Other cardiomyopathy","MONDO:0004496","embedding","sim=0.906 rank=10 label='myocarditis'"
"Other cardiomyopathy","MONDO:0004994","embedding","sim=0.9756 rank=1 label='cardiomyopathy'"
"Other cardiomyopathy","MONDO:0005021","embedding","sim=0.9677 rank=2 label='dilated cardiomyopathy'"
"Other cardiomyopathy","MONDO:0005045","embedding","sim=0.9512 rank=7 label='hypertrophic cardiomyopathy'"
"Other cardiomyopathy","MONDO:0005336","",""
"Other cardiomyopathy","MONDO:0005491","embedding","sim=0.9557 rank=5 label='Chagas cardiomyopathy'"
"Other cardiomyopathy","MONDO:0018920","embedding","sim=0.945 rank=8 label='peripartum cardiomyopathy'"
"Other cardiomyopathy","MONDO:0019018","embedding","sim=0.9084 rank=9 label='Tako-tsubo cardiomyopathy'"
"Other cardiovascular and circulatory diseases","EFO:0007654","embedding","sim=0.8943 rank=4 label='clinical and behavioural ideal cardiovascular health'"
"Other cardiovascular and circulatory diseases","EFO:0009663","embedding","sim=0.8808 rank=10 label='disease of genitourinary system'"
"Other cardiovascular and circulatory diseases","EFO:0009926","embedding","sim=0.8898 rank=5 label='Vasodilators used in cardiac diseases use measurement'"
"Other cardiovascular and circulatory diseases","EFO:0021791","embedding","sim=0.886 rank=8 label='behavioural ideal cardiovascular health'"
"Other cardiovascular and circulatory diseases","HP:0001626","embedding","sim=0.8984 rank=3 label='Abnormality of the cardiovascular system'"
"Other cardiovascular and circulatory diseases","HP:0002597","embedding","sim=0.8876 rank=7 label='Abnormality of the vasculature'"
"Other cardiovascular and circulatory diseases","HP:0011025","embedding","sim=0.9011 rank=2 label='Abnormal cardiovascular system physiology'"
"Other cardiovascular and circulatory diseases","HP:0030680","embedding","sim=0.9028 rank=1 label='Abnormal cardiovascular system morphology'"
"Other cardiovascular and circulatory diseases","MONDO:0000001","",""
"Other cardiovascular and circulatory diseases","MONDO:0011057","embedding","sim=0.8893 rank=6 label='cerebrovascular disorder'"
"Other cardiovascular and circulatory diseases","OBA:2045269","embedding","sim=0.8846 rank=9 label='aortic vascular smooth muscle cell calcification attribute'"
"Other chromosomal abnormalities","EFO:0000336","embedding","sim=0.9655 rank=1 label='chromosomal aberration'"
"Other chromosomal abnormalities","EFO:0009860","embedding","sim=0.9508 rank=3 label='chromosomal aberration frequency'"
"Other chromosomal abnormalities","EFO:0009861","embedding","sim=0.8877 rank=6 label='chromosome-type aberration frequency'"
"Other chromosomal abnormalities","EFO:0009862","embedding","sim=0.8743 rank=10 label='chromatid-type aberration frequency'"
"Other chromosomal abnormalities","EFO:0801589","embedding","sim=0.8899 rank=5 label='eukaryotic translation initiation factor 1A, X-chromosomal measurement'"
"Other chromosomal abnormalities","HP:0000118","embedding","sim=0.8748 rank=9 label='Phenotypic abnormality'"
"Other chromosomal abnormalities","HP:0002916","embedding","sim=0.8753 rank=8 label='Abnormality of chromosome segregation'"
"Other chromosomal abnormalities","MONDO:0019040","embedding","sim=0.9526 rank=2 label='chromosomal disorder'"
"Other chromosomal abnormalities","MONDO:0024239","embedding","sim=0.8829 rank=7 label='congenital anomaly of cardiovascular system'"
"Other chromosomal abnormalities","OBA:2051506","embedding","sim=0.8929 rank=4 label='level of loss of heterozygosity 11 chromosomal region 2 gene A protein in blood'"
"Other chromosomal abnormalities","PATO:0000461","",""
"Other chronic respiratory diseases","EFO:0009910","embedding","sim=0.9052 rank=8 label='chronic lung disease'"
"Other chronic respiratory diseases","EFO:0010143","embedding","sim=0.9072 rank=6 label='chronic mountain sickness'"
"Other chronic respiratory diseases","EFO:0022941","",""
"Other chronic respiratory diseases","HP:0002086","",""
"Other chronic respiratory diseases","MONDO:0000001","",""
"Other chronic respiratory diseases","MONDO:0000270","embedding","sim=0.9082 rank=5 label='lower respiratory tract disorder'"
"Other chronic respiratory diseases","MONDO:0001208","embedding","sim=0.902 rank=10 label='acute respiratory failure'"
"Other chronic respiratory diseases","MONDO:0001493","embedding","sim=0.9195 rank=1 label='chronic pulmonary heart disease'"
"Other chronic respiratory diseases","MONDO:0004867","embedding","sim=0.9121 rank=3 label='upper respiratory tract disorder'"
"Other chronic respiratory diseases","MONDO:0005087","embedding","sim=0.9048 rank=9 label='respiratory system disorder'"
"Other chronic respiratory diseases","MONDO:0021204","embedding","sim=0.912 rank=4 label='chronic otitis media'"
"Other chronic respiratory diseases","MONDO:0024355","embedding","sim=0.9139 rank=2 label='respiratory tract infectious disorder'"
"Other chronic respiratory diseases","MONDO:0043885","embedding","sim=0.9059 rank=7 label='eye infectious disorder'"
"Other congenital birth defects","EFO:0022941","embedding","sim=0.9333 rank=1 label='congenital respiratory system disorder'"
"Other congenital birth defects","EFO:0600032","embedding","sim=0.9221 rank=4 label='congenital right-sided heart lesions'"
"Other congenital birth defects","HP:0001374","embedding","sim=0.9104 rank=10 label='Congenital hip dislocation'"
"Other congenital birth defects","MONDO:0002320","embedding","sim=0.9299 rank=2 label='congenital nervous system disorder'"
"Other congenital birth defects","MONDO:0005453","embedding","sim=0.911 rank=9 label='congenital heart disease'"
"Other congenital birth defects","MONDO:0005584","embedding","sim=0.9205 rank=6 label='congenital left-sided heart lesions'"
"Other congenital birth defects","MONDO:0005715","",""
"Other congenital birth defects","MONDO:0017427","embedding","sim=0.9248 rank=3 label='congenital deformities of limbs'"
"Other congenital birth defects","MONDO:0018360","",""
"Other congenital birth defects","MONDO:0019054","embedding","sim=0.9212 rank=5 label='congenital limb malformation'"
"Other congenital birth defects","MONDO:0019512","embedding","sim=0.9132 rank=8 label='congenital heart malformation'"
"Other congenital birth defects","MONDO:0019636","",""
"Other congenital birth defects","MONDO:0019719","",""
"Other congenital birth defects","MONDO:0024239","embedding","sim=0.9154 rank=7 label='congenital anomaly of cardiovascular system'"
"Other digestive diseases","EFO:0020979","embedding","sim=0.9146 rank=7 label='digestive system surgery'"
"Other digestive diseases","HP:0002012","embedding","sim=0.9078 rank=10 label='Abnormality of the abdominal organs'"
"Other digestive diseases","HP:0025031","embedding","sim=0.9194 rank=5 label='Abnormality of the digestive system'"
"Other digestive diseases","MONDO:0000001","",""
"Other digestive diseases","MONDO:0000916","embedding","sim=0.9157 rank=6 label='intestinal infectious disease'"
"Other digestive diseases","MONDO:0001318","embedding","sim=0.9362 rank=3 label='functional gastric disease'"
"Other digestive diseases","MONDO:0001517","embedding","sim=0.9106 rank=9 label='dysentery'"
"Other digestive diseases","MONDO:0002516","embedding","sim=0.9234 rank=4 label='digestive system cancer'"
"Other digestive diseases","MONDO:0004335","embedding","sim=0.9385 rank=2 label='digestive system disorder'"
"Other digestive diseases","MONDO:0043424","embedding","sim=0.945 rank=1 label='digestive system infectious disorder'"
"Other digestive diseases","MONDO:0043885","embedding","sim=0.9143 rank=8 label='eye infectious disorder'"
"Other direct maternal disorders","EFO:0009436","embedding","sim=0.8865 rank=6 label='offspring survival measurement'"
"Other direct maternal disorders","EFO:0009437","embedding","sim=0.8872 rank=5 label='offspring mortality measurement'"
"Other direct maternal disorders","EFO:0020667","embedding","sim=0.8898 rank=2 label='protein amnionless measurement'"
"Other direct maternal disorders","EFO:0022939","embedding","sim=0.8857 rank=7 label='labor and delivery complications'"
"Other direct maternal disorders","HP:0001787","embedding","sim=0.8836 rank=10 label='Abnormal delivery'"
"Other direct maternal disorders","MONDO:0000592","embedding","sim=0.8856 rank=8 label='specific developmental disorder'"
"Other direct maternal disorders","MONDO:0002134","embedding","sim=0.8879 rank=3 label='physiological sexual disorder'"
"Other direct maternal disorders","MONDO:0002220","embedding","sim=0.8844 rank=9 label='tooth hard tissue disease'"
"Other direct maternal disorders","MONDO:0006774","embedding","sim=0.8873 rank=4 label='habitual spontaneous abortion'"
"Other direct maternal disorders","MONDO:0043885","embedding","sim=0.8901 rank=1 label='eye infectious disorder'"
"Other drug use disorders","EFO:0005431","embedding","sim=0.9314 rank=2 label='illegal drug consumption'"
"Other drug use disorders","EFO:0007010","embedding","sim=0.9085 rank=10 label='drug use measurement'"
"Other drug use disorders","EFO:0007792","embedding","sim=0.9099 rank=8 label='antipsychotic drug use measurement'"
"Other drug use disorders","EFO:0009458","embedding","sim=0.9282 rank=3 label='alcohol use disorder measurement'"
"Other drug use disorders","EFO:0010445","embedding","sim=0.9335 rank=1 label='cocaine use disorder'"
"Other drug use disorders","EFO:0010702","embedding","sim=0.9131 rank=7 label='opioid use disorder'"
"Other drug use disorders","EFO:0011049","embedding","sim=0.9096 rank=9 label='drug misuse'"
"Other drug use disorders","HP:0030955","embedding","sim=0.9162 rank=6 label='Addictive alcohol use'"
"Other drug use disorders","MONDO:0002494","embedding","sim=0.9218 rank=5 label='substance-related disorder'"
"Other drug use disorders","MONDO:0021698","embedding","sim=0.9257 rank=4 label='alcohol-related disorders'"
"Other endocrine, metabolic, blood, and immune disorders","EFO:0007654","embedding","sim=0.8975 rank=1 label='clinical and behavioural ideal cardiovascular health'"
"Other endocrine, metabolic, blood, and immune disorders","HP:0000079","embedding","sim=0.8854 rank=9 label='Abnormality of the urinary system'"
"Other endocrine, metabolic, blood, and immune disorders","HP:0001626","embedding","sim=0.8899 rank=4 label='Abnormality of the cardiovascular system'"
"Other endocrine, metabolic, blood, and immune disorders","HP:0001871","embedding","sim=0.8881 rank=7 label='Abnormality of blood and blood-forming tissues'"
"Other endocrine, metabolic, blood, and immune disorders","HP:0001939","embedding","sim=0.8886 rank=6 label='Abnormality of metabolism/homeostasis'"
"Other endocrine, metabolic, blood, and immune disorders","HP:0025031","embedding","sim=0.8857 rank=8 label='Abnormality of the digestive system'"
"Other endocrine, metabolic, blood, and immune disorders","OBA:2041472","embedding","sim=0.8894 rank=5 label='level of engulfment and cell motility protein 1 in blood serum'"
"Other endocrine, metabolic, blood, and immune disorders","OBA:2041473","embedding","sim=0.8909 rank=3 label='level of engulfment and cell motility protein 2 in blood serum'"
"Other endocrine, metabolic, blood, and immune disorders","OBA:2043396","embedding","sim=0.893 rank=2 label='level of neuroendocrine protein 7B2 in blood serum'"
"Other endocrine, metabolic, blood, and immune disorders","OBA:2051515","embedding","sim=0.8847 rank=10 label='level of cell growth-regulating nucleolar protein in blood'"
"Other eye cancers","MONDO:0000964","embedding","sim=0.901 rank=5 label='skin lipoma'"
"Other eye cancers","MONDO:0001128","embedding","sim=0.9009 rank=6 label='nasal cavity cancer'"
"Other eye cancers","MONDO:0002129","embedding","sim=0.8999 rank=8 label='bone cancer'"
"Other eye cancers","MONDO:0002236","embedding","sim=0.9212 rank=1 label='ocular cancer'"
"Other eye cancers","MONDO:0002656","embedding","sim=0.9039 rank=4 label='skin carcinoma'"
"Other eye cancers","MONDO:0003199","embedding","sim=0.8977 rank=9 label='anal carcinoma'"
"Other eye cancers","MONDO:0004992","",""
"Other eye cancers","MONDO:0005872","embedding","sim=0.9084 rank=3 label='nervous system cancer'"
"Other eye cancers","MONDO:0006834","embedding","sim=0.8972 rank=10 label='lip cancer'"
"Other eye cancers","MONDO:0012817","embedding","sim=0.9008 rank=7 label='Ewing sarcoma'"
"Other eye cancers","MONDO:0021313","embedding","sim=0.9196 rank=2 label='eyelid cancer'"
"Other gynecological diseases","EFO:0009663","embedding","sim=0.9013 rank=3 label='disease of genitourinary system'"
"Other gynecological diseases","HP:0000078","embedding","sim=0.9025 rank=2 label='Abnormality of the genital system'"
"Other gynecological diseases","HP:0002012","embedding","sim=0.8956 rank=9 label='Abnormality of the abdominal organs'"
"Other gynecological diseases","MONDO:0000001","",""
"Other gynecological diseases","MONDO:0000462","embedding","sim=0.8963 rank=8 label='eye adnexa disorder'"
"Other gynecological diseases","MONDO:0000922","embedding","sim=0.8997 rank=4 label='pelvic inflammatory disease'"
"Other gynecological diseases","MONDO:0001416","embedding","sim=0.9073 rank=1 label='female reproductive organ cancer'"
"Other gynecological diseases","MONDO:0001786","embedding","sim=0.8993 rank=6 label='uterine inflammatory disease'"
"Other gynecological diseases","MONDO:0002263","",""
"Other gynecological diseases","MONDO:0005387","embedding","sim=0.8973 rank=7 label='primary ovarian failure'"
"Other gynecological diseases","MONDO:0005836","embedding","sim=0.8994 rank=5 label='male reproductive organ cancer'"
"Other gynecological diseases","MONDO:0021068","embedding","sim=0.8951 rank=10 label='ovarian neoplasm'"
"Other hemoglobinopathies and hemolytic anemias","EFO:0007299","embedding","sim=0.9039 rank=9 label='hemorrhagic fever with renal syndrome'"
"Other hemoglobinopathies and hemolytic anemias","EFO:0803379","embedding","sim=0.9124 rank=5 label='anti-GAD65 autoimmune neurological syndromes'"
"Other hemoglobinopathies and hemolytic anemias","MONDO:0001332","embedding","sim=0.9088 rank=7 label='palindromic rheumatism'"
"Other hemoglobinopathies and hemolytic anemias","MONDO:0002280","",""
"Other hemoglobinopathies and hemolytic anemias","MONDO:0003689","embedding","sim=0.9236 rank=3 label='familial hemolytic anemia'"
"Other hemoglobinopathies and hemolytic anemias","MONDO:0012105","embedding","sim=0.9023 rank=10 label='granulomatosis with polyangiitis'"
"Other hemoglobinopathies and hemolytic anemias","MONDO:0019050","embedding","sim=0.9354 rank=1 label='inherited hemoglobinopathy'"
"Other hemoglobinopathies and hemolytic anemias","MONDO:0020108","embedding","sim=0.9209 rank=4 label='autoimmune hemolytic anemia'"
"Other hemoglobinopathies and hemolytic anemias","MONDO:0021559","embedding","sim=0.93 rank=2 label='non-autoimmune hemolytic anemia'"
"Other hemoglobinopathies and hemolytic anemias","OBA:2044910","embedding","sim=0.9103 rank=6 label='level of regulator of hemoglobinization and erythroid cell expansion protein (human) in blood serum'"
"Other hemoglobinopathies and hemolytic anemias","OBA:2051764","embedding","sim=0.904 rank=8 label='level of spectrin beta chain, non-erythrocytic 2 in blood'"
"Other intestinal infectious diseases","EFO:0009705","embedding","sim=0.9346 rank=3 label='small intestine enteropathy'"
"Other intestinal infectious diseases","EFO:1000989","embedding","sim=0.9202 rank=8 label='intestinal volvulus'"
"Other intestinal infectious diseases","HP:0002253","embedding","sim=0.9165 rank=9 label='Colonic diverticula'"
"Other intestinal infectious diseases","MONDO:0000001","",""
"Other intestinal infectious diseases","MONDO:0000916","embedding","sim=0.9697 rank=1 label='intestinal infectious disease'"
"Other intestinal infectious diseases","MONDO:0004565","embedding","sim=0.9231 rank=5 label='intestinal obstruction'"
"Other intestinal infectious diseases","MONDO:0004571","embedding","sim=0.9285 rank=4 label='intestinal impaction'"
"Other intestinal infectious diseases","MONDO:0004622","embedding","sim=0.9384 rank=2 label='chronic intestinal vascular insufficiency'"
"Other intestinal infectious diseases","MONDO:0005020","embedding","sim=0.9231 rank=6 label='intestinal disorder'"
"Other intestinal infectious diseases","MONDO:0005550","",""
"Other intestinal infectious diseases","MONDO:0005814","embedding","sim=0.915 rank=10 label='intestinal cancer'"
"Other intestinal infectious diseases","MONDO:0043424","embedding","sim=0.9208 rank=7 label='digestive system infectious disorder'"
"Other leukemia","EFO:0010788","embedding","sim=0.9011 rank=7 label='leukemia inhibitory factor receptor measurement'"
"Other leukemia","EFO:0801403","embedding","sim=0.8947 rank=9 label='B-cell lymphoma/leukemia 10 measurement'"
"Other leukemia","EFO:0801764","embedding","sim=0.9059 rank=5 label='leukemia inhibitory factor measurement'"
"Other leukemia","MONDO:0000870","embedding","sim=0.893 rank=10 label='childhood acute lymphoblastic leukemia'"
"Other leukemia","MONDO:0004600","embedding","sim=0.9165 rank=2 label='monocytic leukemia'"
"Other leukemia","MONDO:0004643","embedding","sim=0.9133 rank=4 label='myeloid leukemia'"
"Other leukemia","MONDO:0005059","embedding","sim=0.9431 rank=1 label='leukemia'"
"Other leukemia","MONDO:0005402","embedding","sim=0.9146 rank=3 label='lymphoid leukemia'"
"Other leukemia","MONDO:0011996","embedding","sim=0.8966 rank=8 label='chronic myeloid leukemia'"
"Other leukemia","MONDO:0018874","embedding","sim=0.9039 rank=6 label='acute myeloid leukemia'"
"Other malignant neoplasms","MONDO:0000620","embedding","sim=0.9414 rank=4 label='breast benign neoplasm'"
"Other malignant neoplasms","MONDO:0000631","embedding","sim=0.9376 rank=6 label='bone benign neoplasm'"
"Other malignant neoplasms","MONDO:0005070","",""
"Other malignant neoplasms","MONDO:0005157","embedding","sim=0.9355 rank=9 label='lymphoid neoplasm'"
"Other malignant neoplasms","MONDO:0005165","embedding","sim=0.9365 rank=7 label='benign neoplasm'"
"Other malignant neoplasms","MONDO:0009831","embedding","sim=0.9439 rank=3 label='malignant pancreatic neoplasm'"
"Other malignant neoplasms","MONDO:0021063","embedding","sim=0.9399 rank=5 label='malignant colon neoplasm'"
"Other malignant neoplasms","MONDO:0021220","embedding","sim=0.9342 rank=10 label='eye neoplasm'"
"Other malignant neoplasms","MONDO:0024880","embedding","sim=0.9454 rank=2 label='metastatic malignant neoplasm'"
"Other malignant neoplasms","MONDO:0024881","embedding","sim=0.9766 rank=1 label='secondary malignant neoplasm'"
"Other malignant neoplasms","MONDO:0044919","embedding","sim=0.9358 rank=8 label='malignant renal pelvis neoplasm'"
"Other mental disorders","EFO:0007795","embedding","sim=0.9097 rank=9 label='anxiety disorder measurement'"
"Other mental disorders","MONDO:0000592","embedding","sim=0.9136 rank=6 label='specific developmental disorder'"
"Other mental disorders","MONDO:0002025","embedding","sim=0.928 rank=2 label='psychiatric disorder'"
"Other mental disorders","MONDO:0002039","embedding","sim=0.916 rank=3 label='cognitive disorder'"
"Other mental disorders","MONDO:0004730","embedding","sim=0.9126 rank=8 label='speech disorder'"
"Other mental disorders","MONDO:0005071","embedding","sim=0.9094 rank=10 label='nervous system disorder'"
"Other mental disorders","MONDO:0005084","embedding","sim=0.9389 rank=1 label='mental disorder'"
"Other mental disorders","MONDO:0005503","embedding","sim=0.9139 rank=5 label='developmental disorder of mental health'"
"Other mental disorders","MONDO:0016226","embedding","sim=0.9153 rank=4 label='specific language disorder'"
"Other mental disorders","MONDO:0021698","embedding","sim=0.9129 rank=7 label='alcohol-related disorders'"
"Other musculoskeletal disorders","EFO:0022195","embedding","sim=0.967 rank=2 label='chronic musculoskeletal pain'"
"Other musculoskeletal disorders","HP:0003011","embedding","sim=0.868 rank=7 label='Abnormality of the musculature'"
"Other musculoskeletal disorders","HP:0033127","embedding","sim=0.9524 rank=3 label='Abnormality of the musculoskeletal system'"
"Other musculoskeletal disorders","MONDO:0000589","embedding","sim=0.9416 rank=4 label='autoimmune disorder of musculoskeletal system'"
"Other musculoskeletal disorders","MONDO:0002081","embedding","sim=0.9759 rank=1 label='musculoskeletal system disorder'"
"Other musculoskeletal disorders","MONDO:0005306","embedding","sim=0.8668 rank=8 label='ankylosing spondylitis'"
"Other musculoskeletal disorders","MONDO:0006630","embedding","sim=0.86 rank=9 label='osteoarthritis, spine'"
"Other musculoskeletal disorders","MONDO:0006632","embedding","sim=0.8587 rank=10 label='osteoarthritis, hand'"
"Other musculoskeletal disorders","MONDO:0008481","embedding","sim=0.883 rank=6 label='spondylosis, cervical'"
"Other musculoskeletal disorders","OBA:2042464","embedding","sim=0.8972 rank=5 label='level of musculoskeletal embryonic nuclear protein 1 in blood serum'"
"Other neglected tropical diseases","EFO:0007743","embedding","sim=0.8755 rank=8 label='influenza A severity measurement'"
"Other neglected tropical diseases","MONDO:0000001","",""
"Other neglected tropical diseases","MONDO:0000327","embedding","sim=0.8743 rank=9 label='Buruli ulcer disease'"
"Other neglected tropical diseases","MONDO:0000989","embedding","sim=0.9026 rank=2 label='mumps infectious disease'"
"Other neglected tropical diseases","MONDO:0001341","embedding","sim=0.8736 rank=10 label='selective IgA deficiency disease'"
"Other neglected tropical diseases","MONDO:0005113","embedding","sim=0.8798 rank=6 label='bacterial infectious disease'"
"Other neglected tropical diseases","MONDO:0005135","embedding","sim=0.891 rank=3 label='parasitic infectious disease'"
"Other neglected tropical diseases","MONDO:0005229","embedding","sim=0.8848 rank=5 label='bacterial infectious disease with sepsis'"
"Other neglected tropical diseases","MONDO:0005644","embedding","sim=0.8871 rank=4 label='amebiasis'"
"Other neglected tropical diseases","MONDO:0005766","embedding","sim=0.8769 rank=7 label='fungal lung infectious disease'"
"Other neglected tropical diseases","MONDO:0043885","embedding","sim=0.9111 rank=1 label='eye infectious disorder'"
"Other neonatal disorders","EFO:0009408","embedding","sim=0.8851 rank=10 label='abnormal vaginal discharge smell'"
"Other neonatal disorders","EFO:0022856","embedding","sim=0.8893 rank=8 label='feeding problems of newborn'"
"Other neonatal disorders","EFO:0022941","embedding","sim=0.9026 rank=3 label='congenital respiratory system disorder'"
"Other neonatal disorders","EFO:1000739","embedding","sim=0.8973 rank=5 label='neonatal jaundice'"
"Other neonatal disorders","HP:0040187","embedding","sim=0.9348 rank=1 label='Neonatal sepsis'"
"Other neonatal disorders","MONDO:0000592","embedding","sim=0.8927 rank=6 label='specific developmental disorder'"
"Other neonatal disorders","MONDO:0002320","embedding","sim=0.8991 rank=4 label='congenital nervous system disorder'"
"Other neonatal disorders","MONDO:0005566","embedding","sim=0.8887 rank=9 label='neonatal abstinence syndrome'"
"Other neonatal disorders","MONDO:0006663","embedding","sim=0.9154 rank=2 label='perinatal asphyxia'"
"Other neonatal disorders","MONDO:0100086","embedding","sim=0.8923 rank=7 label='perinatal disease'"
"Other neoplasms","EFO:1001513","embedding","sim=0.9483 rank=7 label='liver neoplasm'"
"Other neoplasms","MONDO:0002531","embedding","sim=0.9508 rank=5 label='skin neoplasm'"
"Other neoplasms","MONDO:0005070","",""
"Other neoplasms","MONDO:0019060","embedding","sim=0.9564 rank=2 label='bone neoplasm'"
"Other neoplasms","MONDO:0021100","embedding","sim=0.9432 rank=9 label='breast neoplasm'"
"Other neoplasms","MONDO:0021117","embedding","sim=0.943 rank=10 label='lung neoplasm'"
"Other neoplasms","MONDO:0021163","embedding","sim=0.9508 rank=6 label='kidney neoplasm'"
"Other neoplasms","MONDO:0021211","embedding","sim=0.9539 rank=4 label='brain neoplasm'"
"Other neoplasms","MONDO:0021220","embedding","sim=0.9582 rank=1 label='eye neoplasm'"
"Other neoplasms","MONDO:0021240","embedding","sim=0.9546 rank=3 label='tongue neoplasm'"
"Other neoplasms","MONDO:0024881","embedding","sim=0.9441 rank=8 label='secondary malignant neoplasm'"
"Other neurological disorders","HP:0000011","embedding","sim=0.9062 rank=9 label='Neurogenic bladder'"
"Other neurological disorders","MONDO:0002317","embedding","sim=0.9033 rank=10 label='central nervous system origin vertigo'"
"Other neurological disorders","MONDO:0002320","embedding","sim=0.9076 rank=8 label='congenital nervous system disorder'"
"Other neurological disorders","MONDO:0002321","embedding","sim=0.9115 rank=6 label='sensory peripheral neuropathy'"
"Other neurological disorders","MONDO:0002602","embedding","sim=0.9164 rank=4 label='central nervous system disorder'"
"Other neurological disorders","MONDO:0003620","embedding","sim=0.9167 rank=3 label='peripheral nervous system disorder'"
"Other neurological disorders","MONDO:0005071","",""
"Other neurological disorders","MONDO:0005244","embedding","sim=0.9114 rank=7 label='peripheral neuropathy'"
"Other neurological disorders","MONDO:0005379","embedding","sim=0.9174 rank=2 label='neurotic disorder'"
"Other neurological disorders","MONDO:0019056","embedding","sim=0.9236 rank=1 label='neuromuscular disease'"
"Other neurological disorders","MONDO:0024619","embedding","sim=0.9154 rank=5 label='central nervous system infectious disorder'"
"Other non-Hodgkin lymphoma","EFO:0801403","embedding","sim=0.8846 rank=7 label='B-cell lymphoma/leukemia 10 measurement'"
"Other non-Hodgkin lymphoma","MONDO:0004633","embedding","sim=0.9458 rank=4 label='Hodgkin's lymphoma, mixed cellularity'"
"Other non-Hodgkin lymphoma","MONDO:0004665","embedding","sim=0.9513 rank=3 label='nodular sclerosis classical Hodgkin lymphoma'"
"Other non-Hodgkin lymphoma","MONDO:0004952","embedding","sim=0.9343 rank=5 label='Hodgkins lymphoma'"
"Other non-Hodgkin lymphoma","MONDO:0005062","",""
"Other non-Hodgkin lymphoma","MONDO:0007243","embedding","sim=0.8787 rank=10 label='Burkitt lymphoma'"
"Other non-Hodgkin lymphoma","MONDO:0018905","embedding","sim=0.8882 rank=6 label='diffuse large B-cell lymphoma'"
"Other non-Hodgkin lymphoma","MONDO:0018908","embedding","sim=0.9873 rank=1 label='non-Hodgkin lymphoma'"
"Other non-Hodgkin lymphoma","MONDO:0019472","embedding","sim=0.8788 rank=9 label='extranodal nasal NK/T cell lymphoma'"
"Other non-Hodgkin lymphoma","MONDO:0044887","embedding","sim=0.9721 rank=2 label='central nervous system non-hodgkin lymphoma'"
"Other non-Hodgkin lymphoma","OBA:2050949","embedding","sim=0.8803 rank=8 label='level of T-cell leukemia/lymphoma protein 1B in blood'"
"Other non-rheumatic valve diseases","EFO:0009935","embedding","sim=0.8899 rank=4 label='Non-steroidal anti-inflammatory and antirheumatic product use measurement'"
"Other non-rheumatic valve diseases","HP:0001647","embedding","sim=0.8792 rank=10 label='Bicuspid aortic valve'"
"Other non-rheumatic valve diseases","MONDO:0000001","",""
"Other non-rheumatic valve diseases","MONDO:0000471","embedding","sim=0.8949 rank=2 label='tricuspid valve disorder'"
"Other non-rheumatic valve diseases","MONDO:0001332","embedding","sim=0.8888 rank=5 label='palindromic rheumatism'"
"Other non-rheumatic valve diseases","MONDO:0003803","embedding","sim=0.8862 rank=6 label='aortic valve disorder'"
"Other non-rheumatic valve diseases","MONDO:0005648","embedding","sim=0.8815 rank=8 label='aortic valve insufficiency'"
"Other non-rheumatic valve diseases","MONDO:0006322","embedding","sim=0.8972 rank=1 label='non-neoplastic bile duct disorder'"
"Other non-rheumatic valve diseases","MONDO:0006955","embedding","sim=0.8823 rank=7 label='rheumatic heart disease'"
"Other non-rheumatic valve diseases","MONDO:0019735","embedding","sim=0.881 rank=9 label='polymyalgia rheumatica'"
"Other non-rheumatic valve diseases","OBA:2050354","embedding","sim=0.8929 rank=3 label='trait in response to antirheumatic drug'"
"Other nutritional deficiencies","EFO:0005403","embedding","sim=0.8863 rank=6 label='response to dietary potassium supplementation'"
"Other nutritional deficiencies","EFO:0008355","embedding","sim=0.886 rank=8 label='dietary heme iron intake measurement'"
"Other nutritional deficiencies","EFO:0008539","embedding","sim=0.8916 rank=3 label='vitamin D dietary intake measurement'"
"Other nutritional deficiencies","EFO:0020082","embedding","sim=0.8864 rank=5 label='dietary vitamin C intake measurement'"
"Other nutritional deficiencies","EFO:0020089","embedding","sim=0.8844 rank=10 label='dietary vitamin E intake measurement'"
"Other nutritional deficiencies","HP:0001939","embedding","sim=0.889 rank=4 label='Abnormality of metabolism/homeostasis'"
"Other nutritional deficiencies","HP:0003110","embedding","sim=0.8861 rank=7 label='Abnormality of urine homeostasis'"
"Other nutritional deficiencies","MONDO:0001371","embedding","sim=0.8939 rank=2 label='protein-energy malnutrition'"
"Other nutritional deficiencies","MONDO:0006873","embedding","sim=0.907 rank=1 label='nutritional deficiency disease'"
"Other nutritional deficiencies","OBA:2040014","embedding","sim=0.885 rank=9 label='trait in response to vitamin B3'"
"Other oral disorders","EFO:0009468","embedding","sim=0.9113 rank=6 label='jaw disease'"
"Other oral disorders","MONDO:0001165","embedding","sim=0.9142 rank=3 label='tongue disorder'"
"Other oral disorders","MONDO:0002220","embedding","sim=0.9079 rank=8 label='tooth hard tissue disease'"
"Other oral disorders","MONDO:0002776","embedding","sim=0.9047 rank=10 label='external ear disorder'"
"Other oral disorders","MONDO:0003394","embedding","sim=0.9141 rank=4 label='dental pulp disorder'"
"Other oral disorders","MONDO:0005557","embedding","sim=0.9098 rank=7 label='calcium metabolic disease'"
"Other oral disorders","MONDO:0006858","embedding","sim=0.9198 rank=1 label='mouth disorder'"
"Other oral disorders","MONDO:0006999","embedding","sim=0.9118 rank=5 label='tooth disorder'"
"Other oral disorders","MONDO:0016226","embedding","sim=0.9062 rank=9 label='specific language disorder'"
"Other oral disorders","MONDO:0043885","embedding","sim=0.9197 rank=2 label='eye infectious disorder'"
"Other pharynx cancer","MONDO:0001128","embedding","sim=0.9074 rank=9 label='nasal cavity cancer'"
"Other pharynx cancer","MONDO:0002258","embedding","sim=0.9087 rank=7 label='pharyngitis'"
"Other pharynx cancer","MONDO:0002516","embedding","sim=0.9076 rank=8 label='digestive system cancer'"
"Other pharynx cancer","MONDO:0003199","embedding","sim=0.9039 rank=10 label='anal carcinoma'"
"Other pharynx cancer","MONDO:0004608","embedding","sim=0.9535 rank=2 label='oropharynx cancer'"
"Other pharynx cancer","MONDO:0004645","embedding","sim=0.9211 rank=5 label='cheek mucosa cancer'"
"Other pharynx cancer","MONDO:0004992","",""
"Other pharynx cancer","MONDO:0005517","embedding","sim=0.9635 rank=1 label='pharynx cancer'"
"Other pharynx cancer","MONDO:0005806","embedding","sim=0.9474 rank=3 label='hypopharynx cancer'"
"Other pharynx cancer","MONDO:0020592","embedding","sim=0.9389 rank=4 label='disorder of pharynx'"
"Other pharynx cancer","MONDO:0020600","embedding","sim=0.9193 rank=6 label='acute pharyngitis'"
"Other pneumoconiosis","EFO:1001474","embedding","sim=0.8964 rank=8 label='pneumococcal pneumonia'"
"Other pneumoconiosis","EFO:1001925","embedding","sim=0.8935 rank=9 label='pneumococcal bacteremia'"
"Other pneumoconiosis","HP:0002108","embedding","sim=0.9239 rank=3 label='Spontaneous pneumothorax'"
"Other pneumoconiosis","MONDO:0002076","embedding","sim=0.9142 rank=4 label='pneumothorax'"
"Other pneumoconiosis","MONDO:0005114","embedding","sim=0.9005 rank=6 label='pneumococcal infection'"
"Other pneumoconiosis","MONDO:0005682","embedding","sim=0.912 rank=5 label='bronchopneumonia'"
"Other pneumoconiosis","MONDO:0006913","embedding","sim=0.9002 rank=7 label='pneumococcal meningitis'"
"Other pneumoconiosis","MONDO:0015926","embedding","sim=0.9862 rank=1 label='pneumoconiosis'"
"Other pneumoconiosis","MONDO:0016586","embedding","sim=0.8904 rank=10 label='systemic mastocytosis'"
"Other pneumoconiosis","MONDO:0043905","embedding","sim=0.9295 rank=2 label='pneumonitis'"
"Other sense organ diseases","EFO:0007664","embedding","sim=0.8978 rank=5 label='outer ear morphology trait'"
"Other sense organ diseases","EFO:0010688","embedding","sim=0.9014 rank=4 label='periapical tissue disease'"
"Other sense organ diseases","HP:0002012","embedding","sim=0.8954 rank=9 label='Abnormality of the abdominal organs'"
"Other sense organ diseases","MONDO:0000001","",""
"Other sense organ diseases","MONDO:0000462","embedding","sim=0.8973 rank=6 label='eye adnexa disorder'"
"Other sense organ diseases","MONDO:0000926","embedding","sim=0.8967 rank=7 label='eye accommodation disease'"
"Other sense organ diseases","MONDO:0002220","embedding","sim=0.9099 rank=1 label='tooth hard tissue disease'"
"Other sense organ diseases","MONDO:0005071","embedding","sim=0.9062 rank=2 label='nervous system disorder'"
"Other sense organ diseases","MONDO:0005087","embedding","sim=0.9045 rank=3 label='respiratory system disorder'"
"Other sense organ diseases","MONDO:0005715","",""
"Other sense organ diseases","MONDO:0005872","embedding","sim=0.8962 rank=8 label='nervous system cancer'"
"Other sense organ diseases","MONDO:0043885","embedding","sim=0.8954 rank=10 label='eye infectious disorder'"
"Other sexually transmitted infections","EFO:0000544","",""
"Other sexually transmitted infections","MONDO:0000989","embedding","sim=0.8936 rank=6 label='mumps infectious disease'"
"Other sexually transmitted infections","MONDO:0005108","embedding","sim=0.8997 rank=3 label='viral infectious disease'"
"Other sexually transmitted infections","MONDO:0005113","embedding","sim=0.8958 rank=5 label='bacterial infectious disease'"
"Other sexually transmitted infections","MONDO:0005135","embedding","sim=0.8977 rank=4 label='parasitic infectious disease'"
"Other sexually transmitted infections","MONDO:0005229","embedding","sim=0.8922 rank=8 label='bacterial infectious disease with sepsis'"
"Other sexually transmitted infections","MONDO:0005323","embedding","sim=0.9452 rank=1 label='bacterial sexually transmitted disease'"
"Other sexually transmitted infections","MONDO:0021679","embedding","sim=0.8913 rank=9 label='gram-positive bacterial infections'"
"Other sexually transmitted infections","MONDO:0021681","embedding","sim=0.9348 rank=2 label='sexually transmitted disease'"
"Other sexually transmitted infections","MONDO:0024355","embedding","sim=0.8842 rank=10 label='respiratory tract infectious disorder'"
"Other sexually transmitted infections","MONDO:0043885","embedding","sim=0.8925 rank=7 label='eye infectious disorder'"
"Other skin and subcutaneous diseases","EFO:0010723","embedding","sim=0.9013 rank=10 label='ocular sarcoidosis'"
"Other skin and subcutaneous diseases","HP:0008066","embedding","sim=0.9175 rank=2 label='Abnormal blistering of the skin'"
"Other skin and subcutaneous diseases","HP:0011123","embedding","sim=0.9035 rank=8 label='Inflammatory abnormality of the skin'"
"Other skin and subcutaneous diseases","MONDO:0000001","",""
"Other skin and subcutaneous diseases","MONDO:0000254","embedding","sim=0.9103 rank=4 label='cutaneous mycosis'"
"Other skin and subcutaneous diseases","MONDO:0000654","embedding","sim=0.9077 rank=5 label='benign connective and soft tissue neoplasm'"
"Other skin and subcutaneous diseases","MONDO:0005594","embedding","sim=0.9035 rank=9 label='severe cutaneous adverse reaction'"
"Other skin and subcutaneous diseases","MONDO:0006557","embedding","sim=0.9127 rank=3 label='hemangioma of subcutaneous tissue'"
"Other skin and subcutaneous diseases","MONDO:0020576","embedding","sim=0.9076 rank=6 label='cutaneous vasculitis'"
"Other skin and subcutaneous diseases","MONDO:0042983","embedding","sim=0.9058 rank=7 label='neurocutaneous syndrome'"
"Other skin and subcutaneous diseases","MONDO:0044334","embedding","sim=0.9248 rank=1 label='connective and soft tissue neoplasm'"
"Other unspecified infectious diseases","EFO:0008380","embedding","sim=0.8741 rank=3 label='perceived unattractiveness to mosquitos measurement'"
"Other unspecified infectious diseases","MONDO:0000001","",""
"Other unspecified infectious diseases","MONDO:0002875","embedding","sim=0.8729 rank=4 label='parasitic ectoparasitic infectious disease'"
"Other unspecified infectious diseases","MONDO:0005229","embedding","sim=0.8753 rank=2 label='bacterial infectious disease with sepsis'"
"Other unspecified infectious diseases","MONDO:0005550","",""
"Other unspecified infectious diseases","MONDO:0006322","embedding","sim=0.8667 rank=8 label='non-neoplastic bile duct disorder'"
"Other unspecified infectious diseases","MONDO:0018469","embedding","sim=0.8773 rank=1 label='pulmonary non-tuberculous mycobacterial infection'"
"Other unspecified infectious diseases","MONDO:0023370","embedding","sim=0.8673 rank=7 label='neoplastic disease or syndrome'"
"Other unspecified infectious diseases","OBA:2044844","embedding","sim=0.8686 rank=6 label='level of uncharacterized protein FAM241A in blood serum'"
"Other unspecified infectious diseases","OBA:2044849","embedding","sim=0.8691 rank=5 label='level of uncharacterized protein CXorf38 in blood serum'"
"Other unspecified infectious diseases","OBA:2044853","embedding","sim=0.8662 rank=9 label='level of uncharacterized protein KIAA1143 in blood serum'"
"Other unspecified infectious diseases","OBA:2051952","embedding","sim=0.8658 rank=10 label='level of uncharacterized protein C7orf50 in blood'"
"Other urinary diseases","HP:0000012","embedding","sim=0.9306 rank=5 label='Urinary urgency'"
"Other urinary diseases","HP:0000016","embedding","sim=0.9207 rank=8 label='Urinary retention'"
"Other urinary diseases","HP:0000079","embedding","sim=0.9288 rank=6 label='Abnormality of the urinary system'"
"Other urinary diseases","MONDO:0000001","",""
"Other urinary diseases","MONDO:0001187","embedding","sim=0.9236 rank=7 label='urinary bladder cancer'"
"Other urinary diseases","MONDO:0002118","embedding","sim=0.9523 rank=1 label='urinary system disorder'"
"Other urinary diseases","MONDO:0003330","embedding","sim=0.9173 rank=10 label='urinary tract obstruction'"
"Other urinary diseases","MONDO:0004184","embedding","sim=0.9193 rank=9 label='urethral disorder'"
"Other urinary diseases","MONDO:0004828","embedding","sim=0.9315 rank=4 label='lower urinary tract calculus'"
"Other urinary diseases","MONDO:0006026","embedding","sim=0.9477 rank=2 label='urinary bladder disorder'"
"Other urinary diseases","OBA:VT1000777","embedding","sim=0.936 rank=3 label='urinary system trait'"
"Other vision loss","EFO:0009764","embedding","sim=0.9044 rank=9 label='eye colour measurement'"
"Other vision loss","HP:0000504","embedding","sim=0.9259 rank=4 label='Abnormality of vision'"
"Other vision loss","HP:0000529","embedding","sim=0.9596 rank=1 label='Progressive visual loss'"
"Other vision loss","HP:0000572","embedding","sim=0.9394 rank=2 label='Visual loss'"
"Other vision loss","HP:0001123","embedding","sim=0.9094 rank=6 label='Visual field defect'"
"Other vision loss","MONDO:0000926","embedding","sim=0.9119 rank=5 label='eye accommodation disease'"
"Other vision loss","MONDO:0001564","embedding","sim=0.9028 rank=10 label='binocular vision disease'"
"Other vision loss","MONDO:0001703","embedding","sim=0.9319 rank=3 label='color vision disorder'"
"Other vision loss","MONDO:0005365","embedding","sim=0.9092 rank=8 label='hearing loss disorder'"
"Other vision loss","MONDO:0021084","embedding","sim=0.9092 rank=7 label='vision disorder'"
"Otitis media","MONDO:0001650","embedding","sim=0.8964 rank=10 label='acute cystitis'"
"Otitis media","MONDO:0004795","embedding","sim=0.9193 rank=3 label='otitis externa'"
"Otitis media","MONDO:0005280","embedding","sim=0.9014 rank=7 label='prostatitis'"
"Otitis media","MONDO:0005441","embedding","sim=1 rank=1 label='otitis media'"
"Otitis media","MONDO:0005892","embedding","sim=0.9035 rank=5 label='otitis media with effusion'"
"Otitis media","MONDO:0005975","embedding","sim=0.9023 rank=6 label='suppurative otitis media'"
"Otitis media","MONDO:0006030","embedding","sim=0.8998 rank=9 label='chronic cystitis'"
"Otitis media","MONDO:0006032","embedding","sim=0.8998 rank=8 label='cystitis'"
"Otitis media","MONDO:0006849","embedding","sim=0.9043 rank=4 label='mastitis'"
"Otitis media","MONDO:0021204","embedding","sim=0.9693 rank=2 label='chronic otitis media'"
"Ovarian cancer","EFO:0920034","",""
"Ovarian cancer","EFO:1001515","embedding","sim=0.9234 rank=8 label='ovarian endometrioid carcinoma'"
"Ovarian cancer","EFO:1001516","embedding","sim=0.9438 rank=4 label='ovarian serous carcinoma'"
"Ovarian cancer","MONDO:0000548","embedding","sim=0.9635 rank=3 label='ovarian clear cell cancer'"
"Ovarian cancer","MONDO:0002715","embedding","sim=0.9222 rank=10 label='uterine cancer'"
"Ovarian cancer","MONDO:0004992","",""
"Ovarian cancer","MONDO:0005138","embedding","sim=0.9225 rank=9 label='lung carcinoma'"
"Ovarian cancer","MONDO:0005140","embedding","sim=0.9665 rank=2 label='ovarian carcinoma'"
"Ovarian cancer","MONDO:0005215","embedding","sim=0.9342 rank=6 label='vulvar carcinoma'"
"Ovarian cancer","MONDO:0005558","embedding","sim=0.938 rank=5 label='ovarian disorder'"
"Ovarian cancer","MONDO:0006337","embedding","sim=0.9271 rank=7 label='ovarian endometriosis'"
"Ovarian cancer","MONDO:0008170","embedding","sim=1 rank=1 label='ovarian cancer'"
"Pancreatic cancer","HP:0005206","embedding","sim=0.923 rank=6 label='Pancreatic pseudocyst'"
"Pancreatic cancer","MONDO:0000612","embedding","sim=0.9176 rank=10 label='lymphatic system cancer'"
"Pancreatic cancer","MONDO:0002356","embedding","sim=0.9372 rank=1 label='pancreas disorder'"
"Pancreatic cancer","MONDO:0004950","embedding","sim=0.9177 rank=9 label='gastric carcinoma'"
"Pancreatic cancer","MONDO:0004982","embedding","sim=0.933 rank=2 label='pancreatitis'"
"Pancreatic cancer","MONDO:0004992","",""
"Pancreatic cancer","MONDO:0005003","embedding","sim=0.9269 rank=5 label='chronic pancreatitis'"
"Pancreatic cancer","MONDO:0005192","embedding","sim=0.9228 rank=7 label='exocrine pancreatic carcinoma'"
"Pancreatic cancer","MONDO:0006515","embedding","sim=0.9206 rank=8 label='acute pancreatitis'"
"Pancreatic cancer","MONDO:0021040","embedding","sim=0.9287 rank=3 label='pancreatic neoplasm'"
"Pancreatic cancer","OBA:2050006","embedding","sim=0.9269 rank=4 label='pancreas volume'"
"Pancreatitis","EFO:0021524","embedding","sim=0.9536 rank=5 label='non-alcoholic pancreatitis'"
"Pancreatitis","EFO:1001507","",""
"Pancreatitis","HP:0005206","embedding","sim=0.9106 rank=9 label='Pancreatic pseudocyst'"
"Pancreatitis","MONDO:0002356","embedding","sim=0.9384 rank=6 label='pancreas disorder'"
"Pancreatitis","MONDO:0003232","embedding","sim=0.9729 rank=4 label='alcoholic pancreatitis'"
"Pancreatitis","MONDO:0004842","embedding","sim=0.9086 rank=10 label='stomatitis'"
"Pancreatitis","MONDO:0004966","embedding","sim=0.9127 rank=8 label='gastritis'"
"Pancreatitis","MONDO:0004982","embedding","sim=1 rank=1 label='pancreatitis'"
"Pancreatitis","MONDO:0005001","embedding","sim=0.9137 rank=7 label='chronic gastritis'"
"Pancreatitis","MONDO:0005003","embedding","sim=0.9826 rank=2 label='chronic pancreatitis'"
"Pancreatitis","MONDO:0005589","",""
"Pancreatitis","MONDO:0006515","embedding","sim=0.977 rank=3 label='acute pancreatitis'"
"Pancreatitis","MONDO:0017227","",""
"Paralytic ileus and intestinal obstruction","EFO:0009705","embedding","sim=0.9261 rank=5 label='small intestine enteropathy'"
"Paralytic ileus and intestinal obstruction","EFO:1000989","embedding","sim=0.9172 rank=9 label='intestinal volvulus'"
"Paralytic ileus and intestinal obstruction","EFO:1001785","embedding","sim=0.9274 rank=4 label='diffuse esophageal spasm'"
"Paralytic ileus and intestinal obstruction","HP:0000471","embedding","sim=0.9172 rank=10 label='Gastrointestinal angiodysplasia'"
"Paralytic ileus and intestinal obstruction","HP:0002253","embedding","sim=0.9201 rank=8 label='Colonic diverticula'"
"Paralytic ileus and intestinal obstruction","HP:0002590","embedding","sim=0.9203 rank=7 label='Paralytic ileus'"
"Paralytic ileus and intestinal obstruction","HP:0004796","embedding","sim=0.9279 rank=3 label='Gastrointestinal obstruction'"
"Paralytic ileus and intestinal obstruction","HP:0011024","embedding","sim=0.9232 rank=6 label='Abnormality of the gastrointestinal tract'"
"Paralytic ileus and intestinal obstruction","MONDO:0004565","embedding","sim=0.9442 rank=2 label='intestinal obstruction'"
"Paralytic ileus and intestinal obstruction","MONDO:0004567","",""
"Paralytic ileus and intestinal obstruction","MONDO:0004622","embedding","sim=0.9458 rank=1 label='chronic intestinal vascular insufficiency'"
"Paratyphoid fever","EFO:0007299","embedding","sim=0.8601 rank=9 label='hemorrhagic fever with renal syndrome'"
"Paratyphoid fever","EFO:0009087","embedding","sim=0.8839 rank=2 label='non-typhoidal Salmonella bacteremia'"
"Paratyphoid fever","EFO:0010723","embedding","sim=0.8591 rank=10 label='ocular sarcoidosis'"
"Paratyphoid fever","HP:0001945","",""
"Paratyphoid fever","HP:0100582","embedding","sim=0.8681 rank=4 label='Nasal polyposis'"
"Paratyphoid fever","MONDO:0000989","embedding","sim=0.8639 rank=6 label='mumps infectious disease'"
"Paratyphoid fever","MONDO:0005619","embedding","sim=0.9613 rank=1 label='typhoid fever'"
"Paratyphoid fever","MONDO:0008039","embedding","sim=0.8732 rank=3 label='tropical spastic paraparesis'"
"Paratyphoid fever","MONDO:0017373","embedding","sim=0.8637 rank=7 label='poliomyelitis'"
"Paratyphoid fever","MONDO:0019266","embedding","sim=0.8608 rank=8 label='SAPHO syndrome'"
"Paratyphoid fever","MONDO:0019338","embedding","sim=0.8649 rank=5 label='sarcoidosis'"
"Parkinson's disease","EFO:0009268","embedding","sim=0.8726 rank=8 label='family history of Alzheimer’s disease'"
"Parkinson's disease","EFO:0009466","embedding","sim=0.8634 rank=10 label='Löfgren’s syndrome'"
"Parkinson's disease","EFO:0022957","embedding","sim=0.875 rank=7 label='early-onset Alzheimers disease'"
"Parkinson's disease","EFO:0600011","embedding","sim=0.9352 rank=2 label='Parkinson's disease symptom measurement'"
"Parkinson's disease","EFO:0700066","embedding","sim=0.865 rank=9 label='sickle cell disease and related diseases'"
"Parkinson's disease","EFO:1001870","embedding","sim=0.8769 rank=5 label='late-onset Alzheimers disease'"
"Parkinson's disease","MONDO:0000001","",""
"Parkinson's disease","MONDO:0005180","embedding","sim=0.9542 rank=1 label='Parkinson disease'"
"Parkinson's disease","MONDO:0005610","embedding","sim=0.8765 rank=6 label='Kashin-Beck disease'"
"Parkinson's disease","MONDO:0006966","embedding","sim=0.9153 rank=3 label='secondary Parkinson disease'"
"Parkinson's disease","OBA:2001009","embedding","sim=0.8961 rank=4 label='age of onset of Parkinson disease'"
"Peptic ulcer disease","HP:0004398","embedding","sim=0.9835 rank=2 label='Peptic ulcer'"
"Peptic ulcer disease","MONDO:0000001","",""
"Peptic ulcer disease","MONDO:0000327","embedding","sim=0.904 rank=9 label='Buruli ulcer disease'"
"Peptic ulcer disease","MONDO:0000916","embedding","sim=0.9019 rank=10 label='intestinal infectious disease'"
"Peptic ulcer disease","MONDO:0000922","embedding","sim=0.9082 rank=8 label='pelvic inflammatory disease'"
"Peptic ulcer disease","MONDO:0001126","embedding","sim=0.9085 rank=7 label='gastric ulcer'"
"Peptic ulcer disease","MONDO:0004247","embedding","sim=1 rank=1 label='peptic ulcer disease'"
"Peptic ulcer disease","MONDO:0005101","embedding","sim=0.9212 rank=4 label='ulcerative colitis'"
"Peptic ulcer disease","MONDO:0005412","embedding","sim=0.9175 rank=5 label='duodenal ulcer'"
"Peptic ulcer disease","MONDO:0006665","embedding","sim=0.9114 rank=6 label='chronic atrophic gastritis'"
"Peptic ulcer disease","MONDO:0006896","embedding","sim=0.9219 rank=3 label='peptic esophagitis'"
"Periodontal diseases","EFO:0007780","embedding","sim=0.9376 rank=5 label='periodontal measurement'"
"Periodontal diseases","EFO:0600095","embedding","sim=0.8897 rank=9 label='primary dental caries'"
"Periodontal diseases","EFO:1001393","embedding","sim=0.9444 rank=3 label='Periodontal Pocket'"
"Periodontal diseases","MONDO:0000001","",""
"Periodontal diseases","MONDO:0002021","embedding","sim=0.8926 rank=7 label='gingival disorder'"
"Periodontal diseases","MONDO:0002635","embedding","sim=0.9738 rank=1 label='periodontal disorder'"
"Periodontal diseases","MONDO:0005076","embedding","sim=0.952 rank=2 label='periodontitis'"
"Periodontal diseases","MONDO:0005593","embedding","sim=0.9438 rank=4 label='chronic periodontitis'"
"Periodontal diseases","MONDO:0006042","embedding","sim=0.8892 rank=10 label='meningeal tuberculosis'"
"Periodontal diseases","MONDO:0006989","embedding","sim=0.89 rank=8 label='suppurative periapical periodontitis'"
"Periodontal diseases","MONDO:0008226","embedding","sim=0.9264 rank=6 label='periodontitis, aggressive 1'"
"Pertussis","MONDO:0005077","embedding","sim=1 rank=1 label='pertussis'"
"Pertussis","MONDO:0005108","embedding","sim=0.8358 rank=10 label='viral infectious disease'"
"Pertussis","MONDO:0005113","embedding","sim=0.8425 rank=4 label='bacterial infectious disease'"
"Pertussis","MONDO:0005280","embedding","sim=0.8426 rank=3 label='prostatitis'"
"Pertussis","MONDO:0005441","embedding","sim=0.8377 rank=8 label='otitis media'"
"Pertussis","MONDO:0005550","embedding","sim=0.8409 rank=6 label='infectious disease'"
"Pertussis","MONDO:0005657","embedding","sim=0.8433 rank=2 label='aspergillosis'"
"Pertussis","MONDO:0005746","embedding","sim=0.8413 rank=5 label='enterobiasis'"
"Pertussis","MONDO:0006011","embedding","sim=0.8362 rank=9 label='viral hepatitis'"
"Pertussis","MONDO:0021204","embedding","sim=0.8388 rank=7 label='chronic otitis media'"
"Pneumoconiosis","EFO:1001474","embedding","sim=0.9068 rank=7 label='pneumococcal pneumonia'"
"Pneumoconiosis","EFO:1001925","embedding","sim=0.9006 rank=9 label='pneumococcal bacteremia'"
"Pneumoconiosis","HP:0002108","embedding","sim=0.9246 rank=4 label='Spontaneous pneumothorax'"
"Pneumoconiosis","MONDO:0002076","embedding","sim=0.9313 rank=3 label='pneumothorax'"
"Pneumoconiosis","MONDO:0005114","embedding","sim=0.9076 rank=6 label='pneumococcal infection'"
"Pneumoconiosis","MONDO:0005425","embedding","sim=0.8911 rank=10 label='podoconiosis'"
"Pneumoconiosis","MONDO:0005682","embedding","sim=0.9229 rank=5 label='bronchopneumonia'"
"Pneumoconiosis","MONDO:0006913","embedding","sim=0.9057 rank=8 label='pneumococcal meningitis'"
"Pneumoconiosis","MONDO:0015926","embedding","sim=1 rank=1 label='pneumoconiosis'"
"Pneumoconiosis","MONDO:0043905","embedding","sim=0.9477 rank=2 label='pneumonitis'"
"Polycystic ovarian syndrome","HP:0000138","embedding","sim=0.9147 rank=3 label='Ovarian cyst'"
"Polycystic ovarian syndrome","HP:0008209","embedding","sim=0.9132 rank=4 label='Premature ovarian insufficiency'"
"Polycystic ovarian syndrome","MONDO:0005387","embedding","sim=0.9108 rank=5 label='primary ovarian failure'"
"Polycystic ovarian syndrome","MONDO:0005413","embedding","sim=0.9072 rank=7 label='cystic fibrosis associated meconium ileus'"
"Polycystic ovarian syndrome","MONDO:0005558","embedding","sim=0.9081 rank=6 label='ovarian disorder'"
"Polycystic ovarian syndrome","MONDO:0006337","embedding","sim=0.9054 rank=9 label='ovarian endometriosis'"
"Polycystic ovarian syndrome","MONDO:0008487","embedding","sim=0.9785 rank=1 label='polycystic ovary syndrome'"
"Polycystic ovarian syndrome","MONDO:0009891","embedding","sim=0.9068 rank=8 label='acquired polycythemia vera'"
"Polycystic ovarian syndrome","MONDO:0020642","embedding","sim=0.9359 rank=2 label='polycystic kidney disease'"
"Polycystic ovarian syndrome","MONDO:0021068","embedding","sim=0.9047 rank=10 label='ovarian neoplasm'"
"Premenstrual syndrome","EFO:0009408","embedding","sim=0.8806 rank=6 label='abnormal vaginal discharge smell'"
"Premenstrual syndrome","EFO:0010270","embedding","sim=0.9436 rank=2 label='Menstrual disorder'"
"Premenstrual syndrome","EFO:1001864","embedding","sim=0.8802 rank=7 label='uterine prolapse'"
"Premenstrual syndrome","MONDO:0001119","embedding","sim=0.8816 rank=5 label='premature menopause'"
"Premenstrual syndrome","MONDO:0001410","embedding","sim=0.8958 rank=4 label='postmenopausal atrophic vaginitis'"
"Premenstrual syndrome","MONDO:0001730","embedding","sim=0.873 rank=9 label='urethral syndrome'"
"Premenstrual syndrome","MONDO:0001786","embedding","sim=0.8757 rank=8 label='uterine inflammatory disease'"
"Premenstrual syndrome","MONDO:0004169","embedding","sim=0.9635 rank=1 label='premenstrual tension'"
"Premenstrual syndrome","MONDO:0005558","embedding","sim=0.8727 rank=10 label='ovarian disorder'"
"Premenstrual syndrome","OBA:2045215","embedding","sim=0.9263 rank=3 label='menstrual cycle attribute'"
"Prostate cancer","EFO:0600083","embedding","sim=0.898 rank=9 label='family history of prostate cancer'"
"Prostate cancer","MONDO:0001187","embedding","sim=0.8977 rank=10 label='urinary bladder cancer'"
"Prostate cancer","MONDO:0001416","embedding","sim=0.8988 rank=8 label='female reproductive organ cancer'"
"Prostate cancer","MONDO:0003105","embedding","sim=0.9401 rank=3 label='prostate disorder'"
"Prostate cancer","MONDO:0004956","embedding","sim=0.912 rank=4 label='metastatic prostate carcinoma'"
"Prostate cancer","MONDO:0004992","",""
"Prostate cancer","MONDO:0005159","embedding","sim=0.952 rank=2 label='prostate carcinoma'"
"Prostate cancer","MONDO:0005447","embedding","sim=0.9104 rank=5 label='testicular cancer'"
"Prostate cancer","MONDO:0008170","embedding","sim=0.9039 rank=7 label='ovarian cancer'"
"Prostate cancer","MONDO:0008315","embedding","sim=1 rank=1 label='prostate cancer'"
"Prostate cancer","MONDO:0021259","embedding","sim=0.9087 rank=6 label='prostate neoplasm'"
"Protein-energy malnutrition","EFO:0005402","embedding","sim=0.8833 rank=6 label='response to low sodium diet'"
"Protein-energy malnutrition","EFO:0008572","embedding","sim=0.9451 rank=2 label='malnutrition'"
"Protein-energy malnutrition","EFO:0010810","embedding","sim=0.885 rank=5 label='protein intake measurement'"
"Protein-energy malnutrition","HP:0001891","embedding","sim=0.879 rank=10 label='Iron deficiency anemia'"
"Protein-energy malnutrition","MONDO:0001371","embedding","sim=1 rank=1 label='protein-energy malnutrition'"
"Protein-energy malnutrition","MONDO:0002273","embedding","sim=0.8802 rank=7 label='plasma protein metabolism disease'"
"Protein-energy malnutrition","MONDO:0002326","embedding","sim=0.8796 rank=8 label='alcohol-induced mental disorder'"
"Protein-energy malnutrition","MONDO:0003916","embedding","sim=0.893 rank=4 label='overnutrition'"
"Protein-energy malnutrition","MONDO:0005139","embedding","sim=0.8791 rank=9 label='morbid obesity'"
"Protein-energy malnutrition","MONDO:0006873","embedding","sim=0.907 rank=3 label='nutritional deficiency disease'"
"Pruritus","HP:0000103","embedding","sim=0.8585 rank=7 label='Polyuria'"
"Pruritus","HP:0000989","embedding","sim=1 rank=1 label='Pruritus'"
"Pruritus","HP:0002591","embedding","sim=0.861 rank=5 label='Polyphagia'"
"Pruritus","MONDO:0001166","embedding","sim=0.8578 rank=8 label='nephritis'"
"Pruritus","MONDO:0004900","embedding","sim=0.8618 rank=4 label='peripheral vertigo'"
"Pruritus","MONDO:0005492","embedding","sim=0.865 rank=2 label='urticaria'"
"Pruritus","MONDO:0005975","embedding","sim=0.8645 rank=3 label='suppurative otitis media'"
"Pruritus","MONDO:0006814","embedding","sim=0.8597 rank=6 label='iritis'"
"Pruritus","MONDO:0021765","embedding","sim=0.8547 rank=10 label='radiculitis'"
"Pruritus","MONDO:0026045","embedding","sim=0.8574 rank=9 label='prurigo nodularis'"
"Psoriasis","EFO:0007773","embedding","sim=0.9214 rank=3 label='cutaneous psoriasis measurement'"
"Psoriasis","EFO:0022382","embedding","sim=0.9033 rank=5 label='psoriasis area and severity index'"
"Psoriasis","EFO:1001494","embedding","sim=0.8611 rank=9 label='psoriasis vulgaris'"
"Psoriasis","MONDO:0003085","embedding","sim=0.8574 rank=10 label='keratitis'"
"Psoriasis","MONDO:0004980","embedding","sim=0.8639 rank=7 label='atopic eczema'"
"Psoriasis","MONDO:0005083","embedding","sim=1 rank=1 label='psoriasis'"
"Psoriasis","MONDO:0006118","embedding","sim=0.8638 rank=8 label='breast fibrosis'"
"Psoriasis","MONDO:0006592","embedding","sim=0.9227 rank=2 label='parapsoriasis'"
"Psoriasis","MONDO:0011849","embedding","sim=0.9079 rank=4 label='psoriatic arthritis'"
"Psoriasis","MONDO:0013626","embedding","sim=0.8847 rank=6 label='psoriasis 14, pustular'"
"Pulmonary Arterial Hypertension","EFO:0010675","embedding","sim=0.9626 rank=3 label='chronic venous hypertension'"
"Pulmonary Arterial Hypertension","MONDO:0001134","embedding","sim=0.954 rank=8 label='essential hypertension'"
"Pulmonary Arterial Hypertension","MONDO:0001200","embedding","sim=0.9553 rank=7 label='secondary hypertension'"
"Pulmonary Arterial Hypertension","MONDO:0001999","embedding","sim=0.9611 rank=4 label='idiopathic pulmonary arterial hypertension'"
"Pulmonary Arterial Hypertension","MONDO:0005080","embedding","sim=0.9556 rank=6 label='portal hypertension'"
"Pulmonary Arterial Hypertension","MONDO:0005149","embedding","sim=0.9812 rank=2 label='pulmonary hypertension'"
"Pulmonary Arterial Hypertension","MONDO:0005430","embedding","sim=0.9399 rank=9 label='early onset hypertension'"
"Pulmonary Arterial Hypertension","MONDO:0005585","embedding","sim=0.9374 rank=10 label='chemotherapy-induced hypertension'"
"Pulmonary Arterial Hypertension","MONDO:0006875","embedding","sim=0.9561 rank=5 label='ocular hypertension'"
"Pulmonary Arterial Hypertension","MONDO:0015924","embedding","sim=1 rank=1 label='pulmonary arterial hypertension'"
"Pyoderma","EFO:0003867","embedding","sim=0.9024 rank=6 label='rhabdomyolysis'"
"Pyoderma","EFO:0006835","embedding","sim=0.9198 rank=2 label='pyoderma gangrenosum'"
"Pyoderma","HP:0000999","embedding","sim=1 rank=1 label='Pyoderma'"
"Pyoderma","HP:0100582","embedding","sim=0.9016 rank=7 label='Nasal polyposis'"
"Pyoderma","MONDO:0000964","embedding","sim=0.9002 rank=9 label='skin lipoma'"
"Pyoderma","MONDO:0001604","embedding","sim=0.9027 rank=4 label='lagophthalmos'"
"Pyoderma","MONDO:0002260","embedding","sim=0.9016 rank=8 label='hidradenitis'"
"Pyoderma","MONDO:0004678","embedding","sim=0.9176 rank=3 label='dermatophytosis'"
"Pyoderma","MONDO:0012817","embedding","sim=0.9 rank=10 label='Ewing sarcoma'"
"Pyoderma","MONDO:0019124","embedding","sim=0.9024 rank=5 label='microscopic polyangiitis'"
"Rabies","MONDO:0000989","embedding","sim=0.8756 rank=1 label='mumps infectious disease'"
"Rabies","MONDO:0004619","embedding","sim=0.8597 rank=10 label='measles'"
"Rabies","MONDO:0004796","embedding","sim=0.8654 rank=5 label='infectious meningitis'"
"Rabies","MONDO:0005108","embedding","sim=0.8709 rank=2 label='viral infectious disease'"
"Rabies","MONDO:0005113","embedding","sim=0.8644 rank=6 label='bacterial infectious disease'"
"Rabies","MONDO:0005550","embedding","sim=0.8626 rank=7 label='infectious disease'"
"Rabies","MONDO:0005812","embedding","sim=0.8681 rank=4 label='influenza'"
"Rabies","MONDO:0006012","embedding","sim=0.8617 rank=9 label='viral pneumonia'"
"Rabies","MONDO:0006670","embedding","sim=0.8618 rank=8 label='bacterial meningitis'"
"Rabies","MONDO:0007015","embedding","sim=0.8706 rank=3 label='viral meningitis'"
"Refraction disorders","EFO:0007814","embedding","sim=0.9333 rank=3 label='refractive error measurement'"
"Refraction disorders","HP:0000539","embedding","sim=0.9496 rank=1 label='Abnormality of refraction'"
"Refraction disorders","HP:0004329","embedding","sim=0.891 rank=5 label='Abnormal posterior eye segment morphology'"
"Refraction disorders","HP:0007686","embedding","sim=0.8816 rank=8 label='Abnormal pupillary function'"
"Refraction disorders","MONDO:0000926","embedding","sim=0.8812 rank=9 label='eye accommodation disease'"
"Refraction disorders","MONDO:0001564","embedding","sim=0.8844 rank=6 label='binocular vision disease'"
"Refraction disorders","MONDO:0002311","embedding","sim=0.8759 rank=10 label='retinal vascular disorder'"
"Refraction disorders","MONDO:0004892","embedding","sim=0.9376 rank=2 label='refractive error'"
"Refraction disorders","MONDO:0005283","embedding","sim=0.8835 rank=7 label='retinal disorder'"
"Refraction disorders","OBA:VT0006216","embedding","sim=0.8922 rank=4 label='optic disc size trait'"
"Retinoblastoma","EFO:0009093","embedding","sim=0.8932 rank=9 label='choroidal melanoma'"
"Retinoblastoma","EFO:0010176","embedding","sim=0.8957 rank=7 label='keratinocyte carcinoma'"
"Retinoblastoma","EFO:0020706","embedding","sim=0.9223 rank=3 label='retinoblastoma-associated protein measurement'"
"Retinoblastoma","EFO:0803012","embedding","sim=0.8979 rank=6 label='retinoblastoma-binding protein 5 measurement'"
"Retinoblastoma","EFO:0803013","embedding","sim=0.9042 rank=4 label='retinoblastoma-like protein 1 measurement'"
"Retinoblastoma","MONDO:0005072","embedding","sim=0.9312 rank=1 label='neuroblastoma'"
"Retinoblastoma","MONDO:0005086","embedding","sim=0.8937 rank=8 label='renal cell carcinoma'"
"Retinoblastoma","MONDO:0005206","embedding","sim=0.8995 rank=5 label='renal carcinoma'"
"Retinoblastoma","MONDO:0009975","embedding","sim=0.8882 rank=10 label='reticulum cell sarcoma'"
"Retinoblastoma","MONDO:0018177","embedding","sim=0.9256 rank=2 label='glioblastoma'"
"Retinoblastoma","OBA:2040197","",""
"Retinoblastoma","OBA:2040198","",""
"Retinoblastoma","OBA:2043202","",""
"Rheumatic heart disease","EFO:0005767","embedding","sim=0.8934 rank=5 label='rheumatoid factor measurement'"
"Rheumatic heart disease","MONDO:0000001","",""
"Rheumatic heart disease","MONDO:0001302","embedding","sim=0.881 rank=9 label='hypertensive heart disease'"
"Rheumatic heart disease","MONDO:0004471","embedding","sim=0.881 rank=10 label='bacterial arthritis'"
"Rheumatic heart disease","MONDO:0005453","embedding","sim=0.8841 rank=8 label='congenital heart disease'"
"Rheumatic heart disease","MONDO:0005554","embedding","sim=0.956 rank=2 label='rheumatic disorder'"
"Rheumatic heart disease","MONDO:0005578","embedding","sim=0.8877 rank=7 label='arthritic joint disease'"
"Rheumatic heart disease","MONDO:0006955","embedding","sim=1 rank=1 label='rheumatic heart disease'"
"Rheumatic heart disease","MONDO:0008383","embedding","sim=0.8954 rank=4 label='rheumatoid arthritis'"
"Rheumatic heart disease","MONDO:0017376","embedding","sim=0.8887 rank=6 label='reactive arthritis'"
"Rheumatic heart disease","MONDO:0017767","embedding","sim=0.9471 rank=3 label='rheumatic fever'"
"Rheumatoid arthritis","EFO:0005767","embedding","sim=0.9108 rank=5 label='rheumatoid factor measurement'"
"Rheumatoid arthritis","EFO:0007791","embedding","sim=0.8864 rank=8 label='rheumatoid factor seropositivity measurement'"
"Rheumatoid arthritis","EFO:0009459","embedding","sim=0.9389 rank=2 label='ACPA-positive rheumatoid arthritis'"
"Rheumatoid arthritis","EFO:0009460","embedding","sim=0.9346 rank=4 label='ACPA-negative rheumatoid arthritis'"
"Rheumatoid arthritis","MONDO:0005178","embedding","sim=0.8877 rank=7 label='osteoarthritis'"
"Rheumatoid arthritis","MONDO:0006629","embedding","sim=0.8861 rank=9 label='osteoarthritis, hip'"
"Rheumatoid arthritis","MONDO:0006955","embedding","sim=0.8954 rank=6 label='rheumatic heart disease'"
"Rheumatoid arthritis","MONDO:0008383","embedding","sim=1 rank=1 label='rheumatoid arthritis'"
"Rheumatoid arthritis","MONDO:0019432","embedding","sim=0.9356 rank=3 label='rheumatoid factor-negative juvenile idiopathic arthritis'"
"Rheumatoid arthritis","MONDO:0024280","embedding","sim=0.8822 rank=10 label='polyarticular arthritis'"
"Scabies","EFO:0009479","embedding","sim=0.882 rank=3 label='throat disease'"
"Scabies","MONDO:0000989","embedding","sim=0.8884 rank=1 label='mumps infectious disease'"
"Scabies","MONDO:0001246","embedding","sim=0.8793 rank=4 label='typhus'"
"Scabies","MONDO:0005113","embedding","sim=0.8858 rank=2 label='bacterial infectious disease'"
"Scabies","MONDO:0005135","embedding","sim=0.8666 rank=10 label='parasitic infectious disease'"
"Scabies","MONDO:0005550","embedding","sim=0.8779 rank=5 label='infectious disease'"
"Scabies","MONDO:0005644","embedding","sim=0.8751 rank=6 label='amebiasis'"
"Scabies","MONDO:0006672","embedding","sim=0.8722 rank=8 label='balanitis'"
"Scabies","MONDO:0012817","embedding","sim=0.8702 rank=9 label='Ewing sarcoma'"
"Scabies","MONDO:0043885","embedding","sim=0.8725 rank=7 label='eye infectious disorder'"
"Schistosomiasis","MONDO:0002040","embedding","sim=0.8585 rank=7 label='dermatomycosis'"
"Schistosomiasis","MONDO:0004664","embedding","sim=0.8586 rank=6 label='helminthiasis'"
"Schistosomiasis","MONDO:0005445","embedding","sim=0.8576 rank=8 label='visceral leishmaniasis'"
"Schistosomiasis","MONDO:0005446","embedding","sim=0.8608 rank=4 label='cutaneous leishmaniasis'"
"Schistosomiasis","MONDO:0005706","embedding","sim=0.8665 rank=2 label='coccidioidomycosis'"
"Schistosomiasis","MONDO:0005724","embedding","sim=0.8604 rank=5 label='cryptococcosis'"
"Schistosomiasis","MONDO:0006530","embedding","sim=0.8653 rank=3 label='cholesteatoma'"
"Schistosomiasis","MONDO:0012672","embedding","sim=0.8573 rank=9 label='cholelithiasis'"
"Schistosomiasis","MONDO:0019340","embedding","sim=0.8558 rank=10 label='scleroderma'"
"Schistosomiasis","MONDO:0019345","embedding","sim=0.868 rank=1 label='shigellosis'"
"Schizophrenia","EFO:0005940","embedding","sim=0.8875 rank=6 label='psychotic symptoms'"
"Schizophrenia","EFO:0007927","",""
"Schizophrenia","MONDO:0001161","embedding","sim=0.8988 rank=2 label='schizoid personality disorder'"
"Schizophrenia","MONDO:0002025","embedding","sim=0.8907 rank=4 label='psychiatric disorder'"
"Schizophrenia","MONDO:0002039","embedding","sim=0.8831 rank=8 label='cognitive disorder'"
"Schizophrenia","MONDO:0005084","embedding","sim=0.8799 rank=10 label='mental disorder'"
"Schizophrenia","MONDO:0005090","embedding","sim=1 rank=1 label='schizophrenia'"
"Schizophrenia","MONDO:0005379","embedding","sim=0.8845 rank=7 label='neurotic disorder'"
"Schizophrenia","MONDO:0005414","",""
"Schizophrenia","MONDO:0005485","embedding","sim=0.897 rank=3 label='psychotic disorder'"
"Schizophrenia","MONDO:0005487","embedding","sim=0.8899 rank=5 label='schizoaffective disorder'"
"Schizophrenia","OBA:2001011","embedding","sim=0.88 rank=9 label='age of onset of schizophrenia'"
"Seborrhoeic dermatitis","HP:0000964","embedding","sim=0.9169 rank=6 label='Eczematoid dermatitis'"
"Seborrhoeic dermatitis","MONDO:0002138","embedding","sim=0.9139 rank=9 label='allergic contact dermatitis of eyelid'"
"Seborrhoeic dermatitis","MONDO:0002406","",""
"Seborrhoeic dermatitis","MONDO:0006525","embedding","sim=0.9138 rank=10 label='allergic contact dermatitis'"
"Seborrhoeic dermatitis","MONDO:0006546","embedding","sim=0.9223 rank=4 label='erythematosquamous dermatosis'"
"Seborrhoeic dermatitis","MONDO:0006555","embedding","sim=0.9282 rank=3 label='granulomatous dermatitis'"
"Seborrhoeic dermatitis","MONDO:0006608","embedding","sim=0.9855 rank=1 label='seborrheic dermatitis'"
"Seborrhoeic dermatitis","MONDO:0008054","embedding","sim=0.9159 rank=8 label='juvenile dermatomyositis'"
"Seborrhoeic dermatitis","MONDO:0008420","embedding","sim=0.9372 rank=2 label='seborrheic keratosis'"
"Seborrhoeic dermatitis","MONDO:0015614","embedding","sim=0.9199 rank=5 label='dermatitis herpetiformis'"
"Seborrhoeic dermatitis","MONDO:0019810","embedding","sim=0.9164 rank=7 label='toxic epidermal necrolysis'"
"Sexually transmitted infections excluding HIV","EFO:0000180","embedding","sim=0.9077 rank=5 label='HIV-1 infection'"
"Sexually transmitted infections excluding HIV","EFO:0000544","",""
"Sexually transmitted infections excluding HIV","EFO:0006319","embedding","sim=0.9125 rank=1 label='HIV viral set point measurement'"
"Sexually transmitted infections excluding HIV","EFO:0010234","embedding","sim=0.893 rank=9 label='viral subtype carrier status'"
"Sexually transmitted infections excluding HIV","MONDO:0000989","embedding","sim=0.9104 rank=3 label='mumps infectious disease'"
"Sexually transmitted infections excluding HIV","MONDO:0005109","embedding","sim=0.9057 rank=6 label='HIV infectious disease'"
"Sexually transmitted infections excluding HIV","MONDO:0005229","embedding","sim=0.8929 rank=10 label='bacterial infectious disease with sepsis'"
"Sexually transmitted infections excluding HIV","MONDO:0005323","embedding","sim=0.9122 rank=2 label='bacterial sexually transmitted disease'"
"Sexually transmitted infections excluding HIV","MONDO:0005658","embedding","sim=0.9079 rank=4 label='Astroviridae infectious disease'"
"Sexually transmitted infections excluding HIV","MONDO:0021681","embedding","sim=0.8964 rank=8 label='sexually transmitted disease'"
"Sexually transmitted infections excluding HIV","MONDO:0043885","embedding","sim=0.8987 rank=7 label='eye infectious disorder'"
"Sickle cell disorders","EFO:0009432","embedding","sim=0.8835 rank=4 label='fibroblastic disorder'"
"Sickle cell disorders","EFO:0022051","embedding","sim=0.8821 rank=5 label='hepatonia constitution type'"
"Sickle cell disorders","EFO:0700066","embedding","sim=0.9312 rank=2 label='sickle cell disease and related diseases'"
"Sickle cell disorders","HP:0012410","embedding","sim=0.8736 rank=10 label='Pure red cell aplasia'"
"Sickle cell disorders","MONDO:0002036","embedding","sim=0.8789 rank=6 label='penile disorder'"
"Sickle cell disorders","MONDO:0002887","embedding","sim=0.8931 rank=3 label='bile duct disorder'"
"Sickle cell disorders","MONDO:0004805","embedding","sim=0.8738 rank=9 label='leukocyte disorder'"
"Sickle cell disorders","MONDO:0004985","embedding","sim=0.8759 rank=8 label='bipolar disorder'"
"Sickle cell disorders","MONDO:0006507","embedding","sim=0.8771 rank=7 label='hereditary hemochromatosis'"
"Sickle cell disorders","MONDO:0011382","embedding","sim=0.9761 rank=1 label='sickle cell disease'"
"Sickle cell trait","EFO:0009432","embedding","sim=0.8763 rank=6 label='fibroblastic disorder'"
"Sickle cell trait","EFO:0022051","embedding","sim=0.8775 rank=5 label='hepatonia constitution type'"
"Sickle cell trait","EFO:0700066","embedding","sim=0.9039 rank=2 label='sickle cell disease and related diseases'"
"Sickle cell trait","HP:0012410","embedding","sim=0.8703 rank=10 label='Pure red cell aplasia'"
"Sickle cell trait","MONDO:0002332","embedding","sim=0.8758 rank=7 label='splenic disorder'"
"Sickle cell trait","MONDO:0004805","embedding","sim=0.8707 rank=9 label='leukocyte disorder'"
"Sickle cell trait","MONDO:0011382","embedding","sim=0.9683 rank=1 label='sickle cell disease'"
"Sickle cell trait","OBA:2045212","embedding","sim=0.8851 rank=3 label='Lewy body attribute'"
"Sickle cell trait","OBA:VT0000266","embedding","sim=0.8746 rank=8 label='heart morphology trait'"
"Sickle cell trait","OBA:VT0000277","embedding","sim=0.8793 rank=4 label='heart shape trait'"
"Silicosis","EFO:0007056","embedding","sim=0.8428 rank=10 label='clinical treatment'"
"Silicosis","EFO:0010578","embedding","sim=0.8428 rank=9 label='complex trait'"
"Silicosis","EFO:0800144","embedding","sim=0.8495 rank=7 label='ribonate measurement'"
"Silicosis","HP:0000520","embedding","sim=0.8521 rank=6 label='Proptosis'"
"Silicosis","HP:0001948","embedding","sim=0.8754 rank=2 label='Alkalosis'"
"Silicosis","MONDO:0002181","embedding","sim=0.8782 rank=1 label='exostosis'"
"Silicosis","MONDO:0005154","embedding","sim=0.8478 rank=8 label='liver disorder'"
"Silicosis","MONDO:0006022","embedding","sim=0.8575 rank=3 label='acidosis disorder'"
"Silicosis","MONDO:0006937","embedding","sim=0.8563 rank=4 label='pulpitis'"
"Silicosis","MONDO:0011662","embedding","sim=0.8525 rank=5 label='pathological gambling'"
"Soft tissue and other extraosseous sarcomas","HP:0001259","",""
"Soft tissue and other extraosseous sarcomas","MONDO:0000385","embedding","sim=0.9114 rank=8 label='benign digestive system neoplasm'"
"Soft tissue and other extraosseous sarcomas","MONDO:0000654","embedding","sim=0.9298 rank=2 label='benign connective and soft tissue neoplasm'"
"Soft tissue and other extraosseous sarcomas","MONDO:0005089","",""
"Soft tissue and other extraosseous sarcomas","MONDO:0006424","embedding","sim=0.9175 rank=5 label='soft tissue neoplasm'"
"Soft tissue and other extraosseous sarcomas","MONDO:0006557","embedding","sim=0.922 rank=3 label='hemangioma of subcutaneous tissue'"
"Soft tissue and other extraosseous sarcomas","MONDO:0019781","embedding","sim=0.91 rank=9 label='astrocytoma (excluding glioblastoma)'"
"Soft tissue and other extraosseous sarcomas","MONDO:0021581","embedding","sim=0.9089 rank=10 label='connective tissue neoplasm'"
"Soft tissue and other extraosseous sarcomas","MONDO:0024470","embedding","sim=0.9117 rank=7 label='benign chondrogenic neoplasm'"
"Soft tissue and other extraosseous sarcomas","MONDO:0044334","embedding","sim=0.9386 rank=1 label='connective and soft tissue neoplasm'"
"Soft tissue and other extraosseous sarcomas","MONDO:0044335","embedding","sim=0.9186 rank=4 label='benign soft tissue neoplasm'"
"Soft tissue and other extraosseous sarcomas","MONDO:0044919","embedding","sim=0.9143 rank=6 label='malignant renal pelvis neoplasm'"
"Stomach cancer","MONDO:0001056","embedding","sim=0.9513 rank=7 label='gastric cancer'"
"Stomach cancer","MONDO:0001657","embedding","sim=0.955 rank=3 label='brain cancer'"
"Stomach cancer","MONDO:0002129","embedding","sim=0.9369 rank=8 label='bone cancer'"
"Stomach cancer","MONDO:0002367","embedding","sim=0.964 rank=2 label='kidney cancer'"
"Stomach cancer","MONDO:0002691","embedding","sim=0.9516 rank=6 label='liver cancer'"
"Stomach cancer","MONDO:0002898","embedding","sim=0.9526 rank=5 label='skin cancer'"
"Stomach cancer","MONDO:0004631","embedding","sim=0.9684 rank=1 label='tongue cancer'"
"Stomach cancer","MONDO:0004992","",""
"Stomach cancer","MONDO:0005515","embedding","sim=0.9234 rank=10 label='oral cavity cancer'"
"Stomach cancer","MONDO:0007254","embedding","sim=0.9358 rank=9 label='breast cancer'"
"Stomach cancer","MONDO:0008903","embedding","sim=0.9544 rank=4 label='lung cancer'"
"Stroke","EFO:0000480","embedding","sim=0.862 rank=10 label='event death'"
"Stroke","EFO:0004352","embedding","sim=0.8853 rank=2 label='mortality'"
"Stroke","EFO:0007624","embedding","sim=0.8641 rank=8 label='suicide'"
"Stroke","EFO:0009516","embedding","sim=0.8771 rank=5 label='burn'"
"Stroke","EFO:0009603","",""
"Stroke","EFO:0009956","",""
"Stroke","EFO:0010555","",""
"Stroke","EFO:0011023","embedding","sim=0.8773 rank=4 label='concussion'"
"Stroke","EFO:0020921","",""
"Stroke","EFO:0021817","",""
"Stroke","EFO:1001504","",""
"Stroke","EFO:1001976","",""
"Stroke","HP:0001699","embedding","sim=0.8623 rank=9 label='Sudden death'"
"Stroke","HP:0002140","",""
"Stroke","HP:0031273","embedding","sim=0.8645 rank=7 label='Shock'"
"Stroke","MONDO:0005098","embedding","sim=0.8922 rank=1 label='stroke disorder'"
"Stroke","MONDO:0005490","",""
"Stroke","MONDO:0021178","embedding","sim=0.8748 rank=6 label='injury'"
"Stroke","MONDO:0029000","embedding","sim=0.8791 rank=3 label='poisoning'"
"Stroke","OBA:2040155","",""
"Subarachnoid hemorrhage","EFO:0000551","embedding","sim=0.9247 rank=5 label='intracranial hemorrhage'"
"Subarachnoid hemorrhage","EFO:0008626","embedding","sim=0.9076 rank=10 label='vitreous hemorrhage'"
"Subarachnoid hemorrhage","EFO:0010177","embedding","sim=0.9261 rank=4 label='lobar intracerebral hemorrhage'"
"Subarachnoid hemorrhage","EFO:0010178","embedding","sim=0.9203 rank=6 label='non-lobar intracerebral hemorrhage'"
"Subarachnoid hemorrhage","EFO:0020921","embedding","sim=0.9149 rank=7 label='hemorrhagic stroke'"
"Subarachnoid hemorrhage","HP:0000573","embedding","sim=0.9131 rank=8 label='Retinal hemorrhage'"
"Subarachnoid hemorrhage","HP:0025328","embedding","sim=0.9095 rank=9 label='Antepartum hemorrhage'"
"Subarachnoid hemorrhage","HP:0100309","embedding","sim=0.937 rank=2 label='Subdural hemorrhage'"
"Subarachnoid hemorrhage","MONDO:0005099","embedding","sim=1 rank=1 label='subarachnoid hemorrhage'"
"Subarachnoid hemorrhage","MONDO:0013792","embedding","sim=0.9261 rank=3 label='intracerebral hemorrhage'"
"Subarachnoid hemorrhage","MP:0001914","",""
"Sudden infant death syndrome","EFO:0004278","embedding","sim=0.9002 rank=3 label='sudden cardiac arrest'"
"Sudden infant death syndrome","EFO:0022941","embedding","sim=0.8743 rank=10 label='congenital respiratory system disorder'"
"Sudden infant death syndrome","HP:0001522","embedding","sim=0.8896 rank=4 label='Death in infancy'"
"Sudden infant death syndrome","HP:0001699","embedding","sim=0.9045 rank=1 label='Sudden death'"
"Sudden infant death syndrome","HP:0040187","embedding","sim=0.886 rank=5 label='Neonatal sepsis'"
"Sudden infant death syndrome","MONDO:0000890","embedding","sim=0.875 rank=8 label='Zika virus congenital syndrome'"
"Sudden infant death syndrome","MONDO:0001208","embedding","sim=0.8801 rank=7 label='acute respiratory failure'"
"Sudden infant death syndrome","MONDO:0005091","embedding","sim=0.9025 rank=2 label='severe acute respiratory syndrome'"
"Sudden infant death syndrome","MONDO:0006502","embedding","sim=0.8843 rank=6 label='acute respiratory distress syndrome'"
"Sudden infant death syndrome","MONDO:0012061","embedding","sim=0.8746 rank=9 label='familial sick sinus syndrome'"
"Syphilis","EFO:0008216","embedding","sim=0.8751 rank=8 label='lysozyme C measurement'"
"Syphilis","EFO:0800619","embedding","sim=0.8771 rank=5 label='sphinganine measurement'"
"Syphilis","MONDO:0000989","embedding","sim=0.8819 rank=3 label='mumps infectious disease'"
"Syphilis","MONDO:0001246","embedding","sim=0.8851 rank=2 label='typhus'"
"Syphilis","MONDO:0005546","embedding","sim=0.8743 rank=9 label='fibromyalgia'"
"Syphilis","MONDO:0006594","embedding","sim=0.9011 rank=1 label='pemphigus'"
"Syphilis","MONDO:0019127","embedding","sim=0.8765 rank=7 label='polymyositis'"
"Syphilis","MONDO:0019324","embedding","sim=0.874 rank=10 label='pemphigus foliaceus'"
"Syphilis","MONDO:0019345","embedding","sim=0.8786 rank=4 label='shigellosis'"
"Syphilis","MONDO:0019632","embedding","sim=0.8767 rank=6 label='Lyme disease'"
"Tension-type headache","EFO:0010098","embedding","sim=0.8739 rank=5 label='stress-related disorder'"
"Tension-type headache","EFO:0010099","embedding","sim=0.8697 rank=9 label='chronic widespread pain'"
"Tension-type headache","HP:0002315","",""
"Tension-type headache","HP:0002590","embedding","sim=0.8653 rank=10 label='Paralytic ileus'"
"Tension-type headache","HP:0003394","embedding","sim=0.8705 rank=8 label='Muscle spasm'"
"Tension-type headache","HP:0011098","embedding","sim=0.8743 rank=4 label='Speech apraxia'"
"Tension-type headache","HP:0012199","embedding","sim=0.8804 rank=2 label='Cluster headache'"
"Tension-type headache","HP:0012228","embedding","sim=1 rank=1 label='Tension-type headache'"
"Tension-type headache","MONDO:0002036","embedding","sim=0.8716 rank=7 label='penile disorder'"
"Tension-type headache","MONDO:0016226","embedding","sim=0.8736 rank=6 label='specific language disorder'"
"Tension-type headache","MONDO:0021146","embedding","sim=0.8795 rank=3 label='headache disorder'"
"Testicular cancer","MONDO:0001056","embedding","sim=0.9133 rank=10 label='gastric cancer'"
"Testicular cancer","MONDO:0002108","embedding","sim=0.9147 rank=8 label='thyroid cancer'"
"Testicular cancer","MONDO:0002236","embedding","sim=0.9151 rank=7 label='ocular cancer'"
"Testicular cancer","MONDO:0002329","embedding","sim=0.9381 rank=2 label='testicular disorder'"
"Testicular cancer","MONDO:0002367","embedding","sim=0.9173 rank=4 label='kidney cancer'"
"Testicular cancer","MONDO:0002691","embedding","sim=0.9141 rank=9 label='liver cancer'"
"Testicular cancer","MONDO:0002898","embedding","sim=0.9172 rank=5 label='skin cancer'"
"Testicular cancer","MONDO:0004992","",""
"Testicular cancer","MONDO:0005447","embedding","sim=1 rank=1 label='testicular cancer'"
"Testicular cancer","MONDO:0008170","embedding","sim=0.9171 rank=6 label='ovarian cancer'"
"Testicular cancer","MONDO:0008903","embedding","sim=0.9173 rank=3 label='lung cancer'"
"Tetanus","EFO:0010085","",""
"Tetanus","EFO:0010970","embedding","sim=0.8801 rank=4 label='severe malarial anemia'"
"Tetanus","MONDO:0000254","embedding","sim=0.873 rank=8 label='cutaneous mycosis'"
"Tetanus","MONDO:0000989","embedding","sim=0.8868 rank=1 label='mumps infectious disease'"
"Tetanus","MONDO:0004619","embedding","sim=0.8722 rank=10 label='measles'"
"Tetanus","MONDO:0005113","embedding","sim=0.8738 rank=7 label='bacterial infectious disease'"
"Tetanus","MONDO:0005135","embedding","sim=0.8851 rank=2 label='parasitic infectious disease'"
"Tetanus","MONDO:0005982","embedding","sim=0.8786 rank=5 label='tinea infection'"
"Tetanus","MONDO:0006604","embedding","sim=0.8722 rank=9 label='rosacea'"
"Tetanus","MONDO:0006672","embedding","sim=0.884 rank=3 label='balanitis'"
"Tetanus","MONDO:0043885","embedding","sim=0.8759 rank=6 label='eye infectious disorder'"
"Thalassemias","EFO:0009432","embedding","sim=0.8575 rank=6 label='fibroblastic disorder'"
"Thalassemias","EFO:0022050","embedding","sim=0.851 rank=9 label='pulmotonia constitution type'"
"Thalassemias","HP:0010750","embedding","sim=0.8658 rank=3 label='Dermatochalasis'"
"Thalassemias","MONDO:0000984","embedding","sim=0.9704 rank=1 label='thalassemia'"
"Thalassemias","MONDO:0001700","embedding","sim=0.8632 rank=5 label='megaloblastic anemia'"
"Thalassemias","MONDO:0003009","embedding","sim=0.8634 rank=4 label='hyperaldosteronism'"
"Thalassemias","MONDO:0006507","embedding","sim=0.8659 rank=2 label='hereditary hemochromatosis'"
"Thalassemias","MONDO:0006592","embedding","sim=0.8514 rank=8 label='parapsoriasis'"
"Thalassemias","MONDO:0019050","embedding","sim=0.8491 rank=10 label='inherited hemoglobinopathy'"
"Thalassemias","MONDO:0100309","embedding","sim=0.8518 rank=7 label='hereditary ataxia'"
"Thalassemias trait","EFO:0009432","embedding","sim=0.8597 rank=5 label='fibroblastic disorder'"
"Thalassemias trait","EFO:0022050","embedding","sim=0.8549 rank=9 label='pulmotonia constitution type'"
"Thalassemias trait","HP:0010750","embedding","sim=0.8556 rank=8 label='Dermatochalasis'"
"Thalassemias trait","MONDO:0000984","embedding","sim=0.9612 rank=1 label='thalassemia'"
"Thalassemias trait","MONDO:0001700","embedding","sim=0.862 rank=4 label='megaloblastic anemia'"
"Thalassemias trait","MONDO:0003009","embedding","sim=0.8644 rank=3 label='hyperaldosteronism'"
"Thalassemias trait","MONDO:0006507","embedding","sim=0.8739 rank=2 label='hereditary hemochromatosis'"
"Thalassemias trait","MONDO:0019050","embedding","sim=0.8586 rank=6 label='inherited hemoglobinopathy'"
"Thalassemias trait","MONDO:0021001","embedding","sim=0.8565 rank=7 label='hemochromatosis type 1'"
"Thalassemias trait","MONDO:0100309","embedding","sim=0.8547 rank=10 label='hereditary ataxia'"
"Thyroid cancer","EFO:0004296","embedding","sim=0.9178 rank=5 label='thyroid function'"
"Thyroid cancer","EFO:1001436","embedding","sim=0.9256 rank=3 label='thyroid nodule'"
"Thyroid cancer","MONDO:0001056","embedding","sim=0.9091 rank=9 label='gastric cancer'"
"Thyroid cancer","MONDO:0002108","embedding","sim=1 rank=1 label='thyroid cancer'"
"Thyroid cancer","MONDO:0002367","embedding","sim=0.9185 rank=4 label='kidney cancer'"
"Thyroid cancer","MONDO:0003240","embedding","sim=0.916 rank=6 label='thyroid gland disorder'"
"Thyroid cancer","MONDO:0004126","embedding","sim=0.94 rank=2 label='thyroiditis'"
"Thyroid cancer","MONDO:0004992","",""
"Thyroid cancer","MONDO:0005447","embedding","sim=0.9147 rank=8 label='testicular cancer'"
"Thyroid cancer","MONDO:0005515","embedding","sim=0.9087 rank=10 label='oral cavity cancer'"
"Thyroid cancer","MONDO:0015075","embedding","sim=0.916 rank=7 label='thyroid gland carcinoma'"
"Thyroid diseases","EFO:0004296","embedding","sim=0.9425 rank=3 label='thyroid function'"
"Thyroid diseases","EFO:0009933","embedding","sim=0.8955 rank=6 label='Thyroid preparation use measurement'"
"Thyroid diseases","EFO:1001436","embedding","sim=0.9137 rank=5 label='thyroid nodule'"
"Thyroid diseases","MONDO:0000001","",""
"Thyroid diseases","MONDO:0001223","embedding","sim=0.8921 rank=8 label='parathyroid gland disorder'"
"Thyroid diseases","MONDO:0002108","embedding","sim=0.9502 rank=2 label='thyroid cancer'"
"Thyroid diseases","MONDO:0003240","embedding","sim=0.9233 rank=4 label='thyroid gland disorder'"
"Thyroid diseases","MONDO:0004126","embedding","sim=0.9637 rank=1 label='thyroiditis'"
"Thyroid diseases","MONDO:0004425","embedding","sim=0.8945 rank=7 label='hyperthyroidism'"
"Thyroid diseases","MONDO:0005087","embedding","sim=0.8879 rank=10 label='respiratory system disorder'"
"Thyroid diseases","OBA:1000027","embedding","sim=0.8899 rank=9 label='thyroid gland volume'"
"Tracheal, bronchus, and lung cancer","MONDO:0001672","embedding","sim=0.9053 rank=3 label='bronchus cancer'"
"Tracheal, bronchus, and lung cancer","MONDO:0002358","embedding","sim=0.8994 rank=6 label='laryngeal carcinoma'"
"Tracheal, bronchus, and lung cancer","MONDO:0004992","",""
"Tracheal, bronchus, and lung cancer","MONDO:0005037","embedding","sim=0.8936 rank=9 label='gastric intestinal type adenocarcinoma'"
"Tracheal, bronchus, and lung cancer","MONDO:0005216","embedding","sim=0.8935 rank=10 label='hypopharyngeal carcinoma'"
"Tracheal, bronchus, and lung cancer","MONDO:0005519","embedding","sim=0.9022 rank=4 label='renal pelvis carcinoma'"
"Tracheal, bronchus, and lung cancer","MONDO:0005595","embedding","sim=0.8957 rank=7 label='laryngeal squamous cell carcinoma'"
"Tracheal, bronchus, and lung cancer","MONDO:0008903","",""
"Tracheal, bronchus, and lung cancer","MONDO:0018918","embedding","sim=0.9098 rank=1 label='carcinoma of gallbladder and extrahepatic biliary tract'"
"Tracheal, bronchus, and lung cancer","MONDO:0019086","embedding","sim=0.9003 rank=5 label='carcinoma of esophagus'"
"Tracheal, bronchus, and lung cancer","MONDO:0019091","embedding","sim=0.8944 rank=8 label='bronchopulmonary dysplasia'"
"Tracheal, bronchus, and lung cancer","OBA:2055788","embedding","sim=0.9058 rank=2 label='age of onset of bronchus cancer'"
"Trachoma","EFO:0003867","embedding","sim=0.8875 rank=2 label='rhabdomyolysis'"
"Trachoma","EFO:0007668","embedding","sim=0.8855 rank=5 label='tragus size'"
"Trachoma","EFO:0009330","",""
"Trachoma","EFO:0010688","embedding","sim=0.8837 rank=6 label='periapical tissue disease'"
"Trachoma","EFO:0010903","",""
"Trachoma","HP:0002907","embedding","sim=0.8808 rank=8 label='Microscopic hematuria'"
"Trachoma","HP:0010566","embedding","sim=0.886 rank=4 label='Hamartoma'"
"Trachoma","MONDO:0001369","embedding","sim=0.8802 rank=10 label='chronic laryngitis'"
"Trachoma","MONDO:0002008","embedding","sim=0.886 rank=3 label='labyrinthitis'"
"Trachoma","MONDO:0004777","embedding","sim=0.8803 rank=9 label='acute laryngitis'"
"Trachoma","MONDO:0006530","embedding","sim=0.8992 rank=1 label='cholesteatoma'"
"Trachoma","MONDO:0008277","embedding","sim=0.8836 rank=7 label='stomach polyp'"
"Trichomoniasis","HP:0010750","embedding","sim=0.9048 rank=3 label='Dermatochalasis'"
"Trichomoniasis","HP:0012803","embedding","sim=0.9006 rank=4 label='Anisometropia'"
"Trichomoniasis","HP:0025246","embedding","sim=0.8984 rank=7 label='Trichilemmal cyst'"
"Trichomoniasis","MONDO:0001618","embedding","sim=0.9051 rank=2 label='balanoposthitis'"
"Trichomoniasis","MONDO:0002040","embedding","sim=0.8943 rank=10 label='dermatomycosis'"
"Trichomoniasis","MONDO:0005425","embedding","sim=0.8969 rank=9 label='podoconiosis'"
"Trichomoniasis","MONDO:0005644","embedding","sim=0.9001 rank=5 label='amebiasis'"
"Trichomoniasis","MONDO:0006530","embedding","sim=0.8995 rank=6 label='cholesteatoma'"
"Trichomoniasis","MONDO:0019345","embedding","sim=0.8973 rank=8 label='shigellosis'"
"Trichomoniasis","MONDO:0021839","embedding","sim=0.9092 rank=1 label='spirochaetales infections'"
"Trichuriasis","HP:0010750","embedding","sim=0.9091 rank=2 label='Dermatochalasis'"
"Trichuriasis","HP:0012803","embedding","sim=0.9095 rank=1 label='Anisometropia'"
"Trichuriasis","MONDO:0001604","embedding","sim=0.9028 rank=7 label='lagophthalmos'"
"Trichuriasis","MONDO:0001618","embedding","sim=0.9024 rank=10 label='balanoposthitis'"
"Trichuriasis","MONDO:0002183","embedding","sim=0.9047 rank=6 label='enthesopathy'"
"Trichuriasis","MONDO:0005425","embedding","sim=0.906 rank=4 label='podoconiosis'"
"Trichuriasis","MONDO:0005746","embedding","sim=0.9026 rank=8 label='enterobiasis'"
"Trichuriasis","MONDO:0006530","embedding","sim=0.9071 rank=3 label='cholesteatoma'"
"Trichuriasis","MONDO:0006672","embedding","sim=0.9058 rank=5 label='balanitis'"
"Trichuriasis","MONDO:0043885","embedding","sim=0.9026 rank=9 label='eye infectious disorder'"
"Tuberculosis","EFO:0000544","embedding","sim=0.8758 rank=7 label='infection'"
"Tuberculosis","EFO:0007918","",""
"Tuberculosis","EFO:0008407","",""
"Tuberculosis","EFO:0009479","embedding","sim=0.8587 rank=10 label='throat disease'"
"Tuberculosis","EFO:0803635","",""
"Tuberculosis","HP:0012735","embedding","sim=0.8738 rank=8 label='Cough'"
"Tuberculosis","MONDO:0000001","embedding","sim=0.8968 rank=4 label='disease'"
"Tuberculosis","MONDO:0000368","",""
"Tuberculosis","MONDO:0005136","embedding","sim=0.9003 rank=3 label='malaria'"
"Tuberculosis","MONDO:0005249","embedding","sim=0.9179 rank=2 label='pneumonia'"
"Tuberculosis","MONDO:0005260","embedding","sim=0.8619 rank=9 label='autism'"
"Tuberculosis","MONDO:0006042","",""
"Tuberculosis","MONDO:0006052","embedding","sim=0.8951 rank=5 label='pulmonary tuberculosis'"
"Tuberculosis","MONDO:0018076","embedding","sim=1 rank=1 label='tuberculosis'"
"Tuberculosis","MONDO:0029000","embedding","sim=0.8764 rank=6 label='poisoning'"
"Turner syndrome","MONDO:0001858","embedding","sim=0.9042 rank=2 label='Tietze syndrome'"
"Turner syndrome","MONDO:0004001","embedding","sim=0.8846 rank=10 label='compartment syndrome'"
"Turner syndrome","MONDO:0005364","embedding","sim=0.8882 rank=7 label='Graves disease'"
"Turner syndrome","MONDO:0005382","embedding","sim=0.8849 rank=8 label='bone Paget disease'"
"Turner syndrome","MONDO:0007661","embedding","sim=0.8901 rank=5 label='Tourette syndrome'"
"Turner syndrome","MONDO:0015263","embedding","sim=0.8999 rank=3 label='Brugada syndrome'"
"Turner syndrome","MONDO:0018153","embedding","sim=0.8893 rank=6 label='Erdheim-Chester disease'"
"Turner syndrome","MONDO:0018912","embedding","sim=0.9145 rank=1 label='Cushing syndrome'"
"Turner syndrome","MONDO:0019266","embedding","sim=0.8903 rank=4 label='SAPHO syndrome'"
"Turner syndrome","MONDO:0043885","embedding","sim=0.8849 rank=9 label='eye infectious disorder'"
"Typhoid and paratyphoid","EFO:0008532","embedding","sim=0.873 rank=5 label='clinically amyopathic dermatomyositis'"
"Typhoid and paratyphoid","EFO:0009087","embedding","sim=0.9133 rank=2 label='non-typhoidal Salmonella bacteremia'"
"Typhoid and paratyphoid","EFO:0010723","embedding","sim=0.8712 rank=6 label='ocular sarcoidosis'"
"Typhoid and paratyphoid","HP:0002808","embedding","sim=0.8787 rank=3 label='Kyphosis'"
"Typhoid and paratyphoid","HP:0030035","embedding","sim=0.868 rank=7 label='Struvite nephrolithiasis'"
"Typhoid and paratyphoid","HP:0100582","embedding","sim=0.8756 rank=4 label='Nasal polyposis'"
"Typhoid and paratyphoid","MONDO:0005075","embedding","sim=0.864 rank=9 label='thyroid gland papillary carcinoma'"
"Typhoid and paratyphoid","MONDO:0005619","embedding","sim=0.9257 rank=1 label='typhoid fever'"
"Typhoid and paratyphoid","MONDO:0005715","embedding","sim=0.8658 rank=8 label='congenital toxoplasmosis'"
"Typhoid and paratyphoid","MONDO:0008420","embedding","sim=0.8624 rank=10 label='seborrheic keratosis'"
"Typhoid fever","EFO:0009087","embedding","sim=0.9065 rank=2 label='non-typhoidal Salmonella bacteremia'"
"Typhoid fever","EFO:0010723","embedding","sim=0.8738 rank=5 label='ocular sarcoidosis'"
"Typhoid fever","HP:0001945","",""
"Typhoid fever","HP:0002808","embedding","sim=0.8717 rank=6 label='Kyphosis'"
"Typhoid fever","HP:0100582","embedding","sim=0.8668 rank=9 label='Nasal polyposis'"
"Typhoid fever","MONDO:0001246","embedding","sim=0.875 rank=4 label='typhus'"
"Typhoid fever","MONDO:0005377","embedding","sim=0.8662 rank=10 label='nephrotic syndrome'"
"Typhoid fever","MONDO:0005619","embedding","sim=1 rank=1 label='typhoid fever'"
"Typhoid fever","MONDO:0016586","embedding","sim=0.8683 rank=7 label='systemic mastocytosis'"
"Typhoid fever","MONDO:0019338","embedding","sim=0.8819 rank=3 label='sarcoidosis'"
"Typhoid fever","MONDO:0021697","embedding","sim=0.8674 rank=8 label='chlamydia infectious disease'"
"Ulcerative colitis","HP:0002253","embedding","sim=0.9144 rank=9 label='Colonic diverticula'"
"Ulcerative colitis","HP:0004398","embedding","sim=0.9142 rank=10 label='Peptic ulcer'"
"Ulcerative colitis","MONDO:0000702","embedding","sim=0.9408 rank=4 label='microscopic colitis'"
"Ulcerative colitis","MONDO:0000703","embedding","sim=0.9464 rank=3 label='collagenous colitis'"
"Ulcerative colitis","MONDO:0000704","embedding","sim=0.9216 rank=6 label='lymphocytic colitis'"
"Ulcerative colitis","MONDO:0004247","embedding","sim=0.9212 rank=7 label='peptic ulcer disease'"
"Ulcerative colitis","MONDO:0005101","embedding","sim=1 rank=1 label='ulcerative colitis'"
"Ulcerative colitis","MONDO:0005292","embedding","sim=0.9516 rank=2 label='colitis'"
"Ulcerative colitis","MONDO:0005412","embedding","sim=0.918 rank=8 label='duodenal ulcer'"
"Ulcerative colitis","MONDO:0005534","embedding","sim=0.9384 rank=5 label='ileocolitis'"
"Upper digestive system diseases","EFO:0020979","embedding","sim=0.9314 rank=6 label='digestive system surgery'"
"Upper digestive system diseases","EFO:1001785","embedding","sim=0.9092 rank=10 label='diffuse esophageal spasm'"
"Upper digestive system diseases","HP:0000079","embedding","sim=0.9114 rank=9 label='Abnormality of the urinary system'"
"Upper digestive system diseases","HP:0011024","embedding","sim=0.9133 rank=8 label='Abnormality of the gastrointestinal tract'"
"Upper digestive system diseases","HP:0025031","embedding","sim=0.9372 rank=4 label='Abnormality of the digestive system'"
"Upper digestive system diseases","MONDO:0000001","",""
"Upper digestive system diseases","MONDO:0001318","embedding","sim=0.9321 rank=5 label='functional gastric disease'"
"Upper digestive system diseases","MONDO:0002516","embedding","sim=0.9424 rank=3 label='digestive system cancer'"
"Upper digestive system diseases","MONDO:0004335","embedding","sim=0.954 rank=2 label='digestive system disorder'"
"Upper digestive system diseases","MONDO:0021223","embedding","sim=0.9151 rank=7 label='digestive system neoplasm'"
"Upper digestive system diseases","MONDO:0043424","embedding","sim=0.9561 rank=1 label='digestive system infectious disorder'"
"Upper respiratory infections","EFO:0000544","",""
"Upper respiratory infections","EFO:1001418","embedding","sim=0.9018 rank=9 label='Salmonella Infections'"
"Upper respiratory infections","MONDO:0000270","embedding","sim=0.916 rank=4 label='lower respiratory tract disorder'"
"Upper respiratory infections","MONDO:0001208","embedding","sim=0.9181 rank=3 label='acute respiratory failure'"
"Upper respiratory infections","MONDO:0004867","embedding","sim=0.9287 rank=2 label='upper respiratory tract disorder'"
"Upper respiratory infections","MONDO:0005087","embedding","sim=0.9131 rank=5 label='respiratory system disorder'"
"Upper respiratory infections","MONDO:0005113","embedding","sim=0.9054 rank=6 label='bacterial infectious disease'"
"Upper respiratory infections","MONDO:0021113","embedding","sim=0.9052 rank=7 label='respiratory failure'"
"Upper respiratory infections","MONDO:0021201","embedding","sim=0.9027 rank=8 label='skin infection'"
"Upper respiratory infections","MONDO:0021679","embedding","sim=0.8997 rank=10 label='gram-positive bacterial infections'"
"Upper respiratory infections","MONDO:0024355","embedding","sim=0.9329 rank=1 label='respiratory tract infectious disorder'"
"Urinary diseases and male infertility","EFO:0021795","embedding","sim=0.9215 rank=5 label='tubal factor infertility'"
"Urinary diseases and male infertility","HP:0000079","embedding","sim=0.9323 rank=1 label='Abnormality of the urinary system'"
"Urinary diseases and male infertility","HP:0010992","embedding","sim=0.9126 rank=8 label='Stress urinary incontinence'"
"Urinary diseases and male infertility","MONDO:0000001","",""
"Urinary diseases and male infertility","MONDO:0002118","embedding","sim=0.9275 rank=2 label='urinary system disorder'"
"Urinary diseases and male infertility","MONDO:0003330","embedding","sim=0.9125 rank=9 label='urinary tract obstruction'"
"Urinary diseases and male infertility","MONDO:0005372","embedding","sim=0.9249 rank=3 label='male infertility'"
"Urinary diseases and male infertility","MONDO:0006026","embedding","sim=0.9228 rank=4 label='urinary bladder disorder'"
"Urinary diseases and male infertility","MONDO:0021124","embedding","sim=0.9187 rank=6 label='female infertility'"
"Urinary diseases and male infertility","OBA:2045308","embedding","sim=0.9103 rank=10 label='leukocyte amount in the urinary tract'"
"Urinary diseases and male infertility","OBA:VT1000777","embedding","sim=0.9151 rank=7 label='urinary system trait'"
"Urinary tract infections and interstitial nephritis","EFO:0000544","",""
"Urinary tract infections and interstitial nephritis","EFO:0803197","embedding","sim=0.9232 rank=4 label='tubulointerstitial nephritis antigen-like measurement'"
"Urinary tract infections and interstitial nephritis","EFO:1000869","embedding","sim=0.918 rank=7 label='chronic interstitial cystitis'"
"Urinary tract infections and interstitial nephritis","HP:0000791","embedding","sim=0.9186 rank=6 label='Uric acid nephrolithiasis'"
"Urinary tract infections and interstitial nephritis","HP:0004729","embedding","sim=0.9293 rank=2 label='Acute tubulointerstitial nephritis'"
"Urinary tract infections and interstitial nephritis","HP:0004743","embedding","sim=0.9271 rank=3 label='Chronic tubulointerstitial nephritis'"
"Urinary tract infections and interstitial nephritis","MONDO:0001085","embedding","sim=0.9585 rank=1 label='interstitial nephritis'"
"Urinary tract infections and interstitial nephritis","MONDO:0001166","",""
"Urinary tract infections and interstitial nephritis","MONDO:0002461","embedding","sim=0.9083 rank=10 label='membranoproliferative glomerulonephritis'"
"Urinary tract infections and interstitial nephritis","MONDO:0003330","embedding","sim=0.9089 rank=9 label='urinary tract obstruction'"
"Urinary tract infections and interstitial nephritis","MONDO:0019125","embedding","sim=0.9126 rank=8 label='relapsing polychondritis'"
"Urinary tract infections and interstitial nephritis","MONDO:0100338","",""
"Urinary tract infections and interstitial nephritis","OBA:2043857","embedding","sim=0.9204 rank=5 label='level of tubulointerstitial nephritis antigen-like in blood serum'"
"Urogenital congenital anomalies","EFO:0003863","embedding","sim=0.9209 rank=8 label='urogenital neoplasm'"
"Urogenital congenital anomalies","EFO:0022941","embedding","sim=0.9183 rank=9 label='congenital respiratory system disorder'"
"Urogenital congenital anomalies","MONDO:0002320","embedding","sim=0.924 rank=7 label='congenital nervous system disorder'"
"Urogenital congenital anomalies","MONDO:0016581","embedding","sim=0.9162 rank=10 label='conotruncal heart malformations'"
"Urogenital congenital anomalies","MONDO:0017427","embedding","sim=0.9299 rank=5 label='congenital deformities of limbs'"
"Urogenital congenital anomalies","MONDO:0019054","embedding","sim=0.9398 rank=2 label='congenital limb malformation'"
"Urogenital congenital anomalies","MONDO:0019512","embedding","sim=0.9286 rank=6 label='congenital heart malformation'"
"Urogenital congenital anomalies","MONDO:0019640","",""
"Urogenital congenital anomalies","MONDO:0019719","embedding","sim=0.9383 rank=3 label='congenital anomaly of kidney and urinary tract'"
"Urogenital congenital anomalies","MONDO:0020292","embedding","sim=0.9374 rank=4 label='congenital anomaly of the great arteries'"
"Urogenital congenital anomalies","MONDO:0024239","embedding","sim=0.9422 rank=1 label='congenital anomaly of cardiovascular system'"
"Urolithiasis","HP:0000791","embedding","sim=0.9443 rank=3 label='Uric acid nephrolithiasis'"
"Urolithiasis","HP:0008672","embedding","sim=0.9066 rank=10 label='Calcium oxalate nephrolithiasis'"
"Urolithiasis","HP:0012580","embedding","sim=0.9386 rank=4 label='Calcium phosphate nephrolithiasis'"
"Urolithiasis","HP:0030035","embedding","sim=0.925 rank=5 label='Struvite nephrolithiasis'"
"Urolithiasis","MONDO:0005644","embedding","sim=0.9068 rank=9 label='amebiasis'"
"Urolithiasis","MONDO:0005761","embedding","sim=0.9122 rank=7 label='filarial elephantiasis'"
"Urolithiasis","MONDO:0006970","embedding","sim=0.9145 rank=6 label='sialolithiasis'"
"Urolithiasis","MONDO:0007009","embedding","sim=0.9102 rank=8 label='ureterolithiasis'"
"Urolithiasis","MONDO:0008171","embedding","sim=0.9746 rank=2 label='nephrolithiasis'"
"Urolithiasis","MONDO:0024647","embedding","sim=1 rank=1 label='urolithiasis'"
"Urticaria","HP:0000473","embedding","sim=0.8823 rank=2 label='Torticollis'"
"Urticaria","HP:0002321","embedding","sim=0.8802 rank=3 label='Vertigo'"
"Urticaria","MONDO:0001039","embedding","sim=0.8702 rank=7 label='tonsillitis'"
"Urticaria","MONDO:0002008","embedding","sim=0.8684 rank=8 label='labyrinthitis'"
"Urticaria","MONDO:0003085","embedding","sim=0.8703 rank=6 label='keratitis'"
"Urticaria","MONDO:0004900","embedding","sim=0.8731 rank=5 label='peripheral vertigo'"
"Urticaria","MONDO:0005492","embedding","sim=1 rank=1 label='urticaria'"
"Urticaria","MONDO:0006814","embedding","sim=0.8793 rank=4 label='iritis'"
"Urticaria","MONDO:0020283","embedding","sim=0.8676 rank=9 label='uveitis'"
"Urticaria","MONDO:0021765","embedding","sim=0.8673 rank=10 label='radiculitis'"
"Uterine cancer","EFO:1001864","embedding","sim=0.9318 rank=7 label='uterine prolapse'"
"Uterine cancer","MONDO:0001351","embedding","sim=0.9527 rank=4 label='uterine adnexa cancer'"
"Uterine cancer","MONDO:0001786","embedding","sim=0.9429 rank=6 label='uterine inflammatory disease'"
"Uterine cancer","MONDO:0002654","embedding","sim=0.9514 rank=5 label='uterine disorder'"
"Uterine cancer","MONDO:0002715","embedding","sim=1 rank=1 label='uterine cancer'"
"Uterine cancer","MONDO:0002974","embedding","sim=0.9249 rank=8 label='cervical cancer'"
"Uterine cancer","MONDO:0004992","",""
"Uterine cancer","MONDO:0005213","embedding","sim=0.9626 rank=3 label='uterine carcinoma'"
"Uterine cancer","MONDO:0006003","embedding","sim=0.9792 rank=2 label='uterine corpus cancer'"
"Uterine cancer","MONDO:0008170","embedding","sim=0.9222 rank=9 label='ovarian cancer'"
"Uterine cancer","MONDO:0011962","embedding","sim=0.9215 rank=10 label='endometrial cancer'"
"Uterine fibroids","EFO:0009410","embedding","sim=0.9652 rank=1 label='uterine fibroid measurement'"
"Uterine fibroids","EFO:0021423","embedding","sim=0.9433 rank=2 label='family history of uterine fibroids'"
"Uterine fibroids","EFO:1001864","embedding","sim=0.9251 rank=5 label='uterine prolapse'"
"Uterine fibroids","HP:0000131","embedding","sim=0.9204 rank=6 label='Uterine leiomyoma'"
"Uterine fibroids","MONDO:0001786","embedding","sim=0.9389 rank=3 label='uterine inflammatory disease'"
"Uterine fibroids","MONDO:0002654","embedding","sim=0.9152 rank=9 label='uterine disorder'"
"Uterine fibroids","MONDO:0004701","embedding","sim=0.93 rank=4 label='uterine polyp'"
"Uterine fibroids","MONDO:0005213","embedding","sim=0.9138 rank=10 label='uterine carcinoma'"
"Uterine fibroids","MONDO:0006003","embedding","sim=0.9199 rank=7 label='uterine corpus cancer'"
"Uterine fibroids","MONDO:0007886","embedding","sim=0.918 rank=8 label='uterine corpus leiomyoma'"
"Varicella and herpes zoster","EFO:0009087","embedding","sim=0.868 rank=10 label='non-typhoidal Salmonella bacteremia'"
"Varicella and herpes zoster","EFO:0009340","embedding","sim=0.9168 rank=3 label='Varicella zoster virus seropositivity'"
"Varicella and herpes zoster","EFO:0009351","embedding","sim=0.9205 rank=2 label='Anti-varicella zoster virus IgG measurement'"
"Varicella and herpes zoster","EFO:0011037","embedding","sim=0.8682 rank=9 label='anti-human herpes virus 6 antibody measurement'"
"Varicella and herpes zoster","EFO:0801088","embedding","sim=0.8792 rank=6 label='anti-feline herpes IgG measurement'"
"Varicella and herpes zoster","MONDO:0000890","embedding","sim=0.8716 rank=7 label='Zika virus congenital syndrome'"
"Varicella and herpes zoster","MONDO:0004609","embedding","sim=0.8884 rank=4 label='herpes simplex infectious disease'"
"Varicella and herpes zoster","MONDO:0005446","embedding","sim=0.869 rank=8 label='cutaneous leishmaniasis'"
"Varicella and herpes zoster","MONDO:0005609","embedding","sim=0.9518 rank=1 label='herpes zoster'"
"Varicella and herpes zoster","MONDO:0005770","embedding","sim=0.8799 rank=5 label='genital herpes'"
"Vascular intestinal disorders","EFO:0009705","embedding","sim=0.9427 rank=4 label='small intestine enteropathy'"
"Vascular intestinal disorders","EFO:0011031","embedding","sim=0.9206 rank=10 label='intestinal permeability measurement'"
"Vascular intestinal disorders","EFO:1000989","embedding","sim=0.9222 rank=9 label='intestinal volvulus'"
"Vascular intestinal disorders","MONDO:0000916","embedding","sim=0.9462 rank=3 label='intestinal infectious disease'"
"Vascular intestinal disorders","MONDO:0000956","embedding","sim=0.9277 rank=7 label='small intestine cancer'"
"Vascular intestinal disorders","MONDO:0004565","embedding","sim=0.9276 rank=8 label='intestinal obstruction'"
"Vascular intestinal disorders","MONDO:0004571","embedding","sim=0.9366 rank=5 label='intestinal impaction'"
"Vascular intestinal disorders","MONDO:0004622","embedding","sim=0.9512 rank=2 label='chronic intestinal vascular insufficiency'"
"Vascular intestinal disorders","MONDO:0005020","embedding","sim=0.9591 rank=1 label='intestinal disorder'"
"Vascular intestinal disorders","MONDO:0005814","embedding","sim=0.9288 rank=6 label='intestinal cancer'"
"Viral skin diseases","EFO:1000636","embedding","sim=0.9418 rank=1 label='inflammatory skin disease'"
"Viral skin diseases","MONDO:0000001","",""
"Viral skin diseases","MONDO:0002041","embedding","sim=0.9198 rank=10 label='fungal infectious disease'"
"Viral skin diseases","MONDO:0005093","embedding","sim=0.9278 rank=7 label='skin disorder'"
"Viral skin diseases","MONDO:0005108","embedding","sim=0.9379 rank=2 label='viral infectious disease'"
"Viral skin diseases","MONDO:0005113","embedding","sim=0.9359 rank=3 label='bacterial infectious disease'"
"Viral skin diseases","MONDO:0005135","embedding","sim=0.9208 rank=9 label='parasitic infectious disease'"
"Viral skin diseases","MONDO:0005550","embedding","sim=0.931 rank=6 label='infectious disease'"
"Viral skin diseases","MONDO:0019293","embedding","sim=0.9327 rank=5 label='skin vascular disease'"
"Viral skin diseases","MONDO:0020950","embedding","sim=0.9268 rank=8 label='viral eye infection'"
"Viral skin diseases","MONDO:0021201","embedding","sim=0.933 rank=4 label='skin infection'"
"Visceral leishmaniasis","EFO:0009087","embedding","sim=0.8923 rank=8 label='non-typhoidal Salmonella bacteremia'"
"Visceral leishmaniasis","MONDO:0002040","embedding","sim=0.889 rank=10 label='dermatomycosis'"
"Visceral leishmaniasis","MONDO:0002875","embedding","sim=0.8916 rank=9 label='parasitic ectoparasitic infectious disease'"
"Visceral leishmaniasis","MONDO:0005435","embedding","sim=0.8987 rank=4 label='anti-neutrophil antibody associated vasculitis'"
"Visceral leishmaniasis","MONDO:0005445","embedding","sim=1 rank=1 label='visceral leishmaniasis'"
"Visceral leishmaniasis","MONDO:0005446","embedding","sim=0.9502 rank=2 label='cutaneous leishmaniasis'"
"Visceral leishmaniasis","MONDO:0005715","embedding","sim=0.8967 rank=6 label='congenital toxoplasmosis'"
"Visceral leishmaniasis","MONDO:0006014","embedding","sim=0.8952 rank=7 label='vulvovaginal candidiasis'"
"Visceral leishmaniasis","MONDO:0020576","embedding","sim=0.9061 rank=3 label='cutaneous vasculitis'"
"Visceral leishmaniasis","MONDO:0021697","embedding","sim=0.8977 rank=5 label='chlamydia infectious disease'"
"Vitamin A deficiency","EFO:0003762","embedding","sim=0.9604 rank=2 label='vitamin D deficiency'"
"Vitamin A deficiency","EFO:0004621","embedding","sim=0.9172 rank=9 label='vitamin B6 measurement'"
"Vitamin A deficiency","EFO:0004843","embedding","sim=0.9226 rank=6 label='vitamin B measurement'"
"Vitamin A deficiency","EFO:0005878","embedding","sim=0.9565 rank=3 label='vitamin deficiency'"
"Vitamin A deficiency","EFO:0600003","embedding","sim=0.9188 rank=7 label='vitamin C measurement'"
"Vitamin A deficiency","MONDO:0020696","embedding","sim=0.9519 rank=4 label='vitamin B12 deficiency'"
"Vitamin A deficiency","MONDO:0024298","embedding","sim=0.9339 rank=5 label='vitamin deficiency disorder'"
"Vitamin A deficiency","MONDO:0042976","embedding","sim=0.9684 rank=1 label='vitamin B deficiency'"
"Vitamin A deficiency","OBA:1000955","embedding","sim=0.9177 rank=8 label='Vitamin E level'"
"Vitamin A deficiency","OBA:1000968","embedding","sim=0.9111 rank=10 label='vitamin D level'"
"Yellow fever","EFO:0006928","embedding","sim=0.8868 rank=7 label='motion sickness'"
"Yellow fever","HP:0001945","",""
"Yellow fever","MONDO:0000989","embedding","sim=0.8775 rank=10 label='mumps infectious disease'"
"Yellow fever","MONDO:0005108","embedding","sim=0.8874 rank=6 label='viral infectious disease'"
"Yellow fever","MONDO:0005113","embedding","sim=0.8787 rank=9 label='bacterial infectious disease'"
"Yellow fever","MONDO:0005550","embedding","sim=0.8944 rank=3 label='infectious disease'"
"Yellow fever","MONDO:0005700","embedding","sim=0.8845 rank=8 label='chickenpox'"
"Yellow fever","MONDO:0005812","embedding","sim=0.8879 rank=5 label='influenza'"
"Yellow fever","MONDO:0005820","embedding","sim=0.8943 rank=4 label='Lassa fever'"
"Yellow fever","MONDO:0005952","embedding","sim=0.9605 rank=1 label='scarlet fever'"
"Yellow fever","MONDO:0006012","embedding","sim=0.8984 rank=2 label='viral pneumonia'"
"Zika virus","MONDO:0000890","embedding","sim=0.9185 rank=1 label='Zika virus congenital syndrome'"
"Zika virus","MONDO:0000989","embedding","sim=0.8759 rank=5 label='mumps infectious disease'"
"Zika virus","MONDO:0004796","embedding","sim=0.8666 rank=9 label='infectious meningitis'"
"Zika virus","MONDO:0005108","embedding","sim=0.8782 rank=3 label='viral infectious disease'"
"Zika virus","MONDO:0005658","embedding","sim=0.8696 rank=7 label='Astroviridae infectious disease'"
"Zika virus","MONDO:0005770","embedding","sim=0.877 rank=4 label='genital herpes'"
"Zika virus","MONDO:0007015","embedding","sim=0.8783 rank=2 label='viral meningitis'"
"Zika virus","MONDO:0012727","embedding","sim=0.8668 rank=8 label='Kawasaki disease'"
"Zika virus","MONDO:0020950","embedding","sim=0.872 rank=6 label='viral eye infection'"
"Zika virus","MONDO:0021697","embedding","sim=0.8656 rank=10 label='chlamydia infectious disease'"
