cause_name,cause_id,total_attention_score,analysis_type,time_strata
Acne vulgaris,661,121202,all,
Acne vulgaris,661,215,sliding_3yr,2011
Acne vulgaris,661,7062,sliding_3yr,2012
Acne vulgaris,661,7062,sliding_3yr,2013
Acne vulgaris,661,6847,sliding_3yr,2014
Acne vulgaris,661,7999,sliding_3yr,2016
Acne vulgaris,661,7999,sliding_3yr,2017
Acne vulgaris,661,7999,sliding_3yr,2018
Acne vulgaris,661,2780,sliding_3yr,2019
Acne vulgaris,661,22945,sliding_3yr,2020
Acne vulgaris,661,57367,sliding_3yr,2021
Acne vulgaris,661,79111,sliding_3yr,2022
Acne vulgaris,661,67281,sliding_3yr,2023
Acne vulgaris,661,48774,sliding_3yr,2024
Acne vulgaris,661,215,year,2013
Acne vulgaris,661,6847,year,2014
Acne vulgaris,661,7999,year,2018
Acne vulgaris,661,2780,year,2021
Acne vulgaris,661,20165,year,2022
Acne vulgaris,661,34422,year,2023
Acne vulgaris,661,24524,year,2024
Acne vulgaris,661,8335,year,2025
Acne vulgaris,661,15915,year,2026
Acute glomerulonephritis,588,117957,all,
Acute glomerulonephritis,588,4137,sliding_3yr,2009
Acute glomerulonephritis,588,4137,sliding_3yr,2010
Acute glomerulonephritis,588,4137,sliding_3yr,2011
Acute glomerulonephritis,588,7658,sliding_3yr,2012
Acute glomerulonephritis,588,15971,sliding_3yr,2013
Acute glomerulonephritis,588,15971,sliding_3yr,2014
Acute glomerulonephritis,588,8313,sliding_3yr,2015
Acute glomerulonephritis,588,2093,sliding_3yr,2016
Acute glomerulonephritis,588,2591,sliding_3yr,2017
Acute glomerulonephritis,588,13283,sliding_3yr,2018
Acute glomerulonephritis,588,30245,sliding_3yr,2019
Acute glomerulonephritis,588,29747,sliding_3yr,2020
Acute glomerulonephritis,588,56096,sliding_3yr,2021
Acute glomerulonephritis,588,48612,sliding_3yr,2022
Acute glomerulonephritis,588,53103,sliding_3yr,2023
Acute glomerulonephritis,588,28470,sliding_3yr,2024
Acute glomerulonephritis,588,4137,year,2011
Acute glomerulonephritis,588,7658,year,2014
Acute glomerulonephritis,588,8313,year,2015
Acute glomerulonephritis,588,2093,year,2018
Acute glomerulonephritis,588,498,year,2019
Acute glomerulonephritis,588,10692,year,2020
Acute glomerulonephritis,588,19055,year,2021
Acute glomerulonephritis,588,37041,year,2023
Acute glomerulonephritis,588,11571,year,2024
Acute glomerulonephritis,588,4491,year,2025
Acute glomerulonephritis,588,12408,year,2026
Acute hepatitis,400,2086,sliding_3yr,2007
Acute hepatitis,400,2086,sliding_3yr,2008
Acute hepatitis,400,6697,sliding_3yr,2009
Acute hepatitis,400,28546,sliding_3yr,2010
Acute hepatitis,400,33727,sliding_3yr,2011
Acute hepatitis,400,29116,sliding_3yr,2012
Acute hepatitis,400,5181,sliding_3yr,2013
Acute hepatitis,400,5375,sliding_3yr,2014
Acute hepatitis,400,5375,sliding_3yr,2015
Acute hepatitis,400,12613,sliding_3yr,2016
Acute hepatitis,400,7238,sliding_3yr,2017
Acute hepatitis,400,8557,sliding_3yr,2018
Acute hepatitis,400,2589,sliding_3yr,2019
Acute hepatitis,400,13385,sliding_3yr,2020
Acute hepatitis,400,21385,sliding_3yr,2021
Acute hepatitis,400,176790,sliding_3yr,2022
Acute hepatitis,400,181374,sliding_3yr,2023
Acute hepatitis,400,172055,sliding_3yr,2024
Acute hepatitis,400,2086,year,2009
Acute hepatitis,400,4611,year,2011
Acute hepatitis,400,23935,year,2012
Acute hepatitis,400,5181,year,2013
Acute hepatitis,400,5375,year,2016
Acute hepatitis,400,7238,year,2018
Acute hepatitis,400,1319,year,2020
Acute hepatitis,400,1270,year,2021
Acute hepatitis,400,10796,year,2022
Acute hepatitis,400,9319,year,2023
Acute hepatitis,400,156675,year,2024
Acute hepatitis,400,15380,year,2025
Acute hepatitis A,401,3824,all,
Acute hepatitis A,401,69,sliding_3yr,2016
Acute hepatitis A,401,69,sliding_3yr,2017
Acute hepatitis A,401,69,sliding_3yr,2018
Acute hepatitis A,401,591,sliding_3yr,2019
Acute hepatitis A,401,591,sliding_3yr,2020
Acute hepatitis A,401,2336,sliding_3yr,2021
Acute hepatitis A,401,2072,sliding_3yr,2022
Acute hepatitis A,401,3164,sliding_3yr,2023
Acute hepatitis A,401,1419,sliding_3yr,2024
Acute hepatitis A,401,69,year,2018
Acute hepatitis A,401,591,year,2021
Acute hepatitis A,401,1745,year,2023
Acute hepatitis A,401,327,year,2024
Acute hepatitis A,401,1092,year,2025
Acute hepatitis B,402,63568,all,
Acute hepatitis B,402,2086,sliding_3yr,2007
Acute hepatitis B,402,2086,sliding_3yr,2008
Acute hepatitis B,402,6697,sliding_3yr,2009
Acute hepatitis B,402,26204,sliding_3yr,2010
Acute hepatitis B,402,31385,sliding_3yr,2011
Acute hepatitis B,402,26774,sliding_3yr,2012
Acute hepatitis B,402,5181,sliding_3yr,2013
Acute hepatitis B,402,5375,sliding_3yr,2014
Acute hepatitis B,402,5375,sliding_3yr,2015
Acute hepatitis B,402,9651,sliding_3yr,2016
Acute hepatitis B,402,4276,sliding_3yr,2017
Acute hepatitis B,402,4276,sliding_3yr,2018
Acute hepatitis B,402,460,sliding_3yr,2019
Acute hepatitis B,402,683,sliding_3yr,2020
Acute hepatitis B,402,683,sliding_3yr,2021
Acute hepatitis B,402,9927,sliding_3yr,2022
Acute hepatitis B,402,19763,sliding_3yr,2023
Acute hepatitis B,402,19763,sliding_3yr,2024
Acute hepatitis B,402,2086,year,2009
Acute hepatitis B,402,4611,year,2011
Acute hepatitis B,402,21593,year,2012
Acute hepatitis B,402,5181,year,2013
Acute hepatitis B,402,5375,year,2016
Acute hepatitis B,402,4276,year,2018
Acute hepatitis B,402,460,year,2021
Acute hepatitis B,402,223,year,2022
Acute hepatitis B,402,9704,year,2024
Acute hepatitis B,402,10059,year,2025
Acute hepatitis C,403,168219,all,
Acute hepatitis C,403,2342,sliding_3yr,2010
Acute hepatitis C,403,2342,sliding_3yr,2011
Acute hepatitis C,403,2342,sliding_3yr,2012
Acute hepatitis C,403,2893,sliding_3yr,2016
Acute hepatitis C,403,2893,sliding_3yr,2017
Acute hepatitis C,403,4212,sliding_3yr,2018
Acute hepatitis C,403,1538,sliding_3yr,2019
Acute hepatitis C,403,12111,sliding_3yr,2020
Acute hepatitis C,403,10792,sliding_3yr,2021
Acute hepatitis C,403,157217,sliding_3yr,2022
Acute hepatitis C,403,150873,sliding_3yr,2023
Acute hepatitis C,403,150873,sliding_3yr,2024
Acute hepatitis C,403,2342,year,2012
Acute hepatitis C,403,2893,year,2018
Acute hepatitis C,403,1319,year,2020
Acute hepatitis C,403,219,year,2021
Acute hepatitis C,403,10573,year,2022
Acute hepatitis C,403,146644,year,2024
Acute hepatitis C,403,4229,year,2025
Acute hepatitis E,404,7574,all,
Acute hepatitis E,404,7574,sliding_3yr,2021
Acute hepatitis E,404,7574,sliding_3yr,2022
Acute hepatitis E,404,7574,sliding_3yr,2023
Acute hepatitis E,404,7574,year,2023
Acute lymphoid leukemia,845,399903,all,
Acute lymphoid leukemia,845,1711,sliding_3yr,2007
Acute lymphoid leukemia,845,1780,sliding_3yr,2008
Acute lymphoid leukemia,845,3476,sliding_3yr,2009
Acute lymphoid leukemia,845,1765,sliding_3yr,2010
Acute lymphoid leukemia,845,7014,sliding_3yr,2011
Acute lymphoid leukemia,845,6587,sliding_3yr,2012
Acute lymphoid leukemia,845,6587,sliding_3yr,2013
Acute lymphoid leukemia,845,5448,sliding_3yr,2014
Acute lymphoid leukemia,845,6463,sliding_3yr,2015
Acute lymphoid leukemia,845,18428,sliding_3yr,2016
Acute lymphoid leukemia,845,26207,sliding_3yr,2017
Acute lymphoid leukemia,845,24775,sliding_3yr,2018
Acute lymphoid leukemia,845,20942,sliding_3yr,2019
Acute lymphoid leukemia,845,9684,sliding_3yr,2020
Acute lymphoid leukemia,845,16922,sliding_3yr,2021
Acute lymphoid leukemia,845,349442,sliding_3yr,2022
Acute lymphoid leukemia,845,349770,sliding_3yr,2023
Acute lymphoid leukemia,845,341680,sliding_3yr,2024
Acute lymphoid leukemia,845,1711,year,2009
Acute lymphoid leukemia,845,69,year,2010
Acute lymphoid leukemia,845,1696,year,2011
Acute lymphoid leukemia,845,5318,year,2013
Acute lymphoid leukemia,845,1269,year,2014
Acute lymphoid leukemia,845,4179,year,2016
Acute lymphoid leukemia,845,2284,year,2017
Acute lymphoid leukemia,845,11965,year,2018
Acute lymphoid leukemia,845,11958,year,2019
Acute lymphoid leukemia,845,852,year,2020
Acute lymphoid leukemia,845,8132,year,2021
Acute lymphoid leukemia,845,700,year,2022
Acute lymphoid leukemia,845,8090,year,2023
Acute lymphoid leukemia,845,340652,year,2024
Acute lymphoid leukemia,845,1028,year,2025
Acute myeloid leukemia,847,25037,all,
Acute myeloid leukemia,847,247,sliding_3yr,2011
Acute myeloid leukemia,847,247,sliding_3yr,2012
Acute myeloid leukemia,847,247,sliding_3yr,2013
Acute myeloid leukemia,847,175,sliding_3yr,2015
Acute myeloid leukemia,847,960,sliding_3yr,2016
Acute myeloid leukemia,847,960,sliding_3yr,2017
Acute myeloid leukemia,847,785,sliding_3yr,2018
Acute myeloid leukemia,847,12402,sliding_3yr,2019
Acute myeloid leukemia,847,12402,sliding_3yr,2020
Acute myeloid leukemia,847,12402,sliding_3yr,2021
Acute myeloid leukemia,847,3858,sliding_3yr,2022
Acute myeloid leukemia,847,4458,sliding_3yr,2023
Acute myeloid leukemia,847,11428,sliding_3yr,2024
Acute myeloid leukemia,847,247,year,2013
Acute myeloid leukemia,847,175,year,2017
Acute myeloid leukemia,847,785,year,2018
Acute myeloid leukemia,847,12402,year,2021
Acute myeloid leukemia,847,3858,year,2024
Acute myeloid leukemia,847,600,year,2025
Acute myeloid leukemia,847,6970,year,2026
African trypanosomiasis,350,0,all,
Age-related and other hearing loss,674,4228070,all,
Age-related and other hearing loss,674,1990,sliding_3yr,2006
Age-related and other hearing loss,674,1990,sliding_3yr,2007
Age-related and other hearing loss,674,2337,sliding_3yr,2008
Age-related and other hearing loss,674,347,sliding_3yr,2009
Age-related and other hearing loss,674,347,sliding_3yr,2010
Age-related and other hearing loss,674,306,sliding_3yr,2013
Age-related and other hearing loss,674,306,sliding_3yr,2014
Age-related and other hearing loss,674,306,sliding_3yr,2015
Age-related and other hearing loss,674,5162,sliding_3yr,2016
Age-related and other hearing loss,674,5526,sliding_3yr,2017
Age-related and other hearing loss,674,5526,sliding_3yr,2018
Age-related and other hearing loss,674,471787,sliding_3yr,2019
Age-related and other hearing loss,674,471423,sliding_3yr,2020
Age-related and other hearing loss,674,2238297,sliding_3yr,2021
Age-related and other hearing loss,674,3333556,sliding_3yr,2022
Age-related and other hearing loss,674,3707808,sliding_3yr,2023
Age-related and other hearing loss,674,1981604,sliding_3yr,2024
Age-related and other hearing loss,674,1990,year,2008
Age-related and other hearing loss,674,347,year,2010
Age-related and other hearing loss,674,306,year,2015
Age-related and other hearing loss,674,5162,year,2018
Age-related and other hearing loss,674,364,year,2019
Age-related and other hearing loss,674,471423,year,2021
Age-related and other hearing loss,674,1766874,year,2023
Age-related and other hearing loss,674,1566682,year,2024
Age-related and other hearing loss,674,374252,year,2025
Age-related and other hearing loss,674,40670,year,2026
Age-related macular degeneration,672,1685650,all,
Age-related macular degeneration,672,192,sliding_3yr,2005
Age-related macular degeneration,672,96,sliding_3yr,2006
Age-related macular degeneration,672,21109,sliding_3yr,2008
Age-related macular degeneration,672,30879,sliding_3yr,2009
Age-related macular degeneration,672,56246,sliding_3yr,2010
Age-related macular degeneration,672,59767,sliding_3yr,2011
Age-related macular degeneration,672,49997,sliding_3yr,2012
Age-related macular degeneration,672,83065,sliding_3yr,2013
Age-related macular degeneration,672,58435,sliding_3yr,2014
Age-related macular degeneration,672,138761,sliding_3yr,2015
Age-related macular degeneration,672,85024,sliding_3yr,2016
Age-related macular degeneration,672,85024,sliding_3yr,2017
Age-related macular degeneration,672,108997,sliding_3yr,2018
Age-related macular degeneration,672,941695,sliding_3yr,2019
Age-related macular degeneration,672,1166342,sliding_3yr,2020
Age-related macular degeneration,672,1128423,sliding_3yr,2021
Age-related macular degeneration,672,482681,sliding_3yr,2022
Age-related macular degeneration,672,282640,sliding_3yr,2023
Age-related macular degeneration,672,228401,sliding_3yr,2024
Age-related macular degeneration,672,96,year,2005
Age-related macular degeneration,672,96,year,2006
Age-related macular degeneration,672,21109,year,2010
Age-related macular degeneration,672,9770,year,2011
Age-related macular degeneration,672,25367,year,2012
Age-related macular degeneration,672,24630,year,2013
Age-related macular degeneration,672,58435,year,2015
Age-related macular degeneration,672,80326,year,2017
Age-related macular degeneration,672,4698,year,2018
Age-related macular degeneration,672,104299,year,2020
Age-related macular degeneration,672,837396,year,2021
Age-related macular degeneration,672,224647,year,2022
Age-related macular degeneration,672,66380,year,2023
Age-related macular degeneration,672,191654,year,2024
Age-related macular degeneration,672,24606,year,2025
Age-related macular degeneration,672,12141,year,2026
Alcohol use disorders,560,969113,all,
Alcohol use disorders,560,1500,sliding_3yr,2007
Alcohol use disorders,560,5338,sliding_3yr,2008
Alcohol use disorders,560,37656,sliding_3yr,2009
Alcohol use disorders,560,36156,sliding_3yr,2010
Alcohol use disorders,560,60233,sliding_3yr,2011
Alcohol use disorders,560,35592,sliding_3yr,2012
Alcohol use disorders,560,36966,sliding_3yr,2013
Alcohol use disorders,560,12028,sliding_3yr,2014
Alcohol use disorders,560,19322,sliding_3yr,2015
Alcohol use disorders,560,57765,sliding_3yr,2016
Alcohol use disorders,560,123783,sliding_3yr,2017
Alcohol use disorders,560,109551,sliding_3yr,2018
Alcohol use disorders,560,327865,sliding_3yr,2019
Alcohol use disorders,560,259608,sliding_3yr,2020
Alcohol use disorders,560,258869,sliding_3yr,2021
Alcohol use disorders,560,456098,sliding_3yr,2022
Alcohol use disorders,560,492102,sliding_3yr,2023
Alcohol use disorders,560,508123,sliding_3yr,2024
Alcohol use disorders,560,1500,year,2009
Alcohol use disorders,560,3838,year,2010
Alcohol use disorders,560,32318,year,2011
Alcohol use disorders,560,27915,year,2013
Alcohol use disorders,560,7677,year,2014
Alcohol use disorders,560,1374,year,2015
Alcohol use disorders,560,2977,year,2016
Alcohol use disorders,560,14971,year,2017
Alcohol use disorders,560,39817,year,2018
Alcohol use disorders,560,68995,year,2019
Alcohol use disorders,560,739,year,2020
Alcohol use disorders,560,258131,year,2021
Alcohol use disorders,560,738,year,2022
Alcohol use disorders,560,455360,year,2024
Alcohol use disorders,560,36742,year,2025
Alcohol use disorders,560,16021,year,2026
Alcoholic cardiomyopathy,938,193862,all,
Alcoholic cardiomyopathy,938,332,sliding_3yr,2014
Alcoholic cardiomyopathy,938,332,sliding_3yr,2015
Alcoholic cardiomyopathy,938,2845,sliding_3yr,2016
Alcoholic cardiomyopathy,938,2513,sliding_3yr,2017
Alcoholic cardiomyopathy,938,5337,sliding_3yr,2018
Alcoholic cardiomyopathy,938,12581,sliding_3yr,2019
Alcoholic cardiomyopathy,938,21401,sliding_3yr,2020
Alcoholic cardiomyopathy,938,18786,sliding_3yr,2021
Alcoholic cardiomyopathy,938,146797,sliding_3yr,2022
Alcoholic cardiomyopathy,938,142391,sliding_3yr,2023
Alcoholic cardiomyopathy,938,169407,sliding_3yr,2024
Alcoholic cardiomyopathy,938,332,year,2016
Alcoholic cardiomyopathy,938,2513,year,2018
Alcoholic cardiomyopathy,938,2824,year,2020
Alcoholic cardiomyopathy,938,9757,year,2021
Alcoholic cardiomyopathy,938,8820,year,2022
Alcoholic cardiomyopathy,938,209,year,2023
Alcoholic cardiomyopathy,938,137768,year,2024
Alcoholic cardiomyopathy,938,4414,year,2025
Alcoholic cardiomyopathy,938,27225,year,2026
Alopecia areata,662,198504,all,
Alopecia areata,662,1054,sliding_3yr,2008
Alopecia areata,662,2774,sliding_3yr,2009
Alopecia areata,662,2774,sliding_3yr,2010
Alopecia areata,662,1720,sliding_3yr,2011
Alopecia areata,662,4879,sliding_3yr,2013
Alopecia areata,662,4879,sliding_3yr,2014
Alopecia areata,662,57753,sliding_3yr,2015
Alopecia areata,662,53245,sliding_3yr,2016
Alopecia areata,662,53245,sliding_3yr,2017
Alopecia areata,662,371,sliding_3yr,2018
Alopecia areata,662,1668,sliding_3yr,2019
Alopecia areata,662,1668,sliding_3yr,2020
Alopecia areata,662,75373,sliding_3yr,2021
Alopecia areata,662,87397,sliding_3yr,2022
Alopecia areata,662,95550,sliding_3yr,2023
Alopecia areata,662,62233,sliding_3yr,2024
Alopecia areata,662,1054,year,2010
Alopecia areata,662,1720,year,2011
Alopecia areata,662,4879,year,2015
Alopecia areata,662,52874,year,2017
Alopecia areata,662,371,year,2018
Alopecia areata,662,1668,year,2021
Alopecia areata,662,73705,year,2023
Alopecia areata,662,13692,year,2024
Alopecia areata,662,8153,year,2025
Alopecia areata,662,40388,year,2026
Alzheimer's disease and other dementias,543,8388344,all,
Alzheimer's disease and other dementias,543,3360,sliding_3yr,2005
Alzheimer's disease and other dementias,543,8760,sliding_3yr,2006
Alzheimer's disease and other dementias,543,24677,sliding_3yr,2007
Alzheimer's disease and other dementias,543,40995,sliding_3yr,2008
Alzheimer's disease and other dementias,543,93332,sliding_3yr,2009
Alzheimer's disease and other dementias,543,97965,sliding_3yr,2010
Alzheimer's disease and other dementias,543,122004,sliding_3yr,2011
Alzheimer's disease and other dementias,543,103263,sliding_3yr,2012
Alzheimer's disease and other dementias,543,127532,sliding_3yr,2013
Alzheimer's disease and other dementias,543,106592,sliding_3yr,2014
Alzheimer's disease and other dementias,543,197968,sliding_3yr,2015
Alzheimer's disease and other dementias,543,283555,sliding_3yr,2016
Alzheimer's disease and other dementias,543,602613,sliding_3yr,2017
Alzheimer's disease and other dementias,543,587633,sliding_3yr,2018
Alzheimer's disease and other dementias,543,2206437,sliding_3yr,2019
Alzheimer's disease and other dementias,543,2497374,sliding_3yr,2020
Alzheimer's disease and other dementias,543,2569869,sliding_3yr,2021
Alzheimer's disease and other dementias,543,3719565,sliding_3yr,2022
Alzheimer's disease and other dementias,543,4961762,sliding_3yr,2023
Alzheimer's disease and other dementias,543,4827519,sliding_3yr,2024
Alzheimer's disease and other dementias,543,3360,year,2007
Alzheimer's disease and other dementias,543,5400,year,2008
Alzheimer's disease and other dementias,543,15917,year,2009
Alzheimer's disease and other dementias,543,19678,year,2010
Alzheimer's disease and other dementias,543,57737,year,2011
Alzheimer's disease and other dementias,543,20550,year,2012
Alzheimer's disease and other dementias,543,43717,year,2013
Alzheimer's disease and other dementias,543,38996,year,2014
Alzheimer's disease and other dementias,543,44819,year,2015
Alzheimer's disease and other dementias,543,22777,year,2016
Alzheimer's disease and other dementias,543,130372,year,2017
Alzheimer's disease and other dementias,543,130406,year,2018
Alzheimer's disease and other dementias,543,341835,year,2019
Alzheimer's disease and other dementias,543,115392,year,2020
Alzheimer's disease and other dementias,543,1749210,year,2021
Alzheimer's disease and other dementias,543,632772,year,2022
Alzheimer's disease and other dementias,543,187887,year,2023
Alzheimer's disease and other dementias,543,2898906,year,2024
Alzheimer's disease and other dementias,543,1874969,year,2025
Alzheimer's disease and other dementias,543,53644,year,2026
Amphetamine use disorders,564,5490,all,
Amphetamine use disorders,564,240,sliding_3yr,2006
Amphetamine use disorders,564,240,sliding_3yr,2007
Amphetamine use disorders,564,240,sliding_3yr,2008
Amphetamine use disorders,564,5250,sliding_3yr,2017
Amphetamine use disorders,564,5250,sliding_3yr,2018
Amphetamine use disorders,564,5250,sliding_3yr,2019
Amphetamine use disorders,564,240,year,2008
Amphetamine use disorders,564,5250,year,2019
Anorexia nervosa,573,12722206,all,
Anorexia nervosa,573,1033,sliding_3yr,2008
Anorexia nervosa,573,1033,sliding_3yr,2009
Anorexia nervosa,573,1033,sliding_3yr,2010
Anorexia nervosa,573,6042,sliding_3yr,2012
Anorexia nervosa,573,6042,sliding_3yr,2013
Anorexia nervosa,573,6042,sliding_3yr,2014
Anorexia nervosa,573,7644,sliding_3yr,2015
Anorexia nervosa,573,13827,sliding_3yr,2016
Anorexia nervosa,573,314182,sliding_3yr,2017
Anorexia nervosa,573,762381,sliding_3yr,2018
Anorexia nervosa,573,1066616,sliding_3yr,2019
Anorexia nervosa,573,9066173,sliding_3yr,2020
Anorexia nervosa,573,11930114,sliding_3yr,2021
Anorexia nervosa,573,11634688,sliding_3yr,2022
Anorexia nervosa,573,3334776,sliding_3yr,2023
Anorexia nervosa,573,14992,sliding_3yr,2024
Anorexia nervosa,573,1033,year,2010
Anorexia nervosa,573,6042,year,2014
Anorexia nervosa,573,7644,year,2017
Anorexia nervosa,573,6183,year,2018
Anorexia nervosa,573,300355,year,2019
Anorexia nervosa,573,455843,year,2020
Anorexia nervosa,573,310418,year,2021
Anorexia nervosa,573,8299912,year,2022
Anorexia nervosa,573,3319784,year,2023
Anorexia nervosa,573,14992,year,2024
Anxiety disorders,571,5766693,all,
Anxiety disorders,571,200,sliding_3yr,2007
Anxiety disorders,571,200,sliding_3yr,2008
Anxiety disorders,571,200,sliding_3yr,2009
Anxiety disorders,571,1047,sliding_3yr,2010
Anxiety disorders,571,10821,sliding_3yr,2011
Anxiety disorders,571,11902,sliding_3yr,2012
Anxiety disorders,571,10855,sliding_3yr,2013
Anxiety disorders,571,8097,sliding_3yr,2014
Anxiety disorders,571,7016,sliding_3yr,2015
Anxiety disorders,571,28055,sliding_3yr,2016
Anxiety disorders,571,194938,sliding_3yr,2017
Anxiety disorders,571,1167668,sliding_3yr,2018
Anxiety disorders,571,2185449,sliding_3yr,2019
Anxiety disorders,571,2096220,sliding_3yr,2020
Anxiety disorders,571,1768741,sliding_3yr,2021
Anxiety disorders,571,3001223,sliding_3yr,2022
Anxiety disorders,571,3427315,sliding_3yr,2023
Anxiety disorders,571,2811166,sliding_3yr,2024
Anxiety disorders,571,200,year,2009
Anxiety disorders,571,1047,year,2012
Anxiety disorders,571,9774,year,2013
Anxiety disorders,571,1081,year,2014
Anxiety disorders,571,7016,year,2016
Anxiety disorders,571,21039,year,2018
Anxiety disorders,571,173899,year,2019
Anxiety disorders,571,972730,year,2020
Anxiety disorders,571,1038820,year,2021
Anxiety disorders,571,84670,year,2022
Anxiety disorders,571,645251,year,2023
Anxiety disorders,571,2271302,year,2024
Anxiety disorders,571,510762,year,2025
Anxiety disorders,571,29102,year,2026
Aortic aneurysm,501,308755,all,
Aortic aneurysm,501,950,sliding_3yr,2007
Aortic aneurysm,501,5509,sliding_3yr,2008
Aortic aneurysm,501,13050,sliding_3yr,2009
Aortic aneurysm,501,12100,sliding_3yr,2010
Aortic aneurysm,501,12679,sliding_3yr,2011
Aortic aneurysm,501,5138,sliding_3yr,2012
Aortic aneurysm,501,5138,sliding_3yr,2013
Aortic aneurysm,501,16392,sliding_3yr,2014
Aortic aneurysm,501,16392,sliding_3yr,2015
Aortic aneurysm,501,18720,sliding_3yr,2016
Aortic aneurysm,501,2328,sliding_3yr,2017
Aortic aneurysm,501,25419,sliding_3yr,2018
Aortic aneurysm,501,58254,sliding_3yr,2019
Aortic aneurysm,501,85455,sliding_3yr,2020
Aortic aneurysm,501,101585,sliding_3yr,2021
Aortic aneurysm,501,157654,sliding_3yr,2022
Aortic aneurysm,501,141695,sliding_3yr,2023
Aortic aneurysm,501,147171,sliding_3yr,2024
Aortic aneurysm,501,950,year,2009
Aortic aneurysm,501,4559,year,2010
Aortic aneurysm,501,7541,year,2011
Aortic aneurysm,501,5138,year,2013
Aortic aneurysm,501,16392,year,2016
Aortic aneurysm,501,2328,year,2018
Aortic aneurysm,501,23091,year,2020
Aortic aneurysm,501,35163,year,2021
Aortic aneurysm,501,27201,year,2022
Aortic aneurysm,501,39221,year,2023
Aortic aneurysm,501,91232,year,2024
Aortic aneurysm,501,11242,year,2025
Aortic aneurysm,501,44697,year,2026
Appendicitis,529,236344,all,
Appendicitis,529,8566,sliding_3yr,2015
Appendicitis,529,17800,sliding_3yr,2016
Appendicitis,529,17800,sliding_3yr,2017
Appendicitis,529,9234,sliding_3yr,2018
Appendicitis,529,38972,sliding_3yr,2019
Appendicitis,529,127642,sliding_3yr,2020
Appendicitis,529,133210,sliding_3yr,2021
Appendicitis,529,124428,sliding_3yr,2022
Appendicitis,529,66028,sliding_3yr,2023
Appendicitis,529,85334,sliding_3yr,2024
Appendicitis,529,8566,year,2017
Appendicitis,529,9234,year,2018
Appendicitis,529,38972,year,2021
Appendicitis,529,88670,year,2022
Appendicitis,529,5568,year,2023
Appendicitis,529,30190,year,2024
Appendicitis,529,30270,year,2025
Appendicitis,529,24874,year,2026
Asbestosis,512,0,all,
Ascariasis,361,0,all,
Asthma,515,11157417,all,
Asthma,515,1194,sliding_3yr,2005
Asthma,515,1194,sliding_3yr,2006
Asthma,515,16427,sliding_3yr,2007
Asthma,515,29226,sliding_3yr,2008
Asthma,515,81038,sliding_3yr,2009
Asthma,515,82346,sliding_3yr,2010
Asthma,515,84794,sliding_3yr,2011
Asthma,515,47546,sliding_3yr,2012
Asthma,515,34687,sliding_3yr,2013
Asthma,515,67484,sliding_3yr,2014
Asthma,515,111322,sliding_3yr,2015
Asthma,515,744716,sliding_3yr,2016
Asthma,515,2205990,sliding_3yr,2017
Asthma,515,2448577,sliding_3yr,2018
Asthma,515,4018478,sliding_3yr,2019
Asthma,515,3856640,sliding_3yr,2020
Asthma,515,3698238,sliding_3yr,2021
Asthma,515,2127086,sliding_3yr,2022
Asthma,515,4214363,sliding_3yr,2023
Asthma,515,4769502,sliding_3yr,2024
Asthma,515,1194,year,2007
Asthma,515,15233,year,2009
Asthma,515,13993,year,2010
Asthma,515,51812,year,2011
Asthma,515,16541,year,2012
Asthma,515,16441,year,2013
Asthma,515,14564,year,2014
Asthma,515,3682,year,2015
Asthma,515,49238,year,2016
Asthma,515,58402,year,2017
Asthma,515,637076,year,2018
Asthma,515,1510512,year,2019
Asthma,515,300989,year,2020
Asthma,515,2206977,year,2021
Asthma,515,1348674,year,2022
Asthma,515,142587,year,2023
Asthma,515,635825,year,2024
Asthma,515,3435951,year,2025
Asthma,515,697726,year,2026
Atopic dermatitis,977,3513224,all,
Atopic dermatitis,977,3576,sliding_3yr,2007
Atopic dermatitis,977,3576,sliding_3yr,2008
Atopic dermatitis,977,21043,sliding_3yr,2009
Atopic dermatitis,977,20795,sliding_3yr,2010
Atopic dermatitis,977,29020,sliding_3yr,2011
Atopic dermatitis,977,11553,sliding_3yr,2012
Atopic dermatitis,977,68689,sliding_3yr,2013
Atopic dermatitis,977,60464,sliding_3yr,2014
Atopic dermatitis,977,60464,sliding_3yr,2015
Atopic dermatitis,977,920199,sliding_3yr,2016
Atopic dermatitis,977,1223224,sliding_3yr,2017
Atopic dermatitis,977,1227994,sliding_3yr,2018
Atopic dermatitis,977,704279,sliding_3yr,2019
Atopic dermatitis,977,444568,sliding_3yr,2020
Atopic dermatitis,977,1430585,sliding_3yr,2021
Atopic dermatitis,977,1077456,sliding_3yr,2022
Atopic dermatitis,977,1735426,sliding_3yr,2023
Atopic dermatitis,977,761585,sliding_3yr,2024
Atopic dermatitis,977,3576,year,2009
Atopic dermatitis,977,17467,year,2011
Atopic dermatitis,977,3328,year,2012
Atopic dermatitis,977,8225,year,2013
Atopic dermatitis,977,60464,year,2015
Atopic dermatitis,977,920199,year,2018
Atopic dermatitis,977,303025,year,2019
Atopic dermatitis,977,4770,year,2020
Atopic dermatitis,977,396484,year,2021
Atopic dermatitis,977,43314,year,2022
Atopic dermatitis,977,990787,year,2023
Atopic dermatitis,977,43355,year,2024
Atopic dermatitis,977,701284,year,2025
Atopic dermatitis,977,16946,year,2026
Atrial fibrillation and flutter,500,4723230,all,
Atrial fibrillation and flutter,500,4064,sliding_3yr,2005
Atrial fibrillation and flutter,500,4064,sliding_3yr,2006
Atrial fibrillation and flutter,500,14720,sliding_3yr,2007
Atrial fibrillation and flutter,500,13155,sliding_3yr,2008
Atrial fibrillation and flutter,500,13155,sliding_3yr,2009
Atrial fibrillation and flutter,500,24617,sliding_3yr,2010
Atrial fibrillation and flutter,500,22118,sliding_3yr,2011
Atrial fibrillation and flutter,500,22118,sliding_3yr,2012
Atrial fibrillation and flutter,500,840,sliding_3yr,2013
Atrial fibrillation and flutter,500,70204,sliding_3yr,2014
Atrial fibrillation and flutter,500,196895,sliding_3yr,2015
Atrial fibrillation and flutter,500,379300,sliding_3yr,2016
Atrial fibrillation and flutter,500,309936,sliding_3yr,2017
Atrial fibrillation and flutter,500,186383,sliding_3yr,2018
Atrial fibrillation and flutter,500,947584,sliding_3yr,2019
Atrial fibrillation and flutter,500,1978420,sliding_3yr,2020
Atrial fibrillation and flutter,500,2243881,sliding_3yr,2021
Atrial fibrillation and flutter,500,1881418,sliding_3yr,2022
Atrial fibrillation and flutter,500,2159791,sliding_3yr,2023
Atrial fibrillation and flutter,500,2056734,sliding_3yr,2024
Atrial fibrillation and flutter,500,4064,year,2007
Atrial fibrillation and flutter,500,10656,year,2009
Atrial fibrillation and flutter,500,2499,year,2010
Atrial fibrillation and flutter,500,22118,year,2012
Atrial fibrillation and flutter,500,840,year,2015
Atrial fibrillation and flutter,500,69364,year,2016
Atrial fibrillation and flutter,500,126691,year,2017
Atrial fibrillation and flutter,500,183245,year,2018
Atrial fibrillation and flutter,500,3138,year,2020
Atrial fibrillation and flutter,500,944446,year,2021
Atrial fibrillation and flutter,500,1030836,year,2022
Atrial fibrillation and flutter,500,268599,year,2023
Atrial fibrillation and flutter,500,581983,year,2024
Atrial fibrillation and flutter,500,1309209,year,2025
Atrial fibrillation and flutter,500,165542,year,2026
Attention-deficit/hyperactivity disorder,578,17082470,all,
Attention-deficit/hyperactivity disorder,578,5146,sliding_3yr,2006
Attention-deficit/hyperactivity disorder,578,5146,sliding_3yr,2007
Attention-deficit/hyperactivity disorder,578,7673,sliding_3yr,2008
Attention-deficit/hyperactivity disorder,578,7004,sliding_3yr,2009
Attention-deficit/hyperactivity disorder,578,13708,sliding_3yr,2010
Attention-deficit/hyperactivity disorder,578,51571,sliding_3yr,2011
Attention-deficit/hyperactivity disorder,578,49805,sliding_3yr,2012
Attention-deficit/hyperactivity disorder,578,43579,sliding_3yr,2013
Attention-deficit/hyperactivity disorder,578,27224,sliding_3yr,2014
Attention-deficit/hyperactivity disorder,578,70447,sliding_3yr,2015
Attention-deficit/hyperactivity disorder,578,135173,sliding_3yr,2016
Attention-deficit/hyperactivity disorder,578,741406,sliding_3yr,2017
Attention-deficit/hyperactivity disorder,578,846565,sliding_3yr,2018
Attention-deficit/hyperactivity disorder,578,4167732,sliding_3yr,2019
Attention-deficit/hyperactivity disorder,578,12068572,sliding_3yr,2020
Attention-deficit/hyperactivity disorder,578,15642750,sliding_3yr,2021
Attention-deficit/hyperactivity disorder,578,12343653,sliding_3yr,2022
Attention-deficit/hyperactivity disorder,578,4186024,sliding_3yr,2023
Attention-deficit/hyperactivity disorder,578,460753,sliding_3yr,2024
Attention-deficit/hyperactivity disorder,578,5146,year,2008
Attention-deficit/hyperactivity disorder,578,2527,year,2010
Attention-deficit/hyperactivity disorder,578,4477,year,2011
Attention-deficit/hyperactivity disorder,578,6704,year,2012
Attention-deficit/hyperactivity disorder,578,40390,year,2013
Attention-deficit/hyperactivity disorder,578,2711,year,2014
Attention-deficit/hyperactivity disorder,578,478,year,2015
Attention-deficit/hyperactivity disorder,578,24035,year,2016
Attention-deficit/hyperactivity disorder,578,45934,year,2017
Attention-deficit/hyperactivity disorder,578,65204,year,2018
Attention-deficit/hyperactivity disorder,578,630268,year,2019
Attention-deficit/hyperactivity disorder,578,151093,year,2020
Attention-deficit/hyperactivity disorder,578,3386371,year,2021
Attention-deficit/hyperactivity disorder,578,8531108,year,2022
Attention-deficit/hyperactivity disorder,578,3725271,year,2023
Attention-deficit/hyperactivity disorder,578,87274,year,2024
Attention-deficit/hyperactivity disorder,578,373479,year,2025
Autism spectrum disorders,575,7557231,all,
Autism spectrum disorders,575,8718,sliding_3yr,2007
Autism spectrum disorders,575,12037,sliding_3yr,2008
Autism spectrum disorders,575,12079,sliding_3yr,2009
Autism spectrum disorders,575,9490,sliding_3yr,2010
Autism spectrum disorders,575,41213,sliding_3yr,2011
Autism spectrum disorders,575,48310,sliding_3yr,2012
Autism spectrum disorders,575,43851,sliding_3yr,2013
Autism spectrum disorders,575,8809,sliding_3yr,2014
Autism spectrum disorders,575,35492,sliding_3yr,2015
Autism spectrum disorders,575,67285,sliding_3yr,2016
Autism spectrum disorders,575,640256,sliding_3yr,2017
Autism spectrum disorders,575,767389,sliding_3yr,2018
Autism spectrum disorders,575,1319658,sliding_3yr,2019
Autism spectrum disorders,575,6466893,sliding_3yr,2020
Autism spectrum disorders,575,6590535,sliding_3yr,2021
Autism spectrum disorders,575,6101816,sliding_3yr,2022
Autism spectrum disorders,575,388023,sliding_3yr,2023
Autism spectrum disorders,575,103426,sliding_3yr,2024
Autism spectrum disorders,575,8718,year,2009
Autism spectrum disorders,575,3319,year,2010
Autism spectrum disorders,575,42,year,2011
Autism spectrum disorders,575,6129,year,2012
Autism spectrum disorders,575,35042,year,2013
Autism spectrum disorders,575,7139,year,2014
Autism spectrum disorders,575,1670,year,2015
Autism spectrum disorders,575,33822,year,2017
Autism spectrum disorders,575,33463,year,2018
Autism spectrum disorders,575,572971,year,2019
Autism spectrum disorders,575,160955,year,2020
Autism spectrum disorders,575,585732,year,2021
Autism spectrum disorders,575,5720206,year,2022
Autism spectrum disorders,575,284597,year,2023
Autism spectrum disorders,575,97013,year,2024
Autism spectrum disorders,575,6413,year,2025
Bacterial skin diseases,980,25912,sliding_3yr,2016
Bacterial skin diseases,980,25912,sliding_3yr,2017
Bacterial skin diseases,980,25912,sliding_3yr,2018
Bacterial skin diseases,980,875124,sliding_3yr,2019
Bacterial skin diseases,980,875124,sliding_3yr,2020
Bacterial skin diseases,980,887320,sliding_3yr,2021
Bacterial skin diseases,980,365184,sliding_3yr,2022
Bacterial skin diseases,980,452288,sliding_3yr,2023
Bacterial skin diseases,980,454670,sliding_3yr,2024
Bacterial skin diseases,980,25912,year,2018
Bacterial skin diseases,980,875124,year,2021
Bacterial skin diseases,980,12196,year,2023
Bacterial skin diseases,980,352988,year,2024
Bacterial skin diseases,980,87104,year,2025
Bacterial skin diseases,980,14578,year,2026
Benign and in situ cervical and uterine neoplasms,966,57129,all,
Benign and in situ cervical and uterine neoplasms,966,10966,sliding_3yr,2016
Benign and in situ cervical and uterine neoplasms,966,10966,sliding_3yr,2017
Benign and in situ cervical and uterine neoplasms,966,10966,sliding_3yr,2018
Benign and in situ cervical and uterine neoplasms,966,29696,sliding_3yr,2019
Benign and in situ cervical and uterine neoplasms,966,29696,sliding_3yr,2020
Benign and in situ cervical and uterine neoplasms,966,29696,sliding_3yr,2021
Benign and in situ cervical and uterine neoplasms,966,11872,sliding_3yr,2022
Benign and in situ cervical and uterine neoplasms,966,16467,sliding_3yr,2023
Benign and in situ cervical and uterine neoplasms,966,16467,sliding_3yr,2024
Benign and in situ cervical and uterine neoplasms,966,10966,year,2018
Benign and in situ cervical and uterine neoplasms,966,29696,year,2021
Benign and in situ cervical and uterine neoplasms,966,11872,year,2024
Benign and in situ cervical and uterine neoplasms,966,4595,year,2025
Benign and in situ intestinal neoplasms,965,602591,all,
Benign and in situ intestinal neoplasms,965,25484,sliding_3yr,2016
Benign and in situ intestinal neoplasms,965,25484,sliding_3yr,2017
Benign and in situ intestinal neoplasms,965,25484,sliding_3yr,2018
Benign and in situ intestinal neoplasms,965,190728,sliding_3yr,2019
Benign and in situ intestinal neoplasms,965,190728,sliding_3yr,2020
Benign and in situ intestinal neoplasms,965,190913,sliding_3yr,2021
Benign and in situ intestinal neoplasms,965,350189,sliding_3yr,2022
Benign and in situ intestinal neoplasms,965,359769,sliding_3yr,2023
Benign and in situ intestinal neoplasms,965,386194,sliding_3yr,2024
Benign and in situ intestinal neoplasms,965,25484,year,2018
Benign and in situ intestinal neoplasms,965,190728,year,2021
Benign and in situ intestinal neoplasms,965,185,year,2023
Benign and in situ intestinal neoplasms,965,350004,year,2024
Benign and in situ intestinal neoplasms,965,9580,year,2025
Benign and in situ intestinal neoplasms,965,26610,year,2026
Benign prostatic hyperplasia,597,759587,all,
Benign prostatic hyperplasia,597,2402,sliding_3yr,2015
Benign prostatic hyperplasia,597,41161,sliding_3yr,2016
Benign prostatic hyperplasia,597,43817,sliding_3yr,2017
Benign prostatic hyperplasia,597,48466,sliding_3yr,2018
Benign prostatic hyperplasia,597,78916,sliding_3yr,2019
Benign prostatic hyperplasia,597,76260,sliding_3yr,2020
Benign prostatic hyperplasia,597,70112,sliding_3yr,2021
Benign prostatic hyperplasia,597,610679,sliding_3yr,2022
Benign prostatic hyperplasia,597,626557,sliding_3yr,2023
Benign prostatic hyperplasia,597,638607,sliding_3yr,2024
Benign prostatic hyperplasia,597,2402,year,2017
Benign prostatic hyperplasia,597,38759,year,2018
Benign prostatic hyperplasia,597,2656,year,2019
Benign prostatic hyperplasia,597,7051,year,2020
Benign prostatic hyperplasia,597,69209,year,2021
Benign prostatic hyperplasia,597,903,year,2023
Benign prostatic hyperplasia,597,609776,year,2024
Benign prostatic hyperplasia,597,15878,year,2025
Benign prostatic hyperplasia,597,12953,year,2026
Bipolar disorder,570,9396436,all,
Bipolar disorder,570,3101,sliding_3yr,2005
Bipolar disorder,570,9314,sliding_3yr,2006
Bipolar disorder,570,16108,sliding_3yr,2007
Bipolar disorder,570,28870,sliding_3yr,2008
Bipolar disorder,570,71305,sliding_3yr,2009
Bipolar disorder,570,74925,sliding_3yr,2010
Bipolar disorder,570,118352,sliding_3yr,2011
Bipolar disorder,570,86005,sliding_3yr,2012
Bipolar disorder,570,82645,sliding_3yr,2013
Bipolar disorder,570,57916,sliding_3yr,2014
Bipolar disorder,570,140267,sliding_3yr,2015
Bipolar disorder,570,169387,sliding_3yr,2016
Bipolar disorder,570,1147941,sliding_3yr,2017
Bipolar disorder,570,1876150,sliding_3yr,2018
Bipolar disorder,570,4643885,sliding_3yr,2019
Bipolar disorder,570,3758753,sliding_3yr,2020
Bipolar disorder,570,3262886,sliding_3yr,2021
Bipolar disorder,570,3986662,sliding_3yr,2022
Bipolar disorder,570,4257291,sliding_3yr,2023
Bipolar disorder,570,3950509,sliding_3yr,2024
Bipolar disorder,570,3101,year,2007
Bipolar disorder,570,6213,year,2008
Bipolar disorder,570,6794,year,2009
Bipolar disorder,570,15863,year,2010
Bipolar disorder,570,48648,year,2011
Bipolar disorder,570,10414,year,2012
Bipolar disorder,570,59290,year,2013
Bipolar disorder,570,16301,year,2014
Bipolar disorder,570,7054,year,2015
Bipolar disorder,570,34561,year,2016
Bipolar disorder,570,98652,year,2017
Bipolar disorder,570,36174,year,2018
Bipolar disorder,570,1013115,year,2019
Bipolar disorder,570,826861,year,2020
Bipolar disorder,570,2803909,year,2021
Bipolar disorder,570,127983,year,2022
Bipolar disorder,570,330994,year,2023
Bipolar disorder,570,3527685,year,2024
Bipolar disorder,570,398612,year,2025
Bipolar disorder,570,24212,year,2026
Bladder cancer,474,191817,all,
Bladder cancer,474,8738,sliding_3yr,2016
Bladder cancer,474,8738,sliding_3yr,2017
Bladder cancer,474,8738,sliding_3yr,2018
Bladder cancer,474,25159,sliding_3yr,2019
Bladder cancer,474,29059,sliding_3yr,2020
Bladder cancer,474,71757,sliding_3yr,2021
Bladder cancer,474,142152,sliding_3yr,2022
Bladder cancer,474,142034,sliding_3yr,2023
Bladder cancer,474,111322,sliding_3yr,2024
Bladder cancer,474,8738,year,2018
Bladder cancer,474,25159,year,2021
Bladder cancer,474,3900,year,2022
Bladder cancer,474,42698,year,2023
Bladder cancer,474,95554,year,2024
Bladder cancer,474,3782,year,2025
Bladder cancer,474,11986,year,2026
Blindness and vision loss,981,192,sliding_3yr,2005
Blindness and vision loss,981,96,sliding_3yr,2006
Blindness and vision loss,981,827,sliding_3yr,2007
Blindness and vision loss,981,58971,sliding_3yr,2008
Blindness and vision loss,981,74805,sliding_3yr,2009
Blindness and vision loss,981,112112,sliding_3yr,2010
Blindness and vision loss,981,151799,sliding_3yr,2011
Blindness and vision loss,981,152173,sliding_3yr,2012
Blindness and vision loss,981,185151,sliding_3yr,2013
Blindness and vision loss,981,159784,sliding_3yr,2014
Blindness and vision loss,981,223902,sliding_3yr,2015
Blindness and vision loss,981,510677,sliding_3yr,2016
Blindness and vision loss,981,1021962,sliding_3yr,2017
Blindness and vision loss,981,2160752,sliding_3yr,2018
Blindness and vision loss,981,7086833,sliding_3yr,2019
Blindness and vision loss,981,6976059,sliding_3yr,2020
Blindness and vision loss,981,6050471,sliding_3yr,2021
Blindness and vision loss,981,4092567,sliding_3yr,2022
Blindness and vision loss,981,4425240,sliding_3yr,2023
Blindness and vision loss,981,8596266,sliding_3yr,2024
Blindness and vision loss,981,96,year,2005
Blindness and vision loss,981,96,year,2006
Blindness and vision loss,981,827,year,2009
Blindness and vision loss,981,58144,year,2010
Blindness and vision loss,981,15834,year,2011
Blindness and vision loss,981,38134,year,2012
Blindness and vision loss,981,97831,year,2013
Blindness and vision loss,981,16208,year,2014
Blindness and vision loss,981,71112,year,2015
Blindness and vision loss,981,72464,year,2016
Blindness and vision loss,981,80326,year,2017
Blindness and vision loss,981,357887,year,2018
Blindness and vision loss,981,583749,year,2019
Blindness and vision loss,981,1219116,year,2020
Blindness and vision loss,981,5283968,year,2021
Blindness and vision loss,981,472975,year,2022
Blindness and vision loss,981,293528,year,2023
Blindness and vision loss,981,3326064,year,2024
Blindness and vision loss,981,805648,year,2025
Blindness and vision loss,981,4464554,year,2026
Brain and central nervous system cancer,477,66829,all,
Brain and central nervous system cancer,477,5291,sliding_3yr,2007
Brain and central nervous system cancer,477,5291,sliding_3yr,2008
Brain and central nervous system cancer,477,10219,sliding_3yr,2009
Brain and central nervous system cancer,477,4928,sliding_3yr,2010
Brain and central nervous system cancer,477,4928,sliding_3yr,2011
Brain and central nervous system cancer,477,1644,sliding_3yr,2012
Brain and central nervous system cancer,477,11135,sliding_3yr,2013
Brain and central nervous system cancer,477,11135,sliding_3yr,2014
Brain and central nervous system cancer,477,33970,sliding_3yr,2015
Brain and central nervous system cancer,477,26027,sliding_3yr,2016
Brain and central nervous system cancer,477,26027,sliding_3yr,2017
Brain and central nervous system cancer,477,3436,sliding_3yr,2018
Brain and central nervous system cancer,477,1888,sliding_3yr,2019
Brain and central nervous system cancer,477,1888,sliding_3yr,2020
Brain and central nervous system cancer,477,15684,sliding_3yr,2022
Brain and central nervous system cancer,477,17560,sliding_3yr,2023
Brain and central nervous system cancer,477,17560,sliding_3yr,2024
Brain and central nervous system cancer,477,5291,year,2009
Brain and central nervous system cancer,477,4928,year,2011
Brain and central nervous system cancer,477,1644,year,2014
Brain and central nervous system cancer,477,9491,year,2015
Brain and central nervous system cancer,477,24479,year,2017
Brain and central nervous system cancer,477,1548,year,2018
Brain and central nervous system cancer,477,1888,year,2020
Brain and central nervous system cancer,477,15684,year,2024
Brain and central nervous system cancer,477,1876,year,2025
Breast cancer,429,11638842,all,
Breast cancer,429,13235,sliding_3yr,2005
Breast cancer,429,14706,sliding_3yr,2006
Breast cancer,429,86025,sliding_3yr,2007
Breast cancer,429,132580,sliding_3yr,2008
Breast cancer,429,167638,sliding_3yr,2009
Breast cancer,429,153113,sliding_3yr,2010
Breast cancer,429,205620,sliding_3yr,2011
Breast cancer,429,220871,sliding_3yr,2012
Breast cancer,429,473499,sliding_3yr,2013
Breast cancer,429,779128,sliding_3yr,2014
Breast cancer,429,959620,sliding_3yr,2015
Breast cancer,429,693758,sliding_3yr,2016
Breast cancer,429,300997,sliding_3yr,2017
Breast cancer,429,560452,sliding_3yr,2018
Breast cancer,429,1840980,sliding_3yr,2019
Breast cancer,429,2518649,sliding_3yr,2020
Breast cancer,429,5064163,sliding_3yr,2021
Breast cancer,429,3942155,sliding_3yr,2022
Breast cancer,429,7659828,sliding_3yr,2023
Breast cancer,429,4651392,sliding_3yr,2024
Breast cancer,429,13235,year,2007
Breast cancer,429,1471,year,2008
Breast cancer,429,71319,year,2009
Breast cancer,429,59790,year,2010
Breast cancer,429,36529,year,2011
Breast cancer,429,56794,year,2012
Breast cancer,429,112297,year,2013
Breast cancer,429,51780,year,2014
Breast cancer,429,309422,year,2015
Breast cancer,429,417926,year,2016
Breast cancer,429,232272,year,2017
Breast cancer,429,43560,year,2018
Breast cancer,429,25165,year,2019
Breast cancer,429,491727,year,2020
Breast cancer,429,1324088,year,2021
Breast cancer,429,702834,year,2022
Breast cancer,429,3037241,year,2023
Breast cancer,429,202080,year,2024
Breast cancer,429,4420507,year,2025
Breast cancer,429,28805,year,2026
Bulimia nervosa,574,151,all,
Bulimia nervosa,574,151,sliding_3yr,2011
Bulimia nervosa,574,151,sliding_3yr,2012
Bulimia nervosa,574,151,sliding_3yr,2013
Bulimia nervosa,574,151,year,2013
Burkitt lymphoma,1006,800,all,
Burkitt lymphoma,1006,800,sliding_3yr,2023
Burkitt lymphoma,1006,800,sliding_3yr,2024
Burkitt lymphoma,1006,800,year,2025
COVID-19,1048,8810151,all,
COVID-19,1048,339246,sliding_3yr,2018
COVID-19,1048,586458,sliding_3yr,2019
COVID-19,1048,2370040,sliding_3yr,2020
COVID-19,1048,7804526,sliding_3yr,2021
COVID-19,1048,8223693,sliding_3yr,2022
COVID-19,1048,6440111,sliding_3yr,2023
COVID-19,1048,666379,sliding_3yr,2024
COVID-19,1048,339246,year,2020
COVID-19,1048,247212,year,2021
COVID-19,1048,1783582,year,2022
COVID-19,1048,5773732,year,2023
COVID-19,1048,666379,year,2024
Cannabis use disorders,565,412580,all,
Cannabis use disorders,565,708,sliding_3yr,2008
Cannabis use disorders,565,708,sliding_3yr,2009
Cannabis use disorders,565,708,sliding_3yr,2010
Cannabis use disorders,565,3757,sliding_3yr,2015
Cannabis use disorders,565,3757,sliding_3yr,2016
Cannabis use disorders,565,15821,sliding_3yr,2017
Cannabis use disorders,565,32980,sliding_3yr,2018
Cannabis use disorders,565,32980,sliding_3yr,2019
Cannabis use disorders,565,20916,sliding_3yr,2020
Cannabis use disorders,565,360327,sliding_3yr,2021
Cannabis use disorders,565,375135,sliding_3yr,2022
Cannabis use disorders,565,375135,sliding_3yr,2023
Cannabis use disorders,565,14808,sliding_3yr,2024
Cannabis use disorders,565,708,year,2010
Cannabis use disorders,565,3757,year,2017
Cannabis use disorders,565,12064,year,2019
Cannabis use disorders,565,20916,year,2020
Cannabis use disorders,565,360327,year,2023
Cannabis use disorders,565,14808,year,2024
Cardiomyopathy and myocarditis,499,332,sliding_3yr,2014
Cardiomyopathy and myocarditis,499,428,sliding_3yr,2015
Cardiomyopathy and myocarditis,499,8145,sliding_3yr,2016
Cardiomyopathy and myocarditis,499,7813,sliding_3yr,2017
Cardiomyopathy and myocarditis,499,10574,sliding_3yr,2018
Cardiomyopathy and myocarditis,499,13451,sliding_3yr,2019
Cardiomyopathy and myocarditis,499,22271,sliding_3yr,2020
Cardiomyopathy and myocarditis,499,19623,sliding_3yr,2021
Cardiomyopathy and myocarditis,499,146797,sliding_3yr,2022
Cardiomyopathy and myocarditis,499,142552,sliding_3yr,2023
Cardiomyopathy and myocarditis,499,169568,sliding_3yr,2024
Cardiomyopathy and myocarditis,499,332,year,2016
Cardiomyopathy and myocarditis,499,96,year,2017
Cardiomyopathy and myocarditis,499,7717,year,2018
Cardiomyopathy and myocarditis,499,2857,year,2020
Cardiomyopathy and myocarditis,499,10594,year,2021
Cardiomyopathy and myocarditis,499,8820,year,2022
Cardiomyopathy and myocarditis,499,209,year,2023
Cardiomyopathy and myocarditis,499,137768,year,2024
Cardiomyopathy and myocarditis,499,4575,year,2025
Cardiomyopathy and myocarditis,499,27225,year,2026
Caries of deciduous teeth,681,657650,all,
Caries of deciduous teeth,681,3000,sliding_3yr,2009
Caries of deciduous teeth,681,11363,sliding_3yr,2010
Caries of deciduous teeth,681,12359,sliding_3yr,2011
Caries of deciduous teeth,681,10338,sliding_3yr,2012
Caries of deciduous teeth,681,1975,sliding_3yr,2013
Caries of deciduous teeth,681,979,sliding_3yr,2014
Caries of deciduous teeth,681,344,sliding_3yr,2015
Caries of deciduous teeth,681,23722,sliding_3yr,2016
Caries of deciduous teeth,681,155171,sliding_3yr,2017
Caries of deciduous teeth,681,154827,sliding_3yr,2018
Caries of deciduous teeth,681,150521,sliding_3yr,2019
Caries of deciduous teeth,681,25625,sliding_3yr,2020
Caries of deciduous teeth,681,27856,sliding_3yr,2021
Caries of deciduous teeth,681,439670,sliding_3yr,2022
Caries of deciduous teeth,681,450428,sliding_3yr,2023
Caries of deciduous teeth,681,461285,sliding_3yr,2024
Caries of deciduous teeth,681,3000,year,2011
Caries of deciduous teeth,681,8363,year,2012
Caries of deciduous teeth,681,996,year,2013
Caries of deciduous teeth,681,979,year,2014
Caries of deciduous teeth,681,344,year,2017
Caries of deciduous teeth,681,23378,year,2018
Caries of deciduous teeth,681,131449,year,2019
Caries of deciduous teeth,681,19072,year,2021
Caries of deciduous teeth,681,6553,year,2022
Caries of deciduous teeth,681,2231,year,2023
Caries of deciduous teeth,681,430886,year,2024
Caries of deciduous teeth,681,17311,year,2025
Caries of deciduous teeth,681,13088,year,2026
Caries of permanent teeth,682,657721,all,
Caries of permanent teeth,682,3000,sliding_3yr,2009
Caries of permanent teeth,682,11363,sliding_3yr,2010
Caries of permanent teeth,682,13341,sliding_3yr,2011
Caries of permanent teeth,682,12326,sliding_3yr,2012
Caries of permanent teeth,682,3963,sliding_3yr,2013
Caries of permanent teeth,682,1985,sliding_3yr,2014
Caries of permanent teeth,682,344,sliding_3yr,2015
Caries of permanent teeth,682,23722,sliding_3yr,2016
Caries of permanent teeth,682,155171,sliding_3yr,2017
Caries of permanent teeth,682,154827,sliding_3yr,2018
Caries of permanent teeth,682,151899,sliding_3yr,2019
Caries of permanent teeth,682,24029,sliding_3yr,2020
Caries of permanent teeth,682,25939,sliding_3yr,2021
Caries of permanent teeth,682,436375,sliding_3yr,2022
Caries of permanent teeth,682,450107,sliding_3yr,2023
Caries of permanent teeth,682,461285,sliding_3yr,2024
Caries of permanent teeth,682,3000,year,2011
Caries of permanent teeth,682,8363,year,2012
Caries of permanent teeth,682,1978,year,2013
Caries of permanent teeth,682,1985,year,2014
Caries of permanent teeth,682,344,year,2017
Caries of permanent teeth,682,23378,year,2018
Caries of permanent teeth,682,131449,year,2019
Caries of permanent teeth,682,20450,year,2021
Caries of permanent teeth,682,3579,year,2022
Caries of permanent teeth,682,1910,year,2023
Caries of permanent teeth,682,430886,year,2024
Caries of permanent teeth,682,17311,year,2025
Caries of permanent teeth,682,13088,year,2026
Cataract,671,5156012,all,
Cataract,671,109,sliding_3yr,2010
Cataract,671,109,sliding_3yr,2011
Cataract,671,7299,sliding_3yr,2012
Cataract,671,7190,sliding_3yr,2013
Cataract,671,7190,sliding_3yr,2014
Cataract,671,28969,sliding_3yr,2016
Cataract,671,50648,sliding_3yr,2017
Cataract,671,139485,sliding_3yr,2018
Cataract,671,2254632,sliding_3yr,2019
Cataract,671,2258977,sliding_3yr,2020
Cataract,671,2226678,sliding_3yr,2021
Cataract,671,1789576,sliding_3yr,2022
Cataract,671,1958739,sliding_3yr,2023
Cataract,671,2782550,sliding_3yr,2024
Cataract,671,109,year,2012
Cataract,671,7190,year,2014
Cataract,671,28969,year,2018
Cataract,671,21679,year,2019
Cataract,671,88837,year,2020
Cataract,671,2144116,year,2021
Cataract,671,26024,year,2022
Cataract,671,56538,year,2023
Cataract,671,1707014,year,2024
Cataract,671,195187,year,2025
Cataract,671,880349,year,2026
Cellulitis,656,1365831,all,
Cellulitis,656,25912,sliding_3yr,2016
Cellulitis,656,25912,sliding_3yr,2017
Cellulitis,656,25912,sliding_3yr,2018
Cellulitis,656,875124,sliding_3yr,2019
Cellulitis,656,875124,sliding_3yr,2020
Cellulitis,656,887320,sliding_3yr,2021
Cellulitis,656,364886,sliding_3yr,2022
Cellulitis,656,450217,sliding_3yr,2023
Cellulitis,656,452599,sliding_3yr,2024
Cellulitis,656,25912,year,2018
Cellulitis,656,875124,year,2021
Cellulitis,656,12196,year,2023
Cellulitis,656,352690,year,2024
Cellulitis,656,85331,year,2025
Cellulitis,656,14578,year,2026
Cervical cancer,432,294515,all,
Cervical cancer,432,7705,sliding_3yr,2011
Cervical cancer,432,7931,sliding_3yr,2012
Cervical cancer,432,7931,sliding_3yr,2013
Cervical cancer,432,2810,sliding_3yr,2014
Cervical cancer,432,5450,sliding_3yr,2015
Cervical cancer,432,14832,sliding_3yr,2016
Cervical cancer,432,13324,sliding_3yr,2017
Cervical cancer,432,18164,sliding_3yr,2018
Cervical cancer,432,22854,sliding_3yr,2019
Cervical cancer,432,23177,sliding_3yr,2020
Cervical cancer,432,237417,sliding_3yr,2021
Cervical cancer,432,229549,sliding_3yr,2022
Cervical cancer,432,235267,sliding_3yr,2023
Cervical cancer,432,25553,sliding_3yr,2024
Cervical cancer,432,7705,year,2013
Cervical cancer,432,226,year,2014
Cervical cancer,432,2584,year,2016
Cervical cancer,432,2866,year,2017
Cervical cancer,432,9382,year,2018
Cervical cancer,432,1076,year,2019
Cervical cancer,432,7706,year,2020
Cervical cancer,432,14072,year,2021
Cervical cancer,432,1399,year,2022
Cervical cancer,432,221946,year,2023
Cervical cancer,432,6204,year,2024
Cervical cancer,432,7117,year,2025
Cervical cancer,432,12232,year,2026
Chagas disease,346,3571,all,
Chagas disease,346,207,sliding_3yr,2011
Chagas disease,346,207,sliding_3yr,2012
Chagas disease,346,207,sliding_3yr,2013
Chagas disease,346,981,sliding_3yr,2019
Chagas disease,346,3364,sliding_3yr,2020
Chagas disease,346,3364,sliding_3yr,2021
Chagas disease,346,2383,sliding_3yr,2022
Chagas disease,346,207,year,2013
Chagas disease,346,981,year,2021
Chagas disease,346,2383,year,2022
Chlamydial infection,395,1740,all,
Chlamydial infection,395,1740,sliding_3yr,2019
Chlamydial infection,395,1740,sliding_3yr,2020
Chlamydial infection,395,1740,sliding_3yr,2021
Chlamydial infection,395,1740,year,2021
Chronic hepatitis B including cirrhosis,522,101779,all,
Chronic hepatitis B including cirrhosis,522,2086,sliding_3yr,2007
Chronic hepatitis B including cirrhosis,522,2086,sliding_3yr,2008
Chronic hepatitis B including cirrhosis,522,6697,sliding_3yr,2009
Chronic hepatitis B including cirrhosis,522,26204,sliding_3yr,2010
Chronic hepatitis B including cirrhosis,522,32756,sliding_3yr,2011
Chronic hepatitis B including cirrhosis,522,29768,sliding_3yr,2012
Chronic hepatitis B including cirrhosis,522,17289,sliding_3yr,2013
Chronic hepatitis B including cirrhosis,522,16112,sliding_3yr,2014
Chronic hepatitis B including cirrhosis,522,14489,sliding_3yr,2015
Chronic hepatitis B including cirrhosis,522,9928,sliding_3yr,2016
Chronic hepatitis B including cirrhosis,522,4553,sliding_3yr,2017
Chronic hepatitis B including cirrhosis,522,9799,sliding_3yr,2018
Chronic hepatitis B including cirrhosis,522,11088,sliding_3yr,2019
Chronic hepatitis B including cirrhosis,522,11629,sliding_3yr,2020
Chronic hepatitis B including cirrhosis,522,6383,sliding_3yr,2021
Chronic hepatitis B including cirrhosis,522,17223,sliding_3yr,2022
Chronic hepatitis B including cirrhosis,522,34643,sliding_3yr,2023
Chronic hepatitis B including cirrhosis,522,34643,sliding_3yr,2024
Chronic hepatitis B including cirrhosis,522,2086,year,2009
Chronic hepatitis B including cirrhosis,522,4611,year,2011
Chronic hepatitis B including cirrhosis,522,21593,year,2012
Chronic hepatitis B including cirrhosis,522,6552,year,2013
Chronic hepatitis B including cirrhosis,522,1623,year,2014
Chronic hepatitis B including cirrhosis,522,9114,year,2015
Chronic hepatitis B including cirrhosis,522,5375,year,2016
Chronic hepatitis B including cirrhosis,522,4553,year,2018
Chronic hepatitis B including cirrhosis,522,5246,year,2020
Chronic hepatitis B including cirrhosis,522,5842,year,2021
Chronic hepatitis B including cirrhosis,522,541,year,2022
Chronic hepatitis B including cirrhosis,522,16682,year,2024
Chronic hepatitis B including cirrhosis,522,17961,year,2025
Chronic hepatitis C including cirrhosis,523,233998,all,
Chronic hepatitis C including cirrhosis,523,2299,sliding_3yr,2007
Chronic hepatitis C including cirrhosis,523,4947,sliding_3yr,2008
Chronic hepatitis C including cirrhosis,523,13045,sliding_3yr,2009
Chronic hepatitis C including cirrhosis,523,13088,sliding_3yr,2010
Chronic hepatitis C including cirrhosis,523,21422,sliding_3yr,2011
Chronic hepatitis C including cirrhosis,523,13324,sliding_3yr,2012
Chronic hepatitis C including cirrhosis,523,10982,sliding_3yr,2013
Chronic hepatitis C including cirrhosis,523,3170,sliding_3yr,2016
Chronic hepatitis C including cirrhosis,523,3170,sliding_3yr,2017
Chronic hepatitis C including cirrhosis,523,16077,sliding_3yr,2018
Chronic hepatitis C including cirrhosis,523,27800,sliding_3yr,2019
Chronic hepatitis C including cirrhosis,523,38373,sliding_3yr,2020
Chronic hepatitis C including cirrhosis,523,25466,sliding_3yr,2021
Chronic hepatitis C including cirrhosis,523,164195,sliding_3yr,2022
Chronic hepatitis C including cirrhosis,523,166086,sliding_3yr,2023
Chronic hepatitis C including cirrhosis,523,166086,sliding_3yr,2024
Chronic hepatitis C including cirrhosis,523,2299,year,2009
Chronic hepatitis C including cirrhosis,523,2648,year,2010
Chronic hepatitis C including cirrhosis,523,8098,year,2011
Chronic hepatitis C including cirrhosis,523,2342,year,2012
Chronic hepatitis C including cirrhosis,523,10982,year,2013
Chronic hepatitis C including cirrhosis,523,3170,year,2018
Chronic hepatitis C including cirrhosis,523,12907,year,2020
Chronic hepatitis C including cirrhosis,523,14893,year,2021
Chronic hepatitis C including cirrhosis,523,10573,year,2022
Chronic hepatitis C including cirrhosis,523,153622,year,2024
Chronic hepatitis C including cirrhosis,523,12464,year,2025
Chronic kidney disease,589,188,sliding_3yr,2005
Chronic kidney disease,589,188,sliding_3yr,2006
Chronic kidney disease,589,4436,sliding_3yr,2007
Chronic kidney disease,589,8012,sliding_3yr,2008
Chronic kidney disease,589,12149,sliding_3yr,2009
Chronic kidney disease,589,29731,sliding_3yr,2010
Chronic kidney disease,589,25967,sliding_3yr,2011
Chronic kidney disease,589,41576,sliding_3yr,2012
Chronic kidney disease,589,44957,sliding_3yr,2013
Chronic kidney disease,589,86337,sliding_3yr,2014
Chronic kidney disease,589,66591,sliding_3yr,2015
Chronic kidney disease,589,292733,sliding_3yr,2016
Chronic kidney disease,589,320739,sliding_3yr,2017
Chronic kidney disease,589,331431,sliding_3yr,2018
Chronic kidney disease,589,123993,sliding_3yr,2019
Chronic kidney disease,589,86978,sliding_3yr,2020
Chronic kidney disease,589,126073,sliding_3yr,2021
Chronic kidney disease,589,248862,sliding_3yr,2022
Chronic kidney disease,589,239637,sliding_3yr,2023
Chronic kidney disease,589,214266,sliding_3yr,2024
Chronic kidney disease,589,188,year,2007
Chronic kidney disease,589,4248,year,2009
Chronic kidney disease,589,3764,year,2010
Chronic kidney disease,589,4137,year,2011
Chronic kidney disease,589,21830,year,2012
Chronic kidney disease,589,19746,year,2014
Chronic kidney disease,589,25211,year,2015
Chronic kidney disease,589,41380,year,2016
Chronic kidney disease,589,251353,year,2018
Chronic kidney disease,589,69386,year,2019
Chronic kidney disease,589,10692,year,2020
Chronic kidney disease,589,43915,year,2021
Chronic kidney disease,589,32371,year,2022
Chronic kidney disease,589,49787,year,2023
Chronic kidney disease,589,166704,year,2024
Chronic kidney disease,589,23146,year,2025
Chronic kidney disease,589,24416,year,2026
Chronic kidney disease due to diabetes mellitus type 1,997,241737,all,
Chronic kidney disease due to diabetes mellitus type 1,997,94,sliding_3yr,2005
Chronic kidney disease due to diabetes mellitus type 1,997,94,sliding_3yr,2006
Chronic kidney disease due to diabetes mellitus type 1,997,2218,sliding_3yr,2007
Chronic kidney disease due to diabetes mellitus type 1,997,3798,sliding_3yr,2008
Chronic kidney disease due to diabetes mellitus type 1,997,3798,sliding_3yr,2009
Chronic kidney disease due to diabetes mellitus type 1,997,12589,sliding_3yr,2010
Chronic kidney disease due to diabetes mellitus type 1,997,10915,sliding_3yr,2011
Chronic kidney disease due to diabetes mellitus type 1,997,16959,sliding_3yr,2012
Chronic kidney disease due to diabetes mellitus type 1,997,14493,sliding_3yr,2013
Chronic kidney disease due to diabetes mellitus type 1,997,35183,sliding_3yr,2014
Chronic kidney disease due to diabetes mellitus type 1,997,29139,sliding_3yr,2015
Chronic kidney disease due to diabetes mellitus type 1,997,144514,sliding_3yr,2016
Chronic kidney disease due to diabetes mellitus type 1,997,158268,sliding_3yr,2017
Chronic kidney disease due to diabetes mellitus type 1,997,158268,sliding_3yr,2018
Chronic kidney disease due to diabetes mellitus type 1,997,36433,sliding_3yr,2019
Chronic kidney disease due to diabetes mellitus type 1,997,17850,sliding_3yr,2020
Chronic kidney disease due to diabetes mellitus type 1,997,24223,sliding_3yr,2021
Chronic kidney disease due to diabetes mellitus type 1,997,25134,sliding_3yr,2022
Chronic kidney disease due to diabetes mellitus type 1,997,15629,sliding_3yr,2023
Chronic kidney disease due to diabetes mellitus type 1,997,9256,sliding_3yr,2024
Chronic kidney disease due to diabetes mellitus type 1,997,94,year,2007
Chronic kidney disease due to diabetes mellitus type 1,997,2124,year,2009
Chronic kidney disease due to diabetes mellitus type 1,997,1674,year,2010
Chronic kidney disease due to diabetes mellitus type 1,997,10915,year,2012
Chronic kidney disease due to diabetes mellitus type 1,997,6044,year,2014
Chronic kidney disease due to diabetes mellitus type 1,997,8449,year,2015
Chronic kidney disease due to diabetes mellitus type 1,997,20690,year,2016
Chronic kidney disease due to diabetes mellitus type 1,997,123824,year,2018
Chronic kidney disease due to diabetes mellitus type 1,997,34444,year,2019
Chronic kidney disease due to diabetes mellitus type 1,997,1989,year,2021
Chronic kidney disease due to diabetes mellitus type 1,997,15861,year,2022
Chronic kidney disease due to diabetes mellitus type 1,997,6373,year,2023
Chronic kidney disease due to diabetes mellitus type 1,997,2900,year,2024
Chronic kidney disease due to diabetes mellitus type 1,997,6356,year,2025
Chronic kidney disease due to diabetes mellitus type 2,998,349989,all,
Chronic kidney disease due to diabetes mellitus type 2,998,94,sliding_3yr,2005
Chronic kidney disease due to diabetes mellitus type 2,998,94,sliding_3yr,2006
Chronic kidney disease due to diabetes mellitus type 2,998,2218,sliding_3yr,2007
Chronic kidney disease due to diabetes mellitus type 2,998,3798,sliding_3yr,2008
Chronic kidney disease due to diabetes mellitus type 2,998,3798,sliding_3yr,2009
Chronic kidney disease due to diabetes mellitus type 2,998,12589,sliding_3yr,2010
Chronic kidney disease due to diabetes mellitus type 2,998,10915,sliding_3yr,2011
Chronic kidney disease due to diabetes mellitus type 2,998,16959,sliding_3yr,2012
Chronic kidney disease due to diabetes mellitus type 2,998,14493,sliding_3yr,2013
Chronic kidney disease due to diabetes mellitus type 2,998,35183,sliding_3yr,2014
Chronic kidney disease due to diabetes mellitus type 2,998,29139,sliding_3yr,2015
Chronic kidney disease due to diabetes mellitus type 2,998,144514,sliding_3yr,2016
Chronic kidney disease due to diabetes mellitus type 2,998,158268,sliding_3yr,2017
Chronic kidney disease due to diabetes mellitus type 2,998,158268,sliding_3yr,2018
Chronic kidney disease due to diabetes mellitus type 2,998,40567,sliding_3yr,2019
Chronic kidney disease due to diabetes mellitus type 2,998,21984,sliding_3yr,2020
Chronic kidney disease due to diabetes mellitus type 2,998,28357,sliding_3yr,2021
Chronic kidney disease due to diabetes mellitus type 2,998,129252,sliding_3yr,2022
Chronic kidney disease due to diabetes mellitus type 2,998,119747,sliding_3yr,2023
Chronic kidney disease due to diabetes mellitus type 2,998,113374,sliding_3yr,2024
Chronic kidney disease due to diabetes mellitus type 2,998,94,year,2007
Chronic kidney disease due to diabetes mellitus type 2,998,2124,year,2009
Chronic kidney disease due to diabetes mellitus type 2,998,1674,year,2010
Chronic kidney disease due to diabetes mellitus type 2,998,10915,year,2012
Chronic kidney disease due to diabetes mellitus type 2,998,6044,year,2014
Chronic kidney disease due to diabetes mellitus type 2,998,8449,year,2015
Chronic kidney disease due to diabetes mellitus type 2,998,20690,year,2016
Chronic kidney disease due to diabetes mellitus type 2,998,123824,year,2018
Chronic kidney disease due to diabetes mellitus type 2,998,34444,year,2019
Chronic kidney disease due to diabetes mellitus type 2,998,6123,year,2021
Chronic kidney disease due to diabetes mellitus type 2,998,15861,year,2022
Chronic kidney disease due to diabetes mellitus type 2,998,6373,year,2023
Chronic kidney disease due to diabetes mellitus type 2,998,107018,year,2024
Chronic kidney disease due to diabetes mellitus type 2,998,6356,year,2025
Chronic kidney disease due to glomerulonephritis,592,117797,all,
Chronic kidney disease due to glomerulonephritis,592,416,sliding_3yr,2008
Chronic kidney disease due to glomerulonephritis,592,4553,sliding_3yr,2009
Chronic kidney disease due to glomerulonephritis,592,4553,sliding_3yr,2010
Chronic kidney disease due to glomerulonephritis,592,4137,sliding_3yr,2011
Chronic kidney disease due to glomerulonephritis,592,7658,sliding_3yr,2012
Chronic kidney disease due to glomerulonephritis,592,15971,sliding_3yr,2013
Chronic kidney disease due to glomerulonephritis,592,15971,sliding_3yr,2014
Chronic kidney disease due to glomerulonephritis,592,8313,sliding_3yr,2015
Chronic kidney disease due to glomerulonephritis,592,2014,sliding_3yr,2016
Chronic kidney disease due to glomerulonephritis,592,2512,sliding_3yr,2017
Chronic kidney disease due to glomerulonephritis,592,13204,sliding_3yr,2018
Chronic kidney disease due to glomerulonephritis,592,30245,sliding_3yr,2019
Chronic kidney disease due to glomerulonephritis,592,29778,sliding_3yr,2020
Chronic kidney disease due to glomerulonephritis,592,56127,sliding_3yr,2021
Chronic kidney disease due to glomerulonephritis,592,48364,sliding_3yr,2022
Chronic kidney disease due to glomerulonephritis,592,52575,sliding_3yr,2023
Chronic kidney disease due to glomerulonephritis,592,27942,sliding_3yr,2024
Chronic kidney disease due to glomerulonephritis,592,416,year,2010
Chronic kidney disease due to glomerulonephritis,592,4137,year,2011
Chronic kidney disease due to glomerulonephritis,592,7658,year,2014
Chronic kidney disease due to glomerulonephritis,592,8313,year,2015
Chronic kidney disease due to glomerulonephritis,592,2014,year,2018
Chronic kidney disease due to glomerulonephritis,592,498,year,2019
Chronic kidney disease due to glomerulonephritis,592,10692,year,2020
Chronic kidney disease due to glomerulonephritis,592,19055,year,2021
Chronic kidney disease due to glomerulonephritis,592,31,year,2022
Chronic kidney disease due to glomerulonephritis,592,37041,year,2023
Chronic kidney disease due to glomerulonephritis,592,11292,year,2024
Chronic kidney disease due to glomerulonephritis,592,4242,year,2025
Chronic kidney disease due to glomerulonephritis,592,12408,year,2026
Chronic kidney disease due to hypertension,591,32358,all,
Chronic kidney disease due to hypertension,591,15592,sliding_3yr,2019
Chronic kidney disease due to hypertension,591,16210,sliding_3yr,2020
Chronic kidney disease due to hypertension,591,16210,sliding_3yr,2021
Chronic kidney disease due to hypertension,591,618,sliding_3yr,2022
Chronic kidney disease due to hypertension,591,4140,sliding_3yr,2023
Chronic kidney disease due to hypertension,591,16148,sliding_3yr,2024
Chronic kidney disease due to hypertension,591,15592,year,2021
Chronic kidney disease due to hypertension,591,618,year,2022
Chronic kidney disease due to hypertension,591,4140,year,2025
Chronic kidney disease due to hypertension,591,12008,year,2026
Chronic kidney disease due to other and unspecified causes,593,50393,all,
Chronic kidney disease due to other and unspecified causes,593,1691,sliding_3yr,2016
Chronic kidney disease due to other and unspecified causes,593,1691,sliding_3yr,2017
Chronic kidney disease due to other and unspecified causes,593,1691,sliding_3yr,2018
Chronic kidney disease due to other and unspecified causes,593,1156,sliding_3yr,2019
Chronic kidney disease due to other and unspecified causes,593,1156,sliding_3yr,2020
Chronic kidney disease due to other and unspecified causes,593,1156,sliding_3yr,2021
Chronic kidney disease due to other and unspecified causes,593,45494,sliding_3yr,2022
Chronic kidney disease due to other and unspecified causes,593,47546,sliding_3yr,2023
Chronic kidney disease due to other and unspecified causes,593,47546,sliding_3yr,2024
Chronic kidney disease due to other and unspecified causes,593,1691,year,2018
Chronic kidney disease due to other and unspecified causes,593,1156,year,2021
Chronic kidney disease due to other and unspecified causes,593,45494,year,2024
Chronic kidney disease due to other and unspecified causes,593,2052,year,2025
Chronic lymphoid leukemia,846,104480,all,
Chronic lymphoid leukemia,846,1529,sliding_3yr,2006
Chronic lymphoid leukemia,846,1529,sliding_3yr,2007
Chronic lymphoid leukemia,846,2188,sliding_3yr,2008
Chronic lymphoid leukemia,846,659,sliding_3yr,2009
Chronic lymphoid leukemia,846,2641,sliding_3yr,2010
Chronic lymphoid leukemia,846,8753,sliding_3yr,2011
Chronic lymphoid leukemia,846,8753,sliding_3yr,2012
Chronic lymphoid leukemia,846,6771,sliding_3yr,2013
Chronic lymphoid leukemia,846,5058,sliding_3yr,2014
Chronic lymphoid leukemia,846,18355,sliding_3yr,2015
Chronic lymphoid leukemia,846,19498,sliding_3yr,2016
Chronic lymphoid leukemia,846,42828,sliding_3yr,2017
Chronic lymphoid leukemia,846,30383,sliding_3yr,2018
Chronic lymphoid leukemia,846,39273,sliding_3yr,2019
Chronic lymphoid leukemia,846,26682,sliding_3yr,2020
Chronic lymphoid leukemia,846,25830,sliding_3yr,2021
Chronic lymphoid leukemia,846,29413,sliding_3yr,2022
Chronic lymphoid leukemia,846,18971,sliding_3yr,2023
Chronic lymphoid leukemia,846,18971,sliding_3yr,2024
Chronic lymphoid leukemia,846,1529,year,2008
Chronic lymphoid leukemia,846,659,year,2010
Chronic lymphoid leukemia,846,1982,year,2012
Chronic lymphoid leukemia,846,6771,year,2013
Chronic lymphoid leukemia,846,5058,year,2016
Chronic lymphoid leukemia,846,13297,year,2017
Chronic lymphoid leukemia,846,1143,year,2018
Chronic lymphoid leukemia,846,28388,year,2019
Chronic lymphoid leukemia,846,852,year,2020
Chronic lymphoid leukemia,846,10033,year,2021
Chronic lymphoid leukemia,846,15797,year,2022
Chronic lymphoid leukemia,846,13616,year,2024
Chronic lymphoid leukemia,846,5355,year,2025
Chronic myeloid leukemia,848,6001,all,
Chronic myeloid leukemia,848,670,sliding_3yr,2009
Chronic myeloid leukemia,848,670,sliding_3yr,2010
Chronic myeloid leukemia,848,670,sliding_3yr,2011
Chronic myeloid leukemia,848,620,sliding_3yr,2016
Chronic myeloid leukemia,848,620,sliding_3yr,2017
Chronic myeloid leukemia,848,620,sliding_3yr,2018
Chronic myeloid leukemia,848,366,sliding_3yr,2019
Chronic myeloid leukemia,848,366,sliding_3yr,2020
Chronic myeloid leukemia,848,366,sliding_3yr,2021
Chronic myeloid leukemia,848,3968,sliding_3yr,2022
Chronic myeloid leukemia,848,4345,sliding_3yr,2023
Chronic myeloid leukemia,848,4345,sliding_3yr,2024
Chronic myeloid leukemia,848,670,year,2011
Chronic myeloid leukemia,848,620,year,2018
Chronic myeloid leukemia,848,366,year,2021
Chronic myeloid leukemia,848,3968,year,2024
Chronic myeloid leukemia,848,377,year,2025
Chronic obstructive pulmonary disease,509,4269845,all,
Chronic obstructive pulmonary disease,509,1212,sliding_3yr,2007
Chronic obstructive pulmonary disease,509,5764,sliding_3yr,2008
Chronic obstructive pulmonary disease,509,10246,sliding_3yr,2009
Chronic obstructive pulmonary disease,509,21538,sliding_3yr,2010
Chronic obstructive pulmonary disease,509,16986,sliding_3yr,2011
Chronic obstructive pulmonary disease,509,38998,sliding_3yr,2012
Chronic obstructive pulmonary disease,509,31739,sliding_3yr,2013
Chronic obstructive pulmonary disease,509,31739,sliding_3yr,2014
Chronic obstructive pulmonary disease,509,29999,sliding_3yr,2015
Chronic obstructive pulmonary disease,509,35619,sliding_3yr,2016
Chronic obstructive pulmonary disease,509,377609,sliding_3yr,2017
Chronic obstructive pulmonary disease,509,528697,sliding_3yr,2018
Chronic obstructive pulmonary disease,509,715809,sliding_3yr,2019
Chronic obstructive pulmonary disease,509,692859,sliding_3yr,2020
Chronic obstructive pulmonary disease,509,848998,sliding_3yr,2021
Chronic obstructive pulmonary disease,509,1212941,sliding_3yr,2022
Chronic obstructive pulmonary disease,509,3093763,sliding_3yr,2023
Chronic obstructive pulmonary disease,509,2812907,sliding_3yr,2024
Chronic obstructive pulmonary disease,509,1212,year,2009
Chronic obstructive pulmonary disease,509,4552,year,2010
Chronic obstructive pulmonary disease,509,4482,year,2011
Chronic obstructive pulmonary disease,509,12504,year,2012
Chronic obstructive pulmonary disease,509,26494,year,2014
Chronic obstructive pulmonary disease,509,5245,year,2015
Chronic obstructive pulmonary disease,509,24754,year,2017
Chronic obstructive pulmonary disease,509,10865,year,2018
Chronic obstructive pulmonary disease,509,341990,year,2019
Chronic obstructive pulmonary disease,509,175842,year,2020
Chronic obstructive pulmonary disease,509,197977,year,2021
Chronic obstructive pulmonary disease,509,319040,year,2022
Chronic obstructive pulmonary disease,509,331981,year,2023
Chronic obstructive pulmonary disease,509,561920,year,2024
Chronic obstructive pulmonary disease,509,2199862,year,2025
Chronic obstructive pulmonary disease,509,51125,year,2026
Cirrhosis and other chronic liver diseases,521,1250295,all,
Cirrhosis and other chronic liver diseases,521,1031,sliding_3yr,2007
Cirrhosis and other chronic liver diseases,521,3381,sliding_3yr,2008
Cirrhosis and other chronic liver diseases,521,13609,sliding_3yr,2009
Cirrhosis and other chronic liver diseases,521,16849,sliding_3yr,2010
Cirrhosis and other chronic liver diseases,521,17245,sliding_3yr,2011
Cirrhosis and other chronic liver diseases,521,11724,sliding_3yr,2012
Cirrhosis and other chronic liver diseases,521,9313,sliding_3yr,2013
Cirrhosis and other chronic liver diseases,521,6856,sliding_3yr,2014
Cirrhosis and other chronic liver diseases,521,9091,sliding_3yr,2015
Cirrhosis and other chronic liver diseases,521,8305,sliding_3yr,2016
Cirrhosis and other chronic liver diseases,521,12426,sliding_3yr,2017
Cirrhosis and other chronic liver diseases,521,18996,sliding_3yr,2018
Cirrhosis and other chronic liver diseases,521,84774,sliding_3yr,2019
Cirrhosis and other chronic liver diseases,521,94612,sliding_3yr,2020
Cirrhosis and other chronic liver diseases,521,915650,sliding_3yr,2021
Cirrhosis and other chronic liver diseases,521,970160,sliding_3yr,2022
Cirrhosis and other chronic liver diseases,521,968922,sliding_3yr,2023
Cirrhosis and other chronic liver diseases,521,281225,sliding_3yr,2024
Cirrhosis and other chronic liver diseases,521,1031,year,2009
Cirrhosis and other chronic liver diseases,521,2350,year,2010
Cirrhosis and other chronic liver diseases,521,10228,year,2011
Cirrhosis and other chronic liver diseases,521,4271,year,2012
Cirrhosis and other chronic liver diseases,521,2746,year,2013
Cirrhosis and other chronic liver diseases,521,4707,year,2014
Cirrhosis and other chronic liver diseases,521,1860,year,2015
Cirrhosis and other chronic liver diseases,521,289,year,2016
Cirrhosis and other chronic liver diseases,521,6942,year,2017
Cirrhosis and other chronic liver diseases,521,1074,year,2018
Cirrhosis and other chronic liver diseases,521,4410,year,2019
Cirrhosis and other chronic liver diseases,521,13512,year,2020
Cirrhosis and other chronic liver diseases,521,66852,year,2021
Cirrhosis and other chronic liver diseases,521,14248,year,2022
Cirrhosis and other chronic liver diseases,521,834550,year,2023
Cirrhosis and other chronic liver diseases,521,121362,year,2024
Cirrhosis and other chronic liver diseases,521,13010,year,2025
Cirrhosis and other chronic liver diseases,521,146853,year,2026
Cirrhosis due to alcohol,524,293575,all,
Cirrhosis due to alcohol,524,708,sliding_3yr,2008
Cirrhosis due to alcohol,524,708,sliding_3yr,2009
Cirrhosis due to alcohol,524,3050,sliding_3yr,2010
Cirrhosis due to alcohol,524,2906,sliding_3yr,2011
Cirrhosis due to alcohol,524,2906,sliding_3yr,2012
Cirrhosis due to alcohol,524,2424,sliding_3yr,2013
Cirrhosis due to alcohol,524,1860,sliding_3yr,2014
Cirrhosis due to alcohol,524,6211,sliding_3yr,2015
Cirrhosis due to alcohol,524,4465,sliding_3yr,2016
Cirrhosis due to alcohol,524,6428,sliding_3yr,2017
Cirrhosis due to alcohol,524,10890,sliding_3yr,2018
Cirrhosis due to alcohol,524,24760,sliding_3yr,2019
Cirrhosis due to alcohol,524,23507,sliding_3yr,2020
Cirrhosis due to alcohol,524,131579,sliding_3yr,2021
Cirrhosis due to alcohol,524,230873,sliding_3yr,2022
Cirrhosis due to alcohol,524,233957,sliding_3yr,2023
Cirrhosis due to alcohol,524,141281,sliding_3yr,2024
Cirrhosis due to alcohol,524,708,year,2010
Cirrhosis due to alcohol,524,2342,year,2012
Cirrhosis due to alcohol,524,564,year,2013
Cirrhosis due to alcohol,524,1860,year,2015
Cirrhosis due to alcohol,524,4351,year,2017
Cirrhosis due to alcohol,524,114,year,2018
Cirrhosis due to alcohol,524,1963,year,2019
Cirrhosis due to alcohol,524,8813,year,2020
Cirrhosis due to alcohol,524,13984,year,2021
Cirrhosis due to alcohol,524,710,year,2022
Cirrhosis due to alcohol,524,116885,year,2023
Cirrhosis due to alcohol,524,113278,year,2024
Cirrhosis due to alcohol,524,3794,year,2025
Cirrhosis due to alcohol,524,24209,year,2026
Cirrhosis due to other causes,525,282027,all,
Cirrhosis due to other causes,525,708,sliding_3yr,2008
Cirrhosis due to other causes,525,708,sliding_3yr,2009
Cirrhosis due to other causes,525,3050,sliding_3yr,2010
Cirrhosis due to other causes,525,2906,sliding_3yr,2011
Cirrhosis due to other causes,525,2906,sliding_3yr,2012
Cirrhosis due to other causes,525,564,sliding_3yr,2013
Cirrhosis due to other causes,525,114,sliding_3yr,2016
Cirrhosis due to other causes,525,2077,sliding_3yr,2017
Cirrhosis due to other causes,525,7393,sliding_3yr,2018
Cirrhosis due to other causes,525,21263,sliding_3yr,2019
Cirrhosis due to other causes,525,20010,sliding_3yr,2020
Cirrhosis due to other causes,525,131579,sliding_3yr,2021
Cirrhosis due to other causes,525,229033,sliding_3yr,2022
Cirrhosis due to other causes,525,232117,sliding_3yr,2023
Cirrhosis due to other causes,525,139441,sliding_3yr,2024
Cirrhosis due to other causes,525,708,year,2010
Cirrhosis due to other causes,525,2342,year,2012
Cirrhosis due to other causes,525,564,year,2013
Cirrhosis due to other causes,525,114,year,2018
Cirrhosis due to other causes,525,1963,year,2019
Cirrhosis due to other causes,525,5316,year,2020
Cirrhosis due to other causes,525,13984,year,2021
Cirrhosis due to other causes,525,710,year,2022
Cirrhosis due to other causes,525,116885,year,2023
Cirrhosis due to other causes,525,111438,year,2024
Cirrhosis due to other causes,525,3794,year,2025
Cirrhosis due to other causes,525,24209,year,2026
Coal workers pneumoconiosis,513,0,all,
Cocaine use disorders,563,35640,all,
Cocaine use disorders,563,35640,sliding_3yr,2017
Cocaine use disorders,563,35640,sliding_3yr,2018
Cocaine use disorders,563,35640,sliding_3yr,2019
Cocaine use disorders,563,35640,year,2019
Colon and rectum cancer,441,6620456,all,
Colon and rectum cancer,441,24147,sliding_3yr,2005
Colon and rectum cancer,441,80584,sliding_3yr,2006
Colon and rectum cancer,441,82719,sliding_3yr,2007
Colon and rectum cancer,441,82043,sliding_3yr,2008
Colon and rectum cancer,441,45128,sliding_3yr,2009
Colon and rectum cancer,441,107100,sliding_3yr,2010
Colon and rectum cancer,441,86241,sliding_3yr,2011
Colon and rectum cancer,441,173803,sliding_3yr,2012
Colon and rectum cancer,441,183940,sliding_3yr,2013
Colon and rectum cancer,441,343438,sliding_3yr,2014
Colon and rectum cancer,441,263644,sliding_3yr,2015
Colon and rectum cancer,441,401343,sliding_3yr,2016
Colon and rectum cancer,441,352217,sliding_3yr,2017
Colon and rectum cancer,441,345865,sliding_3yr,2018
Colon and rectum cancer,441,1159888,sliding_3yr,2019
Colon and rectum cancer,441,1861953,sliding_3yr,2020
Colon and rectum cancer,441,2249274,sliding_3yr,2021
Colon and rectum cancer,441,1557710,sliding_3yr,2022
Colon and rectum cancer,441,3853762,sliding_3yr,2023
Colon and rectum cancer,441,3462158,sliding_3yr,2024
Colon and rectum cancer,441,24147,year,2007
Colon and rectum cancer,441,56437,year,2008
Colon and rectum cancer,441,2135,year,2009
Colon and rectum cancer,441,23471,year,2010
Colon and rectum cancer,441,19522,year,2011
Colon and rectum cancer,441,64107,year,2012
Colon and rectum cancer,441,2612,year,2013
Colon and rectum cancer,441,107084,year,2014
Colon and rectum cancer,441,74244,year,2015
Colon and rectum cancer,441,162110,year,2016
Colon and rectum cancer,441,27290,year,2017
Colon and rectum cancer,441,211943,year,2018
Colon and rectum cancer,441,112984,year,2019
Colon and rectum cancer,441,20938,year,2020
Colon and rectum cancer,441,1025966,year,2021
Colon and rectum cancer,441,815049,year,2022
Colon and rectum cancer,441,408259,year,2023
Colon and rectum cancer,441,334402,year,2024
Colon and rectum cancer,441,3111101,year,2025
Colon and rectum cancer,441,16655,year,2026
Conduct disorder,579,16844,all,
Conduct disorder,579,1847,sliding_3yr,2006
Conduct disorder,579,1847,sliding_3yr,2007
Conduct disorder,579,1847,sliding_3yr,2008
Conduct disorder,579,6167,sliding_3yr,2019
Conduct disorder,579,6167,sliding_3yr,2020
Conduct disorder,579,6167,sliding_3yr,2021
Conduct disorder,579,8695,sliding_3yr,2022
Conduct disorder,579,8830,sliding_3yr,2023
Conduct disorder,579,8830,sliding_3yr,2024
Conduct disorder,579,1847,year,2008
Conduct disorder,579,6167,year,2021
Conduct disorder,579,8695,year,2024
Conduct disorder,579,135,year,2025
Congenital birth defects,641,1635,sliding_3yr,2007
Congenital birth defects,641,11613,sliding_3yr,2008
Congenital birth defects,641,12713,sliding_3yr,2009
Congenital birth defects,641,14730,sliding_3yr,2010
Congenital birth defects,641,10302,sliding_3yr,2011
Congenital birth defects,641,12062,sliding_3yr,2012
Congenital birth defects,641,13452,sliding_3yr,2013
Congenital birth defects,641,11691,sliding_3yr,2014
Congenital birth defects,641,28351,sliding_3yr,2015
Congenital birth defects,641,43038,sliding_3yr,2016
Congenital birth defects,641,56677,sliding_3yr,2017
Congenital birth defects,641,52297,sliding_3yr,2018
Congenital birth defects,641,111919,sliding_3yr,2019
Congenital birth defects,641,226947,sliding_3yr,2020
Congenital birth defects,641,269028,sliding_3yr,2021
Congenital birth defects,641,244049,sliding_3yr,2022
Congenital birth defects,641,185600,sliding_3yr,2023
Congenital birth defects,641,128676,sliding_3yr,2024
Congenital birth defects,641,1635,year,2009
Congenital birth defects,641,9978,year,2010
Congenital birth defects,641,1100,year,2011
Congenital birth defects,641,3652,year,2012
Congenital birth defects,641,5550,year,2013
Congenital birth defects,641,2860,year,2014
Congenital birth defects,641,5042,year,2015
Congenital birth defects,641,3789,year,2016
Congenital birth defects,641,19520,year,2017
Congenital birth defects,641,19729,year,2018
Congenital birth defects,641,17428,year,2019
Congenital birth defects,641,15140,year,2020
Congenital birth defects,641,79351,year,2021
Congenital birth defects,641,132456,year,2022
Congenital birth defects,641,57221,year,2023
Congenital birth defects,641,54372,year,2024
Congenital birth defects,641,74007,year,2025
Congenital birth defects,641,297,year,2026
Congenital heart anomalies,643,49136,all,
Congenital heart anomalies,643,5550,sliding_3yr,2011
Congenital heart anomalies,643,7860,sliding_3yr,2012
Congenital heart anomalies,643,7860,sliding_3yr,2013
Congenital heart anomalies,643,3269,sliding_3yr,2014
Congenital heart anomalies,643,4676,sliding_3yr,2015
Congenital heart anomalies,643,6643,sliding_3yr,2016
Congenital heart anomalies,643,6807,sliding_3yr,2017
Congenital heart anomalies,643,11746,sliding_3yr,2018
Congenital heart anomalies,643,13112,sliding_3yr,2019
Congenital heart anomalies,643,12704,sliding_3yr,2020
Congenital heart anomalies,643,4048,sliding_3yr,2021
Congenital heart anomalies,643,12370,sliding_3yr,2022
Congenital heart anomalies,643,20806,sliding_3yr,2023
Congenital heart anomalies,643,20806,sliding_3yr,2024
Congenital heart anomalies,643,5550,year,2013
Congenital heart anomalies,643,2310,year,2014
Congenital heart anomalies,643,959,year,2016
Congenital heart anomalies,643,3717,year,2017
Congenital heart anomalies,643,1967,year,2018
Congenital heart anomalies,643,1123,year,2019
Congenital heart anomalies,643,8656,year,2020
Congenital heart anomalies,643,3333,year,2021
Congenital heart anomalies,643,715,year,2022
Congenital heart anomalies,643,11655,year,2024
Congenital heart anomalies,643,9151,year,2025
Congenital musculoskeletal and limb anomalies,649,40940,all,
Congenital musculoskeletal and limb anomalies,649,449,sliding_3yr,2016
Congenital musculoskeletal and limb anomalies,649,449,sliding_3yr,2017
Congenital musculoskeletal and limb anomalies,649,449,sliding_3yr,2018
Congenital musculoskeletal and limb anomalies,649,564,sliding_3yr,2019
Congenital musculoskeletal and limb anomalies,649,564,sliding_3yr,2020
Congenital musculoskeletal and limb anomalies,649,564,sliding_3yr,2021
Congenital musculoskeletal and limb anomalies,649,36162,sliding_3yr,2022
Congenital musculoskeletal and limb anomalies,649,39927,sliding_3yr,2023
Congenital musculoskeletal and limb anomalies,649,39927,sliding_3yr,2024
Congenital musculoskeletal and limb anomalies,649,449,year,2018
Congenital musculoskeletal and limb anomalies,649,564,year,2021
Congenital musculoskeletal and limb anomalies,649,36162,year,2024
Congenital musculoskeletal and limb anomalies,649,3765,year,2025
Contact dermatitis,978,41548,all,
Contact dermatitis,978,24,sliding_3yr,2011
Contact dermatitis,978,24,sliding_3yr,2012
Contact dermatitis,978,24,sliding_3yr,2013
Contact dermatitis,978,5783,sliding_3yr,2019
Contact dermatitis,978,5783,sliding_3yr,2020
Contact dermatitis,978,5966,sliding_3yr,2021
Contact dermatitis,978,5310,sliding_3yr,2022
Contact dermatitis,978,11595,sliding_3yr,2023
Contact dermatitis,978,35558,sliding_3yr,2024
Contact dermatitis,978,24,year,2013
Contact dermatitis,978,5783,year,2021
Contact dermatitis,978,183,year,2023
Contact dermatitis,978,5127,year,2024
Contact dermatitis,978,6285,year,2025
Contact dermatitis,978,24146,year,2026
Crohn's disease,1025,1546174,all,
Crohn's disease,1025,11176,sliding_3yr,2005
Crohn's disease,1025,18828,sliding_3yr,2006
Crohn's disease,1025,18828,sliding_3yr,2007
Crohn's disease,1025,31749,sliding_3yr,2008
Crohn's disease,1025,34806,sliding_3yr,2009
Crohn's disease,1025,107396,sliding_3yr,2010
Crohn's disease,1025,124699,sliding_3yr,2011
Crohn's disease,1025,118762,sliding_3yr,2012
Crohn's disease,1025,77540,sliding_3yr,2013
Crohn's disease,1025,89680,sliding_3yr,2014
Crohn's disease,1025,165016,sliding_3yr,2015
Crohn's disease,1025,660188,sliding_3yr,2016
Crohn's disease,1025,609933,sliding_3yr,2017
Crohn's disease,1025,540860,sliding_3yr,2018
Crohn's disease,1025,76245,sliding_3yr,2019
Crohn's disease,1025,81528,sliding_3yr,2020
Crohn's disease,1025,215437,sliding_3yr,2021
Crohn's disease,1025,180841,sliding_3yr,2022
Crohn's disease,1025,570280,sliding_3yr,2023
Crohn's disease,1025,452465,sliding_3yr,2024
Crohn's disease,1025,11176,year,2007
Crohn's disease,1025,7652,year,2008
Crohn's disease,1025,24097,year,2010
Crohn's disease,1025,10709,year,2011
Crohn's disease,1025,72590,year,2012
Crohn's disease,1025,41400,year,2013
Crohn's disease,1025,4772,year,2014
Crohn's disease,1025,31368,year,2015
Crohn's disease,1025,53540,year,2016
Crohn's disease,1025,80108,year,2017
Crohn's disease,1025,526540,year,2018
Crohn's disease,1025,3285,year,2019
Crohn's disease,1025,11035,year,2020
Crohn's disease,1025,61925,year,2021
Crohn's disease,1025,8568,year,2022
Crohn's disease,1025,144944,year,2023
Crohn's disease,1025,27329,year,2024
Crohn's disease,1025,398007,year,2025
Crohn's disease,1025,27129,year,2026
Cutaneous and mucocutaneous leishmaniasis,349,2066,all,
Cutaneous and mucocutaneous leishmaniasis,349,2066,sliding_3yr,2018
Cutaneous and mucocutaneous leishmaniasis,349,2066,sliding_3yr,2019
Cutaneous and mucocutaneous leishmaniasis,349,2066,sliding_3yr,2020
Cutaneous and mucocutaneous leishmaniasis,349,2066,year,2020
Cystic echinococcosis,353,0,all,
Cysticercosis,352,0,all,
Decubitus ulcer,665,146328,all,
Decubitus ulcer,665,2901,sliding_3yr,2016
Decubitus ulcer,665,2901,sliding_3yr,2017
Decubitus ulcer,665,2901,sliding_3yr,2018
Decubitus ulcer,665,4989,sliding_3yr,2019
Decubitus ulcer,665,4989,sliding_3yr,2020
Decubitus ulcer,665,5149,sliding_3yr,2021
Decubitus ulcer,665,106214,sliding_3yr,2022
Decubitus ulcer,665,113645,sliding_3yr,2023
Decubitus ulcer,665,138278,sliding_3yr,2024
Decubitus ulcer,665,2901,year,2018
Decubitus ulcer,665,4989,year,2021
Decubitus ulcer,665,160,year,2023
Decubitus ulcer,665,106054,year,2024
Decubitus ulcer,665,7431,year,2025
Decubitus ulcer,665,24793,year,2026
Dengue,357,3745,all,
Dengue,357,3745,sliding_3yr,2009
Dengue,357,3745,sliding_3yr,2010
Dengue,357,3745,sliding_3yr,2011
Dengue,357,3745,year,2011
Depressive disorders,567,9176,sliding_3yr,2006
Depressive disorders,567,13133,sliding_3yr,2007
Depressive disorders,567,39690,sliding_3yr,2008
Depressive disorders,567,36901,sliding_3yr,2009
Depressive disorders,567,53096,sliding_3yr,2010
Depressive disorders,567,115270,sliding_3yr,2011
Depressive disorders,567,108883,sliding_3yr,2012
Depressive disorders,567,89106,sliding_3yr,2013
Depressive disorders,567,575507,sliding_3yr,2014
Depressive disorders,567,616742,sliding_3yr,2015
Depressive disorders,567,2157439,sliding_3yr,2016
Depressive disorders,567,4471773,sliding_3yr,2017
Depressive disorders,567,7708186,sliding_3yr,2018
Depressive disorders,567,14374566,sliding_3yr,2019
Depressive disorders,567,24585188,sliding_3yr,2020
Depressive disorders,567,32534073,sliding_3yr,2021
Depressive disorders,567,30160770,sliding_3yr,2022
Depressive disorders,567,18526383,sliding_3yr,2023
Depressive disorders,567,7365001,sliding_3yr,2024
Depressive disorders,567,9176,year,2008
Depressive disorders,567,3957,year,2009
Depressive disorders,567,26557,year,2010
Depressive disorders,567,6387,year,2011
Depressive disorders,567,20152,year,2012
Depressive disorders,567,88731,year,2013
Depressive disorders,567,375,year,2015
Depressive disorders,567,575132,year,2016
Depressive disorders,567,41235,year,2017
Depressive disorders,567,1541072,year,2018
Depressive disorders,567,2889466,year,2019
Depressive disorders,567,3277648,year,2020
Depressive disorders,567,8207452,year,2021
Depressive disorders,567,13100088,year,2022
Depressive disorders,567,11226533,year,2023
Depressive disorders,567,5834149,year,2024
Depressive disorders,567,1465701,year,2025
Depressive disorders,567,65151,year,2026
Dermatitis,654,3576,sliding_3yr,2007
Dermatitis,654,3576,sliding_3yr,2008
Dermatitis,654,21043,sliding_3yr,2009
Dermatitis,654,20795,sliding_3yr,2010
Dermatitis,654,29044,sliding_3yr,2011
Dermatitis,654,11577,sliding_3yr,2012
Dermatitis,654,68713,sliding_3yr,2013
Dermatitis,654,60464,sliding_3yr,2014
Dermatitis,654,61073,sliding_3yr,2015
Dermatitis,654,920861,sliding_3yr,2016
Dermatitis,654,1223886,sliding_3yr,2017
Dermatitis,654,1228047,sliding_3yr,2018
Dermatitis,654,714374,sliding_3yr,2019
Dermatitis,654,454663,sliding_3yr,2020
Dermatitis,654,1440863,sliding_3yr,2021
Dermatitis,654,1160122,sliding_3yr,2022
Dermatitis,654,1835270,sliding_3yr,2023
Dermatitis,654,915364,sliding_3yr,2024
Dermatitis,654,3576,year,2009
Dermatitis,654,17467,year,2011
Dermatitis,654,3328,year,2012
Dermatitis,654,8249,year,2013
Dermatitis,654,60464,year,2015
Dermatitis,654,609,year,2017
Dermatitis,654,920252,year,2018
Dermatitis,654,303025,year,2019
Dermatitis,654,4770,year,2020
Dermatitis,654,406579,year,2021
Dermatitis,654,43314,year,2022
Dermatitis,654,990970,year,2023
Dermatitis,654,125838,year,2024
Dermatitis,654,718462,year,2025
Dermatitis,654,71064,year,2026
Diabetes mellitus,587,62534,sliding_3yr,2005
Diabetes mellitus,587,131278,sliding_3yr,2006
Diabetes mellitus,587,167300,sliding_3yr,2007
Diabetes mellitus,587,195503,sliding_3yr,2008
Diabetes mellitus,587,207746,sliding_3yr,2009
Diabetes mellitus,587,310892,sliding_3yr,2010
Diabetes mellitus,587,396699,sliding_3yr,2011
Diabetes mellitus,587,387649,sliding_3yr,2012
Diabetes mellitus,587,261837,sliding_3yr,2013
Diabetes mellitus,587,276938,sliding_3yr,2014
Diabetes mellitus,587,419068,sliding_3yr,2015
Diabetes mellitus,587,2608363,sliding_3yr,2016
Diabetes mellitus,587,3204929,sliding_3yr,2017
Diabetes mellitus,587,4484066,sliding_3yr,2018
Diabetes mellitus,587,6903850,sliding_3yr,2019
Diabetes mellitus,587,8987279,sliding_3yr,2020
Diabetes mellitus,587,15380361,sliding_3yr,2021
Diabetes mellitus,587,12821979,sliding_3yr,2022
Diabetes mellitus,587,12016050,sliding_3yr,2023
Diabetes mellitus,587,5049944,sliding_3yr,2024
Diabetes mellitus,587,62534,year,2007
Diabetes mellitus,587,68744,year,2008
Diabetes mellitus,587,36022,year,2009
Diabetes mellitus,587,90737,year,2010
Diabetes mellitus,587,80987,year,2011
Diabetes mellitus,587,139168,year,2012
Diabetes mellitus,587,176544,year,2013
Diabetes mellitus,587,71937,year,2014
Diabetes mellitus,587,13356,year,2015
Diabetes mellitus,587,191645,year,2016
Diabetes mellitus,587,214067,year,2017
Diabetes mellitus,587,2202651,year,2018
Diabetes mellitus,587,788211,year,2019
Diabetes mellitus,587,1493204,year,2020
Diabetes mellitus,587,4622435,year,2021
Diabetes mellitus,587,2871640,year,2022
Diabetes mellitus,587,7886286,year,2023
Diabetes mellitus,587,2064053,year,2024
Diabetes mellitus,587,2065711,year,2025
Diabetes mellitus,587,920180,year,2026
Diabetes mellitus type 1,975,2171026,all,
Diabetes mellitus type 1,975,9857,sliding_3yr,2005
Diabetes mellitus type 1,975,25016,sliding_3yr,2006
Diabetes mellitus type 1,975,49151,sliding_3yr,2007
Diabetes mellitus type 1,975,39294,sliding_3yr,2008
Diabetes mellitus type 1,975,43695,sliding_3yr,2009
Diabetes mellitus type 1,975,38736,sliding_3yr,2010
Diabetes mellitus type 1,975,76228,sliding_3yr,2011
Diabetes mellitus type 1,975,56668,sliding_3yr,2012
Diabetes mellitus type 1,975,50741,sliding_3yr,2013
Diabetes mellitus type 1,975,13249,sliding_3yr,2014
Diabetes mellitus type 1,975,13249,sliding_3yr,2015
Diabetes mellitus type 1,975,413589,sliding_3yr,2016
Diabetes mellitus type 1,975,416993,sliding_3yr,2017
Diabetes mellitus type 1,975,443127,sliding_3yr,2018
Diabetes mellitus type 1,975,1029496,sliding_3yr,2019
Diabetes mellitus type 1,975,1027559,sliding_3yr,2020
Diabetes mellitus type 1,975,1388840,sliding_3yr,2021
Diabetes mellitus type 1,975,495188,sliding_3yr,2022
Diabetes mellitus type 1,975,522994,sliding_3yr,2023
Diabetes mellitus type 1,975,200431,sliding_3yr,2024
Diabetes mellitus type 1,975,9857,year,2007
Diabetes mellitus type 1,975,15159,year,2008
Diabetes mellitus type 1,975,24135,year,2009
Diabetes mellitus type 1,975,19560,year,2011
Diabetes mellitus type 1,975,19176,year,2012
Diabetes mellitus type 1,975,37492,year,2013
Diabetes mellitus type 1,975,13249,year,2015
Diabetes mellitus type 1,975,413589,year,2018
Diabetes mellitus type 1,975,3404,year,2019
Diabetes mellitus type 1,975,26134,year,2020
Diabetes mellitus type 1,975,999958,year,2021
Diabetes mellitus type 1,975,1467,year,2022
Diabetes mellitus type 1,975,387415,year,2023
Diabetes mellitus type 1,975,106306,year,2024
Diabetes mellitus type 1,975,29273,year,2025
Diabetes mellitus type 1,975,64852,year,2026
Diabetes mellitus type 2,976,23889086,all,
Diabetes mellitus type 2,976,52677,sliding_3yr,2005
Diabetes mellitus type 2,976,106262,sliding_3yr,2006
Diabetes mellitus type 2,976,118149,sliding_3yr,2007
Diabetes mellitus type 2,976,156209,sliding_3yr,2008
Diabetes mellitus type 2,976,164051,sliding_3yr,2009
Diabetes mellitus type 2,976,272156,sliding_3yr,2010
Diabetes mellitus type 2,976,320471,sliding_3yr,2011
Diabetes mellitus type 2,976,330981,sliding_3yr,2012
Diabetes mellitus type 2,976,211096,sliding_3yr,2013
Diabetes mellitus type 2,976,263689,sliding_3yr,2014
Diabetes mellitus type 2,976,405819,sliding_3yr,2015
Diabetes mellitus type 2,976,2194774,sliding_3yr,2016
Diabetes mellitus type 2,976,2787936,sliding_3yr,2017
Diabetes mellitus type 2,976,4040939,sliding_3yr,2018
Diabetes mellitus type 2,976,5874354,sliding_3yr,2019
Diabetes mellitus type 2,976,7959720,sliding_3yr,2020
Diabetes mellitus type 2,976,13991521,sliding_3yr,2021
Diabetes mellitus type 2,976,12326791,sliding_3yr,2022
Diabetes mellitus type 2,976,11493056,sliding_3yr,2023
Diabetes mellitus type 2,976,4849513,sliding_3yr,2024
Diabetes mellitus type 2,976,52677,year,2007
Diabetes mellitus type 2,976,53585,year,2008
Diabetes mellitus type 2,976,11887,year,2009
Diabetes mellitus type 2,976,90737,year,2010
Diabetes mellitus type 2,976,61427,year,2011
Diabetes mellitus type 2,976,119992,year,2012
Diabetes mellitus type 2,976,139052,year,2013
Diabetes mellitus type 2,976,71937,year,2014
Diabetes mellitus type 2,976,107,year,2015
Diabetes mellitus type 2,976,191645,year,2016
Diabetes mellitus type 2,976,214067,year,2017
Diabetes mellitus type 2,976,1789062,year,2018
Diabetes mellitus type 2,976,784807,year,2019
Diabetes mellitus type 2,976,1467070,year,2020
Diabetes mellitus type 2,976,3622477,year,2021
Diabetes mellitus type 2,976,2870173,year,2022
Diabetes mellitus type 2,976,7498871,year,2023
Diabetes mellitus type 2,976,1957747,year,2024
Diabetes mellitus type 2,976,2036438,year,2025
Diabetes mellitus type 2,976,855328,year,2026
Diarrheal diseases,302,346185,all,
Diarrheal diseases,302,14836,sliding_3yr,2014
Diarrheal diseases,302,15529,sliding_3yr,2015
Diarrheal diseases,302,28534,sliding_3yr,2016
Diarrheal diseases,302,13698,sliding_3yr,2017
Diarrheal diseases,302,13005,sliding_3yr,2018
Diarrheal diseases,302,31940,sliding_3yr,2019
Diarrheal diseases,302,32724,sliding_3yr,2020
Diarrheal diseases,302,50203,sliding_3yr,2021
Diarrheal diseases,302,200735,sliding_3yr,2022
Diarrheal diseases,302,257886,sliding_3yr,2023
Diarrheal diseases,302,267448,sliding_3yr,2024
Diarrheal diseases,302,14836,year,2016
Diarrheal diseases,302,693,year,2017
Diarrheal diseases,302,13005,year,2018
Diarrheal diseases,302,31940,year,2021
Diarrheal diseases,302,784,year,2022
Diarrheal diseases,302,17479,year,2023
Diarrheal diseases,302,182472,year,2024
Diarrheal diseases,302,57935,year,2025
Diarrheal diseases,302,27041,year,2026
Dietary iron deficiency,390,941153,all,
Dietary iron deficiency,390,15657,sliding_3yr,2016
Dietary iron deficiency,390,15657,sliding_3yr,2017
Dietary iron deficiency,390,15657,sliding_3yr,2018
Dietary iron deficiency,390,71143,sliding_3yr,2019
Dietary iron deficiency,390,80058,sliding_3yr,2020
Dietary iron deficiency,390,98262,sliding_3yr,2021
Dietary iron deficiency,390,365723,sliding_3yr,2022
Dietary iron deficiency,390,825120,sliding_3yr,2023
Dietary iron deficiency,390,827234,sliding_3yr,2024
Dietary iron deficiency,390,15657,year,2018
Dietary iron deficiency,390,71143,year,2021
Dietary iron deficiency,390,8915,year,2022
Dietary iron deficiency,390,18204,year,2023
Dietary iron deficiency,390,338604,year,2024
Dietary iron deficiency,390,468312,year,2025
Dietary iron deficiency,390,20318,year,2026
Digestive congenital anomalies,651,568,all,
Digestive congenital anomalies,651,568,sliding_3yr,2017
Digestive congenital anomalies,651,568,sliding_3yr,2018
Digestive congenital anomalies,651,568,sliding_3yr,2019
Digestive congenital anomalies,651,568,year,2019
Diphtheria,338,13513,all,
Diphtheria,338,13513,sliding_3yr,2019
Diphtheria,338,13513,sliding_3yr,2020
Diphtheria,338,13513,sliding_3yr,2021
Diphtheria,338,13513,year,2021
Down syndrome,645,113966,all,
Down syndrome,645,3301,sliding_3yr,2016
Down syndrome,645,3301,sliding_3yr,2017
Down syndrome,645,3301,sliding_3yr,2018
Down syndrome,645,10708,sliding_3yr,2019
Down syndrome,645,13643,sliding_3yr,2020
Down syndrome,645,59970,sliding_3yr,2021
Down syndrome,645,49262,sliding_3yr,2022
Down syndrome,645,97022,sliding_3yr,2023
Down syndrome,645,50695,sliding_3yr,2024
Down syndrome,645,3301,year,2018
Down syndrome,645,10708,year,2021
Down syndrome,645,2935,year,2022
Down syndrome,645,46327,year,2023
Down syndrome,645,50695,year,2025
Drug use disorders,561,240,sliding_3yr,2006
Drug use disorders,561,240,sliding_3yr,2007
Drug use disorders,561,948,sliding_3yr,2008
Drug use disorders,561,708,sliding_3yr,2009
Drug use disorders,561,708,sliding_3yr,2010
Drug use disorders,561,14376,sliding_3yr,2011
Drug use disorders,561,14376,sliding_3yr,2012
Drug use disorders,561,14376,sliding_3yr,2013
Drug use disorders,561,3757,sliding_3yr,2015
Drug use disorders,561,3757,sliding_3yr,2016
Drug use disorders,561,56711,sliding_3yr,2017
Drug use disorders,561,92651,sliding_3yr,2018
Drug use disorders,561,120456,sliding_3yr,2019
Drug use disorders,561,265501,sliding_3yr,2020
Drug use disorders,561,723449,sliding_3yr,2021
Drug use disorders,561,710452,sliding_3yr,2022
Drug use disorders,561,512453,sliding_3yr,2023
Drug use disorders,561,14808,sliding_3yr,2024
Drug use disorders,561,240,year,2008
Drug use disorders,561,708,year,2010
Drug use disorders,561,14376,year,2013
Drug use disorders,561,3757,year,2017
Drug use disorders,561,52954,year,2019
Drug use disorders,561,39697,year,2020
Drug use disorders,561,27805,year,2021
Drug use disorders,561,197999,year,2022
Drug use disorders,561,497645,year,2023
Drug use disorders,561,14808,year,2024
Drug-susceptible tuberculosis,934,396,all,
Drug-susceptible tuberculosis,934,67,sliding_3yr,2014
Drug-susceptible tuberculosis,934,67,sliding_3yr,2015
Drug-susceptible tuberculosis,934,67,sliding_3yr,2016
Drug-susceptible tuberculosis,934,79,sliding_3yr,2017
Drug-susceptible tuberculosis,934,329,sliding_3yr,2018
Drug-susceptible tuberculosis,934,329,sliding_3yr,2019
Drug-susceptible tuberculosis,934,250,sliding_3yr,2020
Drug-susceptible tuberculosis,934,67,year,2016
Drug-susceptible tuberculosis,934,79,year,2019
Drug-susceptible tuberculosis,934,250,year,2020
Dysthymia,569,48637,all,
Dysthymia,569,53,sliding_3yr,2016
Dysthymia,569,53,sliding_3yr,2017
Dysthymia,569,53,sliding_3yr,2018
Dysthymia,569,45415,sliding_3yr,2022
Dysthymia,569,48584,sliding_3yr,2023
Dysthymia,569,48584,sliding_3yr,2024
Dysthymia,569,53,year,2018
Dysthymia,569,45415,year,2024
Dysthymia,569,3169,year,2025
Eating disorders,572,1033,sliding_3yr,2008
Eating disorders,572,1033,sliding_3yr,2009
Eating disorders,572,1033,sliding_3yr,2010
Eating disorders,572,151,sliding_3yr,2011
Eating disorders,572,6193,sliding_3yr,2012
Eating disorders,572,6193,sliding_3yr,2013
Eating disorders,572,6042,sliding_3yr,2014
Eating disorders,572,7644,sliding_3yr,2015
Eating disorders,572,13827,sliding_3yr,2016
Eating disorders,572,314182,sliding_3yr,2017
Eating disorders,572,762381,sliding_3yr,2018
Eating disorders,572,1066616,sliding_3yr,2019
Eating disorders,572,9066173,sliding_3yr,2020
Eating disorders,572,11930114,sliding_3yr,2021
Eating disorders,572,11634688,sliding_3yr,2022
Eating disorders,572,3334776,sliding_3yr,2023
Eating disorders,572,14992,sliding_3yr,2024
Eating disorders,572,1033,year,2010
Eating disorders,572,151,year,2013
Eating disorders,572,6042,year,2014
Eating disorders,572,7644,year,2017
Eating disorders,572,6183,year,2018
Eating disorders,572,300355,year,2019
Eating disorders,572,455843,year,2020
Eating disorders,572,310418,year,2021
Eating disorders,572,8299912,year,2022
Eating disorders,572,3319784,year,2023
Eating disorders,572,14992,year,2024
Ebola,843,0,all,
Ectopic pregnancy,374,22931,all,
Ectopic pregnancy,374,331,sliding_3yr,2016
Ectopic pregnancy,374,331,sliding_3yr,2017
Ectopic pregnancy,374,331,sliding_3yr,2018
Ectopic pregnancy,374,3041,sliding_3yr,2019
Ectopic pregnancy,374,7062,sliding_3yr,2020
Ectopic pregnancy,374,14132,sliding_3yr,2021
Ectopic pregnancy,374,11091,sliding_3yr,2022
Ectopic pregnancy,374,15538,sliding_3yr,2023
Ectopic pregnancy,374,8468,sliding_3yr,2024
Ectopic pregnancy,374,331,year,2018
Ectopic pregnancy,374,3041,year,2021
Ectopic pregnancy,374,4021,year,2022
Ectopic pregnancy,374,7070,year,2023
Ectopic pregnancy,374,8468,year,2025
Edentulism,684,683366,all,
Edentulism,684,9526,sliding_3yr,2016
Edentulism,684,50070,sliding_3yr,2017
Edentulism,684,50070,sliding_3yr,2018
Edentulism,684,106331,sliding_3yr,2019
Edentulism,684,80592,sliding_3yr,2020
Edentulism,684,80592,sliding_3yr,2021
Edentulism,684,533987,sliding_3yr,2022
Edentulism,684,539257,sliding_3yr,2023
Edentulism,684,552704,sliding_3yr,2024
Edentulism,684,9526,year,2018
Edentulism,684,40544,year,2019
Edentulism,684,65787,year,2021
Edentulism,684,14805,year,2022
Edentulism,684,519182,year,2024
Edentulism,684,20075,year,2025
Edentulism,684,13447,year,2026
Encephalitis,337,1959,all,
Encephalitis,337,345,sliding_3yr,2016
Encephalitis,337,345,sliding_3yr,2017
Encephalitis,337,345,sliding_3yr,2018
Encephalitis,337,189,sliding_3yr,2019
Encephalitis,337,463,sliding_3yr,2020
Encephalitis,337,463,sliding_3yr,2021
Encephalitis,337,1165,sliding_3yr,2022
Encephalitis,337,1151,sliding_3yr,2023
Encephalitis,337,1151,sliding_3yr,2024
Encephalitis,337,345,year,2018
Encephalitis,337,189,year,2021
Encephalitis,337,274,year,2022
Encephalitis,337,891,year,2024
Encephalitis,337,260,year,2025
Endocarditis,503,14337,all,
Endocarditis,503,810,sliding_3yr,2016
Endocarditis,503,810,sliding_3yr,2017
Endocarditis,503,810,sliding_3yr,2018
Endocarditis,503,1411,sliding_3yr,2019
Endocarditis,503,1411,sliding_3yr,2020
Endocarditis,503,2622,sliding_3yr,2021
Endocarditis,503,10141,sliding_3yr,2022
Endocarditis,503,12116,sliding_3yr,2023
Endocarditis,503,10905,sliding_3yr,2024
Endocarditis,503,810,year,2018
Endocarditis,503,1411,year,2021
Endocarditis,503,1211,year,2023
Endocarditis,503,8930,year,2024
Endocarditis,503,1975,year,2025
"Endocrine, metabolic, blood, and immune disorders",619,5502,sliding_3yr,2016
"Endocrine, metabolic, blood, and immune disorders",619,5502,sliding_3yr,2017
"Endocrine, metabolic, blood, and immune disorders",619,5502,sliding_3yr,2018
"Endocrine, metabolic, blood, and immune disorders",619,103841,sliding_3yr,2019
"Endocrine, metabolic, blood, and immune disorders",619,109535,sliding_3yr,2020
"Endocrine, metabolic, blood, and immune disorders",619,109535,sliding_3yr,2021
"Endocrine, metabolic, blood, and immune disorders",619,188578,sliding_3yr,2022
"Endocrine, metabolic, blood, and immune disorders",619,719201,sliding_3yr,2023
"Endocrine, metabolic, blood, and immune disorders",619,747195,sliding_3yr,2024
"Endocrine, metabolic, blood, and immune disorders",619,5502,year,2018
"Endocrine, metabolic, blood, and immune disorders",619,103841,year,2021
"Endocrine, metabolic, blood, and immune disorders",619,5694,year,2022
"Endocrine, metabolic, blood, and immune disorders",619,182884,year,2024
"Endocrine, metabolic, blood, and immune disorders",619,536317,year,2025
"Endocrine, metabolic, blood, and immune disorders",619,27994,year,2026
Endometriosis,607,2526648,all,
Endometriosis,607,8189,sliding_3yr,2008
Endometriosis,607,8189,sliding_3yr,2009
Endometriosis,607,17854,sliding_3yr,2010
Endometriosis,607,11684,sliding_3yr,2011
Endometriosis,607,11684,sliding_3yr,2012
Endometriosis,607,2338,sliding_3yr,2013
Endometriosis,607,1835,sliding_3yr,2014
Endometriosis,607,25295,sliding_3yr,2015
Endometriosis,607,34280,sliding_3yr,2016
Endometriosis,607,34054,sliding_3yr,2017
Endometriosis,607,246045,sliding_3yr,2018
Endometriosis,607,279110,sliding_3yr,2019
Endometriosis,607,277820,sliding_3yr,2020
Endometriosis,607,1630111,sliding_3yr,2021
Endometriosis,607,1620206,sliding_3yr,2022
Endometriosis,607,1861084,sliding_3yr,2023
Endometriosis,607,605324,sliding_3yr,2024
Endometriosis,607,8189,year,2010
Endometriosis,607,9665,year,2012
Endometriosis,607,2019,year,2013
Endometriosis,607,319,year,2015
Endometriosis,607,1516,year,2016
Endometriosis,607,23460,year,2017
Endometriosis,607,9304,year,2018
Endometriosis,607,1290,year,2019
Endometriosis,607,235451,year,2020
Endometriosis,607,42369,year,2021
Endometriosis,607,1587742,year,2023
Endometriosis,607,32464,year,2024
Endometriosis,607,240878,year,2025
Endometriosis,607,331982,year,2026
Esophageal cancer,411,2005883,all,
Esophageal cancer,411,964,sliding_3yr,2007
Esophageal cancer,411,13540,sliding_3yr,2008
Esophageal cancer,411,19557,sliding_3yr,2009
Esophageal cancer,411,38839,sliding_3yr,2010
Esophageal cancer,411,36610,sliding_3yr,2011
Esophageal cancer,411,30593,sliding_3yr,2012
Esophageal cancer,411,10347,sliding_3yr,2013
Esophageal cancer,411,14391,sliding_3yr,2014
Esophageal cancer,411,14391,sliding_3yr,2015
Esophageal cancer,411,24247,sliding_3yr,2016
Esophageal cancer,411,23534,sliding_3yr,2017
Esophageal cancer,411,52509,sliding_3yr,2018
Esophageal cancer,411,50555,sliding_3yr,2019
Esophageal cancer,411,64516,sliding_3yr,2020
Esophageal cancer,411,335447,sliding_3yr,2021
Esophageal cancer,411,332107,sliding_3yr,2022
Esophageal cancer,411,1853292,sliding_3yr,2023
Esophageal cancer,411,1553386,sliding_3yr,2024
Esophageal cancer,411,964,year,2009
Esophageal cancer,411,12576,year,2010
Esophageal cancer,411,6017,year,2011
Esophageal cancer,411,20246,year,2012
Esophageal cancer,411,10347,year,2013
Esophageal cancer,411,14391,year,2016
Esophageal cancer,411,9856,year,2018
Esophageal cancer,411,13678,year,2019
Esophageal cancer,411,28975,year,2020
Esophageal cancer,411,7902,year,2021
Esophageal cancer,411,27639,year,2022
Esophageal cancer,411,299906,year,2023
Esophageal cancer,411,4562,year,2024
Esophageal cancer,411,1548824,year,2025
Extensively drug-resistant tuberculosis,947,396,all,
Extensively drug-resistant tuberculosis,947,67,sliding_3yr,2014
Extensively drug-resistant tuberculosis,947,67,sliding_3yr,2015
Extensively drug-resistant tuberculosis,947,67,sliding_3yr,2016
Extensively drug-resistant tuberculosis,947,79,sliding_3yr,2017
Extensively drug-resistant tuberculosis,947,329,sliding_3yr,2018
Extensively drug-resistant tuberculosis,947,329,sliding_3yr,2019
Extensively drug-resistant tuberculosis,947,250,sliding_3yr,2020
Extensively drug-resistant tuberculosis,947,67,year,2016
Extensively drug-resistant tuberculosis,947,79,year,2019
Extensively drug-resistant tuberculosis,947,250,year,2020
Eye cancer,1008,535,sliding_3yr,2015
Eye cancer,1008,887,sliding_3yr,2016
Eye cancer,1008,3740,sliding_3yr,2017
Eye cancer,1008,3205,sliding_3yr,2018
Eye cancer,1008,8899,sliding_3yr,2019
Eye cancer,1008,6046,sliding_3yr,2020
Eye cancer,1008,6046,sliding_3yr,2021
Eye cancer,1008,1468,sliding_3yr,2022
Eye cancer,1008,3894,sliding_3yr,2023
Eye cancer,1008,3894,sliding_3yr,2024
Eye cancer,1008,535,year,2017
Eye cancer,1008,352,year,2018
Eye cancer,1008,2853,year,2019
Eye cancer,1008,6046,year,2021
Eye cancer,1008,1468,year,2024
Eye cancer,1008,2426,year,2025
Female infertility,606,204636,all,
Female infertility,606,159,sliding_3yr,2007
Female infertility,606,159,sliding_3yr,2008
Female infertility,606,950,sliding_3yr,2009
Female infertility,606,913,sliding_3yr,2010
Female infertility,606,913,sliding_3yr,2011
Female infertility,606,122,sliding_3yr,2012
Female infertility,606,1400,sliding_3yr,2016
Female infertility,606,1400,sliding_3yr,2017
Female infertility,606,1565,sliding_3yr,2018
Female infertility,606,7659,sliding_3yr,2019
Female infertility,606,7659,sliding_3yr,2020
Female infertility,606,10554,sliding_3yr,2021
Female infertility,606,7314,sliding_3yr,2022
Female infertility,606,167466,sliding_3yr,2023
Female infertility,606,191445,sliding_3yr,2024
Female infertility,606,159,year,2009
Female infertility,606,791,year,2011
Female infertility,606,122,year,2012
Female infertility,606,1400,year,2018
Female infertility,606,165,year,2020
Female infertility,606,7494,year,2021
Female infertility,606,3060,year,2023
Female infertility,606,4254,year,2024
Female infertility,606,160152,year,2025
Female infertility,606,27039,year,2026
Food-borne trematodiases,364,0,all,
Fungal skin diseases,659,891796,all,
Fungal skin diseases,659,834,sliding_3yr,2016
Fungal skin diseases,659,834,sliding_3yr,2017
Fungal skin diseases,659,834,sliding_3yr,2018
Fungal skin diseases,659,30108,sliding_3yr,2019
Fungal skin diseases,659,30108,sliding_3yr,2020
Fungal skin diseases,659,30108,sliding_3yr,2021
Fungal skin diseases,659,623670,sliding_3yr,2022
Fungal skin diseases,659,804257,sliding_3yr,2023
Fungal skin diseases,659,860854,sliding_3yr,2024
Fungal skin diseases,659,834,year,2018
Fungal skin diseases,659,30108,year,2021
Fungal skin diseases,659,623670,year,2024
Fungal skin diseases,659,180587,year,2025
Fungal skin diseases,659,56597,year,2026
G6PD deficiency,616,0,all,
G6PD trait,839,0,all,
Gallbladder and biliary diseases,534,191837,all,
Gallbladder and biliary diseases,534,5077,sliding_3yr,2010
Gallbladder and biliary diseases,534,5077,sliding_3yr,2011
Gallbladder and biliary diseases,534,5077,sliding_3yr,2012
Gallbladder and biliary diseases,534,6480,sliding_3yr,2013
Gallbladder and biliary diseases,534,6480,sliding_3yr,2014
Gallbladder and biliary diseases,534,10845,sliding_3yr,2015
Gallbladder and biliary diseases,534,11888,sliding_3yr,2016
Gallbladder and biliary diseases,534,13743,sliding_3yr,2017
Gallbladder and biliary diseases,534,9378,sliding_3yr,2018
Gallbladder and biliary diseases,534,54189,sliding_3yr,2019
Gallbladder and biliary diseases,534,61790,sliding_3yr,2020
Gallbladder and biliary diseases,534,62186,sliding_3yr,2021
Gallbladder and biliary diseases,534,75557,sliding_3yr,2022
Gallbladder and biliary diseases,534,80173,sliding_3yr,2023
Gallbladder and biliary diseases,534,104351,sliding_3yr,2024
Gallbladder and biliary diseases,534,5077,year,2012
Gallbladder and biliary diseases,534,6480,year,2015
Gallbladder and biliary diseases,534,4365,year,2017
Gallbladder and biliary diseases,534,7523,year,2018
Gallbladder and biliary diseases,534,1855,year,2019
Gallbladder and biliary diseases,534,52334,year,2021
Gallbladder and biliary diseases,534,9456,year,2022
Gallbladder and biliary diseases,534,396,year,2023
Gallbladder and biliary diseases,534,65705,year,2024
Gallbladder and biliary diseases,534,14072,year,2025
Gallbladder and biliary diseases,534,24574,year,2026
Gallbladder and biliary tract cancer,453,305533,all,
Gallbladder and biliary tract cancer,453,71,sliding_3yr,2010
Gallbladder and biliary tract cancer,453,71,sliding_3yr,2011
Gallbladder and biliary tract cancer,453,71,sliding_3yr,2012
Gallbladder and biliary tract cancer,453,1500,sliding_3yr,2015
Gallbladder and biliary tract cancer,453,1696,sliding_3yr,2016
Gallbladder and biliary tract cancer,453,1696,sliding_3yr,2017
Gallbladder and biliary tract cancer,453,874,sliding_3yr,2018
Gallbladder and biliary tract cancer,453,1021,sliding_3yr,2019
Gallbladder and biliary tract cancer,453,7178,sliding_3yr,2020
Gallbladder and biliary tract cancer,453,302394,sliding_3yr,2021
Gallbladder and biliary tract cancer,453,302522,sliding_3yr,2022
Gallbladder and biliary tract cancer,453,296588,sliding_3yr,2023
Gallbladder and biliary tract cancer,453,694,sliding_3yr,2024
Gallbladder and biliary tract cancer,453,71,year,2012
Gallbladder and biliary tract cancer,453,1500,year,2017
Gallbladder and biliary tract cancer,453,196,year,2018
Gallbladder and biliary tract cancer,453,678,year,2020
Gallbladder and biliary tract cancer,453,343,year,2021
Gallbladder and biliary tract cancer,453,6157,year,2022
Gallbladder and biliary tract cancer,453,295894,year,2023
Gallbladder and biliary tract cancer,453,471,year,2024
Gallbladder and biliary tract cancer,453,223,year,2025
Gastritis and duodenitis,528,682195,all,
Gastritis and duodenitis,528,1781,sliding_3yr,2012
Gastritis and duodenitis,528,1781,sliding_3yr,2013
Gastritis and duodenitis,528,1781,sliding_3yr,2014
Gastritis and duodenitis,528,38762,sliding_3yr,2016
Gastritis and duodenitis,528,40887,sliding_3yr,2017
Gastritis and duodenitis,528,40887,sliding_3yr,2018
Gastritis and duodenitis,528,172927,sliding_3yr,2019
Gastritis and duodenitis,528,180350,sliding_3yr,2020
Gastritis and duodenitis,528,342089,sliding_3yr,2021
Gastritis and duodenitis,528,281391,sliding_3yr,2022
Gastritis and duodenitis,528,420542,sliding_3yr,2023
Gastritis and duodenitis,528,297438,sliding_3yr,2024
Gastritis and duodenitis,528,1781,year,2014
Gastritis and duodenitis,528,38762,year,2018
Gastritis and duodenitis,528,2125,year,2019
Gastritis and duodenitis,528,170802,year,2021
Gastritis and duodenitis,528,9548,year,2022
Gastritis and duodenitis,528,161739,year,2023
Gastritis and duodenitis,528,110104,year,2024
Gastritis and duodenitis,528,148699,year,2025
Gastritis and duodenitis,528,38635,year,2026
Gastroesophageal reflux disease,536,4883358,all,
Gastroesophageal reflux disease,536,2247,sliding_3yr,2014
Gastroesophageal reflux disease,536,2247,sliding_3yr,2015
Gastroesophageal reflux disease,536,32752,sliding_3yr,2016
Gastroesophageal reflux disease,536,110770,sliding_3yr,2017
Gastroesophageal reflux disease,536,111518,sliding_3yr,2018
Gastroesophageal reflux disease,536,1106883,sliding_3yr,2019
Gastroesophageal reflux disease,536,1351849,sliding_3yr,2020
Gastroesophageal reflux disease,536,2341838,sliding_3yr,2021
Gastroesophageal reflux disease,536,2321654,sliding_3yr,2022
Gastroesophageal reflux disease,536,3378473,sliding_3yr,2023
Gastroesophageal reflux disease,536,2427755,sliding_3yr,2024
Gastroesophageal reflux disease,536,2247,year,2016
Gastroesophageal reflux disease,536,30505,year,2018
Gastroesophageal reflux disease,536,80265,year,2019
Gastroesophageal reflux disease,536,748,year,2020
Gastroesophageal reflux disease,536,1025870,year,2021
Gastroesophageal reflux disease,536,325231,year,2022
Gastroesophageal reflux disease,536,990737,year,2023
Gastroesophageal reflux disease,536,1005686,year,2024
Gastroesophageal reflux disease,536,1382050,year,2025
Gastroesophageal reflux disease,536,40019,year,2026
Genital herpes,398,42862,all,
Genital herpes,398,214,sliding_3yr,2016
Genital herpes,398,214,sliding_3yr,2017
Genital herpes,398,214,sliding_3yr,2018
Genital herpes,398,4427,sliding_3yr,2019
Genital herpes,398,4427,sliding_3yr,2020
Genital herpes,398,4427,sliding_3yr,2021
Genital herpes,398,30974,sliding_3yr,2022
Genital herpes,398,38221,sliding_3yr,2023
Genital herpes,398,38221,sliding_3yr,2024
Genital herpes,398,214,year,2018
Genital herpes,398,4427,year,2021
Genital herpes,398,30974,year,2024
Genital herpes,398,7247,year,2025
Genital prolapse,608,242055,all,
Genital prolapse,608,191,sliding_3yr,2009
Genital prolapse,608,191,sliding_3yr,2010
Genital prolapse,608,191,sliding_3yr,2011
Genital prolapse,608,1716,sliding_3yr,2013
Genital prolapse,608,1716,sliding_3yr,2014
Genital prolapse,608,1716,sliding_3yr,2015
Genital prolapse,608,24856,sliding_3yr,2016
Genital prolapse,608,24856,sliding_3yr,2017
Genital prolapse,608,39866,sliding_3yr,2018
Genital prolapse,608,96783,sliding_3yr,2019
Genital prolapse,608,124869,sliding_3yr,2020
Genital prolapse,608,112003,sliding_3yr,2021
Genital prolapse,608,67928,sliding_3yr,2022
Genital prolapse,608,64257,sliding_3yr,2023
Genital prolapse,608,88279,sliding_3yr,2024
Genital prolapse,608,191,year,2011
Genital prolapse,608,1716,year,2015
Genital prolapse,608,24856,year,2018
Genital prolapse,608,15010,year,2020
Genital prolapse,608,81773,year,2021
Genital prolapse,608,28086,year,2022
Genital prolapse,608,2144,year,2023
Genital prolapse,608,37698,year,2024
Genital prolapse,608,24415,year,2025
Genital prolapse,608,26166,year,2026
Glaucoma,670,2827680,all,
Glaucoma,670,827,sliding_3yr,2007
Glaucoma,670,4570,sliding_3yr,2008
Glaucoma,670,10634,sliding_3yr,2009
Glaucoma,670,22465,sliding_3yr,2010
Glaucoma,670,19122,sliding_3yr,2011
Glaucoma,670,22076,sliding_3yr,2012
Glaucoma,670,22095,sliding_3yr,2013
Glaucoma,670,43808,sliding_3yr,2014
Glaucoma,670,34790,sliding_3yr,2015
Glaucoma,670,105790,sliding_3yr,2016
Glaucoma,670,122796,sliding_3yr,2017
Glaucoma,670,158924,sliding_3yr,2018
Glaucoma,670,1185340,sliding_3yr,2019
Glaucoma,670,1228567,sliding_3yr,2020
Glaucoma,670,1336043,sliding_3yr,2021
Glaucoma,670,942244,sliding_3yr,2022
Glaucoma,670,1371226,sliding_3yr,2023
Glaucoma,670,1265213,sliding_3yr,2024
Glaucoma,670,827,year,2009
Glaucoma,670,3743,year,2010
Glaucoma,670,6064,year,2011
Glaucoma,670,12658,year,2012
Glaucoma,670,400,year,2013
Glaucoma,670,9018,year,2014
Glaucoma,670,12677,year,2015
Glaucoma,670,22113,year,2016
Glaucoma,670,83677,year,2018
Glaucoma,670,39119,year,2019
Glaucoma,670,36128,year,2020
Glaucoma,670,1110093,year,2021
Glaucoma,670,82346,year,2022
Glaucoma,670,143604,year,2023
Glaucoma,670,716294,year,2024
Glaucoma,670,511328,year,2025
Glaucoma,670,37591,year,2026
Gonococcal infection,396,0,all,
Gout,632,1931976,all,
Gout,632,988,sliding_3yr,2009
Gout,632,4659,sliding_3yr,2010
Gout,632,4659,sliding_3yr,2011
Gout,632,3671,sliding_3yr,2012
Gout,632,6268,sliding_3yr,2013
Gout,632,13392,sliding_3yr,2014
Gout,632,13392,sliding_3yr,2015
Gout,632,13889,sliding_3yr,2016
Gout,632,10383,sliding_3yr,2017
Gout,632,15573,sliding_3yr,2018
Gout,632,82665,sliding_3yr,2019
Gout,632,201394,sliding_3yr,2020
Gout,632,213523,sliding_3yr,2021
Gout,632,1317952,sliding_3yr,2022
Gout,632,1664314,sliding_3yr,2023
Gout,632,1684829,sliding_3yr,2024
Gout,632,988,year,2011
Gout,632,3671,year,2012
Gout,632,6268,year,2015
Gout,632,7124,year,2016
Gout,632,6765,year,2018
Gout,632,3618,year,2019
Gout,632,5190,year,2020
Gout,632,73857,year,2021
Gout,632,122347,year,2022
Gout,632,17319,year,2023
Gout,632,1178286,year,2024
Gout,632,468709,year,2025
Gout,632,37834,year,2026
Guinea worm disease,936,0,all,
Gynecological diseases,603,159,sliding_3yr,2007
Gynecological diseases,603,12430,sliding_3yr,2008
Gynecological diseases,603,18458,sliding_3yr,2009
Gynecological diseases,603,41532,sliding_3yr,2010
Gynecological diseases,603,31280,sliding_3yr,2011
Gynecological diseases,603,25252,sliding_3yr,2012
Gynecological diseases,603,15513,sliding_3yr,2013
Gynecological diseases,603,15010,sliding_3yr,2014
Gynecological diseases,603,42869,sliding_3yr,2015
Gynecological diseases,603,157159,sliding_3yr,2016
Gynecological diseases,603,251357,sliding_3yr,2017
Gynecological diseases,603,488195,sliding_3yr,2018
Gynecological diseases,603,741131,sliding_3yr,2019
Gynecological diseases,603,1203183,sliding_3yr,2020
Gynecological diseases,603,2611766,sliding_3yr,2021
Gynecological diseases,603,2650249,sliding_3yr,2022
Gynecological diseases,603,3264724,sliding_3yr,2023
Gynecological diseases,603,2098724,sliding_3yr,2024
Gynecological diseases,603,159,year,2009
Gynecological diseases,603,12271,year,2010
Gynecological diseases,603,6028,year,2011
Gynecological diseases,603,23233,year,2012
Gynecological diseases,603,2019,year,2013
Gynecological diseases,603,13494,year,2015
Gynecological diseases,603,1516,year,2016
Gynecological diseases,603,27859,year,2017
Gynecological diseases,603,127784,year,2018
Gynecological diseases,603,95714,year,2019
Gynecological diseases,603,264697,year,2020
Gynecological diseases,603,380720,year,2021
Gynecological diseases,603,557766,year,2022
Gynecological diseases,603,1673280,year,2023
Gynecological diseases,603,419203,year,2024
Gynecological diseases,603,1172241,year,2025
Gynecological diseases,603,507280,year,2026
HIV/AIDS,298,1798,sliding_3yr,2007
HIV/AIDS,298,1798,sliding_3yr,2008
HIV/AIDS,298,2553,sliding_3yr,2009
HIV/AIDS,298,755,sliding_3yr,2010
HIV/AIDS,298,755,sliding_3yr,2011
HIV/AIDS,298,78,sliding_3yr,2019
HIV/AIDS,298,78,sliding_3yr,2020
HIV/AIDS,298,78,sliding_3yr,2021
HIV/AIDS,298,1798,year,2009
HIV/AIDS,298,755,year,2011
HIV/AIDS,298,78,year,2021
HIV/AIDS - Drug-susceptible Tuberculosis,948,0,all,
HIV/AIDS - Extensively drug-resistant Tuberculosis,950,0,all,
HIV/AIDS - Multidrug-resistant Tuberculosis without extensive drug resistance,949,0,all,
HIV/AIDS resulting in other diseases,300,2631,all,
HIV/AIDS resulting in other diseases,300,1798,sliding_3yr,2007
HIV/AIDS resulting in other diseases,300,1798,sliding_3yr,2008
HIV/AIDS resulting in other diseases,300,2553,sliding_3yr,2009
HIV/AIDS resulting in other diseases,300,755,sliding_3yr,2010
HIV/AIDS resulting in other diseases,300,755,sliding_3yr,2011
HIV/AIDS resulting in other diseases,300,78,sliding_3yr,2019
HIV/AIDS resulting in other diseases,300,78,sliding_3yr,2020
HIV/AIDS resulting in other diseases,300,78,sliding_3yr,2021
HIV/AIDS resulting in other diseases,300,1798,year,2009
HIV/AIDS resulting in other diseases,300,755,year,2011
HIV/AIDS resulting in other diseases,300,78,year,2021
Headache disorders,972,6120,sliding_3yr,2008
Headache disorders,972,20476,sliding_3yr,2009
Headache disorders,972,30091,sliding_3yr,2010
Headache disorders,972,64656,sliding_3yr,2011
Headache disorders,972,51963,sliding_3yr,2012
Headache disorders,972,42348,sliding_3yr,2013
Headache disorders,972,129126,sliding_3yr,2014
Headache disorders,972,189361,sliding_3yr,2015
Headache disorders,972,193970,sliding_3yr,2016
Headache disorders,972,66507,sliding_3yr,2017
Headache disorders,972,587937,sliding_3yr,2018
Headache disorders,972,790749,sliding_3yr,2019
Headache disorders,972,1677222,sliding_3yr,2020
Headache disorders,972,1859370,sliding_3yr,2021
Headache disorders,972,1893685,sliding_3yr,2022
Headache disorders,972,1457655,sliding_3yr,2023
Headache disorders,972,722858,sliding_3yr,2024
Headache disorders,972,6120,year,2010
Headache disorders,972,14356,year,2011
Headache disorders,972,9615,year,2012
Headache disorders,972,40685,year,2013
Headache disorders,972,1663,year,2014
Headache disorders,972,127463,year,2016
Headache disorders,972,61898,year,2017
Headache disorders,972,4609,year,2018
Headache disorders,972,583328,year,2020
Headache disorders,972,207421,year,2021
Headache disorders,972,886473,year,2022
Headache disorders,972,765476,year,2023
Headache disorders,972,241736,year,2024
Headache disorders,972,450443,year,2025
Headache disorders,972,30679,year,2026
Hemoglobinopathies and hemolytic anemias,613,2856,sliding_3yr,2007
Hemoglobinopathies and hemolytic anemias,613,2856,sliding_3yr,2008
Hemoglobinopathies and hemolytic anemias,613,2856,sliding_3yr,2009
Hemoglobinopathies and hemolytic anemias,613,4150,sliding_3yr,2011
Hemoglobinopathies and hemolytic anemias,613,4150,sliding_3yr,2012
Hemoglobinopathies and hemolytic anemias,613,4150,sliding_3yr,2013
Hemoglobinopathies and hemolytic anemias,613,296,sliding_3yr,2016
Hemoglobinopathies and hemolytic anemias,613,296,sliding_3yr,2017
Hemoglobinopathies and hemolytic anemias,613,296,sliding_3yr,2018
Hemoglobinopathies and hemolytic anemias,613,15617,sliding_3yr,2022
Hemoglobinopathies and hemolytic anemias,613,19832,sliding_3yr,2023
Hemoglobinopathies and hemolytic anemias,613,94018,sliding_3yr,2024
Hemoglobinopathies and hemolytic anemias,613,2856,year,2009
Hemoglobinopathies and hemolytic anemias,613,4150,year,2013
Hemoglobinopathies and hemolytic anemias,613,296,year,2018
Hemoglobinopathies and hemolytic anemias,613,15617,year,2024
Hemoglobinopathies and hemolytic anemias,613,4215,year,2025
Hemoglobinopathies and hemolytic anemias,613,74186,year,2026
Hemolytic disease and other neonatal jaundice,384,8738,all,
Hemolytic disease and other neonatal jaundice,384,8738,sliding_3yr,2022
Hemolytic disease and other neonatal jaundice,384,8738,sliding_3yr,2023
Hemolytic disease and other neonatal jaundice,384,8738,sliding_3yr,2024
Hemolytic disease and other neonatal jaundice,384,8738,year,2024
Hepatoblastoma,1005,234564,all,
Hepatoblastoma,1005,2855,sliding_3yr,2008
Hepatoblastoma,1005,4844,sliding_3yr,2009
Hepatoblastoma,1005,16293,sliding_3yr,2010
Hepatoblastoma,1005,13438,sliding_3yr,2011
Hepatoblastoma,1005,11449,sliding_3yr,2012
Hepatoblastoma,1005,332,sliding_3yr,2013
Hepatoblastoma,1005,332,sliding_3yr,2014
Hepatoblastoma,1005,2209,sliding_3yr,2015
Hepatoblastoma,1005,8499,sliding_3yr,2016
Hepatoblastoma,1005,8499,sliding_3yr,2017
Hepatoblastoma,1005,10354,sliding_3yr,2018
Hepatoblastoma,1005,4795,sliding_3yr,2019
Hepatoblastoma,1005,10953,sliding_3yr,2020
Hepatoblastoma,1005,190215,sliding_3yr,2021
Hepatoblastoma,1005,189152,sliding_3yr,2022
Hepatoblastoma,1005,198487,sliding_3yr,2023
Hepatoblastoma,1005,15493,sliding_3yr,2024
Hepatoblastoma,1005,2855,year,2010
Hepatoblastoma,1005,1989,year,2011
Hepatoblastoma,1005,11449,year,2012
Hepatoblastoma,1005,332,year,2015
Hepatoblastoma,1005,1877,year,2017
Hepatoblastoma,1005,6622,year,2018
Hepatoblastoma,1005,3732,year,2020
Hepatoblastoma,1005,1063,year,2021
Hepatoblastoma,1005,6158,year,2022
Hepatoblastoma,1005,182994,year,2023
Hepatoblastoma,1005,15493,year,2025
Hodgkin lymphoma,484,59888,all,
Hodgkin lymphoma,484,2646,sliding_3yr,2008
Hodgkin lymphoma,484,3152,sliding_3yr,2009
Hodgkin lymphoma,484,4915,sliding_3yr,2010
Hodgkin lymphoma,484,5758,sliding_3yr,2011
Hodgkin lymphoma,484,8349,sliding_3yr,2012
Hodgkin lymphoma,484,6586,sliding_3yr,2013
Hodgkin lymphoma,484,3097,sliding_3yr,2014
Hodgkin lymphoma,484,16238,sliding_3yr,2015
Hodgkin lymphoma,484,21821,sliding_3yr,2016
Hodgkin lymphoma,484,21821,sliding_3yr,2017
Hodgkin lymphoma,484,5583,sliding_3yr,2018
Hodgkin lymphoma,484,831,sliding_3yr,2019
Hodgkin lymphoma,484,22073,sliding_3yr,2020
Hodgkin lymphoma,484,22073,sliding_3yr,2021
Hodgkin lymphoma,484,23622,sliding_3yr,2022
Hodgkin lymphoma,484,4493,sliding_3yr,2023
Hodgkin lymphoma,484,4493,sliding_3yr,2024
Hodgkin lymphoma,484,2646,year,2010
Hodgkin lymphoma,484,506,year,2011
Hodgkin lymphoma,484,1763,year,2012
Hodgkin lymphoma,484,3489,year,2013
Hodgkin lymphoma,484,3097,year,2014
Hodgkin lymphoma,484,16238,year,2017
Hodgkin lymphoma,484,5583,year,2018
Hodgkin lymphoma,484,831,year,2021
Hodgkin lymphoma,484,21242,year,2022
Hodgkin lymphoma,484,2380,year,2024
Hodgkin lymphoma,484,2113,year,2025
Hookworm disease,363,0,all,
Hypertensive heart disease,498,315274,all,
Hypertensive heart disease,498,1888,sliding_3yr,2016
Hypertensive heart disease,498,1888,sliding_3yr,2017
Hypertensive heart disease,498,1888,sliding_3yr,2018
Hypertensive heart disease,498,453,sliding_3yr,2021
Hypertensive heart disease,498,256467,sliding_3yr,2022
Hypertensive heart disease,498,313386,sliding_3yr,2023
Hypertensive heart disease,498,312933,sliding_3yr,2024
Hypertensive heart disease,498,1888,year,2018
Hypertensive heart disease,498,453,year,2023
Hypertensive heart disease,498,256014,year,2024
Hypertensive heart disease,498,56919,year,2025
Idiopathic developmental intellectual disability,582,1713,all,
Idiopathic developmental intellectual disability,582,1713,sliding_3yr,2023
Idiopathic developmental intellectual disability,582,1713,sliding_3yr,2024
Idiopathic developmental intellectual disability,582,1713,year,2025
Idiopathic epilepsy,545,1270021,all,
Idiopathic epilepsy,545,1087,sliding_3yr,2009
Idiopathic epilepsy,545,3503,sliding_3yr,2010
Idiopathic epilepsy,545,4392,sliding_3yr,2011
Idiopathic epilepsy,545,12001,sliding_3yr,2012
Idiopathic epilepsy,545,9749,sliding_3yr,2013
Idiopathic epilepsy,545,8860,sliding_3yr,2014
Idiopathic epilepsy,545,164,sliding_3yr,2015
Idiopathic epilepsy,545,30019,sliding_3yr,2016
Idiopathic epilepsy,545,30019,sliding_3yr,2017
Idiopathic epilepsy,545,34305,sliding_3yr,2018
Idiopathic epilepsy,545,895907,sliding_3yr,2019
Idiopathic epilepsy,545,895974,sliding_3yr,2020
Idiopathic epilepsy,545,1002990,sliding_3yr,2021
Idiopathic epilepsy,545,289571,sliding_3yr,2022
Idiopathic epilepsy,545,306171,sliding_3yr,2023
Idiopathic epilepsy,545,219474,sliding_3yr,2024
Idiopathic epilepsy,545,1087,year,2011
Idiopathic epilepsy,545,2416,year,2012
Idiopathic epilepsy,545,889,year,2013
Idiopathic epilepsy,545,8696,year,2014
Idiopathic epilepsy,545,164,year,2015
Idiopathic epilepsy,545,30019,year,2018
Idiopathic epilepsy,545,4286,year,2020
Idiopathic epilepsy,545,891621,year,2021
Idiopathic epilepsy,545,67,year,2022
Idiopathic epilepsy,545,111302,year,2023
Idiopathic epilepsy,545,178202,year,2024
Idiopathic epilepsy,545,16667,year,2025
Idiopathic epilepsy,545,24605,year,2026
Indirect maternal deaths,375,0,all,
Inflammatory bowel disease,532,11176,sliding_3yr,2005
Inflammatory bowel disease,532,21850,sliding_3yr,2006
Inflammatory bowel disease,532,29693,sliding_3yr,2007
Inflammatory bowel disease,532,51759,sliding_3yr,2008
Inflammatory bowel disease,532,69836,sliding_3yr,2009
Inflammatory bowel disease,532,180022,sliding_3yr,2010
Inflammatory bowel disease,532,227675,sliding_3yr,2011
Inflammatory bowel disease,532,213588,sliding_3yr,2012
Inflammatory bowel disease,532,154341,sliding_3yr,2013
Inflammatory bowel disease,532,181667,sliding_3yr,2014
Inflammatory bowel disease,532,334724,sliding_3yr,2015
Inflammatory bowel disease,532,1331739,sliding_3yr,2016
Inflammatory bowel disease,532,1256701,sliding_3yr,2017
Inflammatory bowel disease,532,1101691,sliding_3yr,2018
Inflammatory bowel disease,532,189355,sliding_3yr,2019
Inflammatory bowel disease,532,170873,sliding_3yr,2020
Inflammatory bowel disease,532,439671,sliding_3yr,2021
Inflammatory bowel disease,532,376469,sliding_3yr,2022
Inflammatory bowel disease,532,1165427,sliding_3yr,2023
Inflammatory bowel disease,532,937528,sliding_3yr,2024
Inflammatory bowel disease,532,11176,year,2007
Inflammatory bowel disease,532,10674,year,2008
Inflammatory bowel disease,532,7843,year,2009
Inflammatory bowel disease,532,33242,year,2010
Inflammatory bowel disease,532,28751,year,2011
Inflammatory bowel disease,532,118029,year,2012
Inflammatory bowel disease,532,80895,year,2013
Inflammatory bowel disease,532,14664,year,2014
Inflammatory bowel disease,532,58782,year,2015
Inflammatory bowel disease,532,108221,year,2016
Inflammatory bowel disease,532,167721,year,2017
Inflammatory bowel disease,532,1055797,year,2018
Inflammatory bowel disease,532,33183,year,2019
Inflammatory bowel disease,532,12711,year,2020
Inflammatory bowel disease,532,143461,year,2021
Inflammatory bowel disease,532,14701,year,2022
Inflammatory bowel disease,532,281509,year,2023
Inflammatory bowel disease,532,80259,year,2024
Inflammatory bowel disease,532,803659,year,2025
Inflammatory bowel disease,532,53610,year,2026
"Inguinal, femoral, and abdominal hernia",531,1432599,all,
"Inguinal, femoral, and abdominal hernia",531,14996,sliding_3yr,2013
"Inguinal, femoral, and abdominal hernia",531,14996,sliding_3yr,2014
"Inguinal, femoral, and abdominal hernia",531,14996,sliding_3yr,2015
"Inguinal, femoral, and abdominal hernia",531,67717,sliding_3yr,2016
"Inguinal, femoral, and abdominal hernia",531,67717,sliding_3yr,2017
"Inguinal, femoral, and abdominal hernia",531,113674,sliding_3yr,2018
"Inguinal, femoral, and abdominal hernia",531,257650,sliding_3yr,2019
"Inguinal, femoral, and abdominal hernia",531,511582,sliding_3yr,2020
"Inguinal, femoral, and abdominal hernia",531,465876,sliding_3yr,2021
"Inguinal, femoral, and abdominal hernia",531,647000,sliding_3yr,2022
"Inguinal, femoral, and abdominal hernia",531,813087,sliding_3yr,2023
"Inguinal, femoral, and abdominal hernia",531,838053,sliding_3yr,2024
"Inguinal, femoral, and abdominal hernia",531,14996,year,2015
"Inguinal, femoral, and abdominal hernia",531,67717,year,2018
"Inguinal, femoral, and abdominal hernia",531,45957,year,2020
"Inguinal, femoral, and abdominal hernia",531,211693,year,2021
"Inguinal, femoral, and abdominal hernia",531,253932,year,2022
"Inguinal, femoral, and abdominal hernia",531,251,year,2023
"Inguinal, femoral, and abdominal hernia",531,392817,year,2024
"Inguinal, femoral, and abdominal hernia",531,420019,year,2025
"Inguinal, femoral, and abdominal hernia",531,25217,year,2026
Interstitial lung disease and pulmonary sarcoidosis,516,331302,all,
Interstitial lung disease and pulmonary sarcoidosis,516,4487,sliding_3yr,2006
Interstitial lung disease and pulmonary sarcoidosis,516,4487,sliding_3yr,2007
Interstitial lung disease and pulmonary sarcoidosis,516,4487,sliding_3yr,2008
Interstitial lung disease and pulmonary sarcoidosis,516,2043,sliding_3yr,2009
Interstitial lung disease and pulmonary sarcoidosis,516,12875,sliding_3yr,2010
Interstitial lung disease and pulmonary sarcoidosis,516,53814,sliding_3yr,2011
Interstitial lung disease and pulmonary sarcoidosis,516,51771,sliding_3yr,2012
Interstitial lung disease and pulmonary sarcoidosis,516,45358,sliding_3yr,2013
Interstitial lung disease and pulmonary sarcoidosis,516,8507,sliding_3yr,2014
Interstitial lung disease and pulmonary sarcoidosis,516,11329,sliding_3yr,2015
Interstitial lung disease and pulmonary sarcoidosis,516,7458,sliding_3yr,2016
Interstitial lung disease and pulmonary sarcoidosis,516,11227,sliding_3yr,2017
Interstitial lung disease and pulmonary sarcoidosis,516,13588,sliding_3yr,2018
Interstitial lung disease and pulmonary sarcoidosis,516,32208,sliding_3yr,2019
Interstitial lung disease and pulmonary sarcoidosis,516,72077,sliding_3yr,2020
Interstitial lung disease and pulmonary sarcoidosis,516,71900,sliding_3yr,2021
Interstitial lung disease and pulmonary sarcoidosis,516,69393,sliding_3yr,2022
Interstitial lung disease and pulmonary sarcoidosis,516,133080,sliding_3yr,2023
Interstitial lung disease and pulmonary sarcoidosis,516,176184,sliding_3yr,2024
Interstitial lung disease and pulmonary sarcoidosis,516,4487,year,2008
Interstitial lung disease and pulmonary sarcoidosis,516,2043,year,2011
Interstitial lung disease and pulmonary sarcoidosis,516,10832,year,2012
Interstitial lung disease and pulmonary sarcoidosis,516,40939,year,2013
Interstitial lung disease and pulmonary sarcoidosis,516,4419,year,2015
Interstitial lung disease and pulmonary sarcoidosis,516,4088,year,2016
Interstitial lung disease and pulmonary sarcoidosis,516,2822,year,2017
Interstitial lung disease and pulmonary sarcoidosis,516,548,year,2018
Interstitial lung disease and pulmonary sarcoidosis,516,7857,year,2019
Interstitial lung disease and pulmonary sarcoidosis,516,5183,year,2020
Interstitial lung disease and pulmonary sarcoidosis,516,19168,year,2021
Interstitial lung disease and pulmonary sarcoidosis,516,47726,year,2022
Interstitial lung disease and pulmonary sarcoidosis,516,5006,year,2023
Interstitial lung disease and pulmonary sarcoidosis,516,16661,year,2024
Interstitial lung disease and pulmonary sarcoidosis,516,111413,year,2025
Interstitial lung disease and pulmonary sarcoidosis,516,48110,year,2026
Intracerebral hemorrhage,496,101424,all,
Intracerebral hemorrhage,496,3226,sliding_3yr,2012
Intracerebral hemorrhage,496,3226,sliding_3yr,2013
Intracerebral hemorrhage,496,3226,sliding_3yr,2014
Intracerebral hemorrhage,496,7786,sliding_3yr,2016
Intracerebral hemorrhage,496,14922,sliding_3yr,2017
Intracerebral hemorrhage,496,14922,sliding_3yr,2018
Intracerebral hemorrhage,496,21466,sliding_3yr,2019
Intracerebral hemorrhage,496,14330,sliding_3yr,2020
Intracerebral hemorrhage,496,21137,sliding_3yr,2021
Intracerebral hemorrhage,496,32818,sliding_3yr,2022
Intracerebral hemorrhage,496,43037,sliding_3yr,2023
Intracerebral hemorrhage,496,62139,sliding_3yr,2024
Intracerebral hemorrhage,496,3226,year,2014
Intracerebral hemorrhage,496,7786,year,2018
Intracerebral hemorrhage,496,7136,year,2019
Intracerebral hemorrhage,496,14330,year,2021
Intracerebral hemorrhage,496,6807,year,2023
Intracerebral hemorrhage,496,26011,year,2024
Intracerebral hemorrhage,496,10219,year,2025
Intracerebral hemorrhage,496,25909,year,2026
Invasive Non-typhoidal Salmonella (iNTS),959,351,all,
Invasive Non-typhoidal Salmonella (iNTS),959,351,sliding_3yr,2016
Invasive Non-typhoidal Salmonella (iNTS),959,351,sliding_3yr,2017
Invasive Non-typhoidal Salmonella (iNTS),959,351,sliding_3yr,2018
Invasive Non-typhoidal Salmonella (iNTS),959,351,year,2018
Iodine deficiency,388,209,all,
Iodine deficiency,388,209,sliding_3yr,2023
Iodine deficiency,388,209,sliding_3yr,2024
Iodine deficiency,388,209,year,2025
Ischemic heart disease,493,679417,all,
Ischemic heart disease,493,4158,sliding_3yr,2016
Ischemic heart disease,493,6068,sliding_3yr,2017
Ischemic heart disease,493,6068,sliding_3yr,2018
Ischemic heart disease,493,2662,sliding_3yr,2019
Ischemic heart disease,493,8222,sliding_3yr,2020
Ischemic heart disease,493,8222,sliding_3yr,2021
Ischemic heart disease,493,196746,sliding_3yr,2022
Ischemic heart disease,493,604515,sliding_3yr,2023
Ischemic heart disease,493,665127,sliding_3yr,2024
Ischemic heart disease,493,4158,year,2018
Ischemic heart disease,493,1910,year,2019
Ischemic heart disease,493,752,year,2021
Ischemic heart disease,493,7470,year,2022
Ischemic heart disease,493,189276,year,2024
Ischemic heart disease,493,415239,year,2025
Ischemic heart disease,493,60612,year,2026
Ischemic stroke,495,3614139,all,
Ischemic stroke,495,71290,sliding_3yr,2013
Ischemic stroke,495,142808,sliding_3yr,2014
Ischemic stroke,495,145934,sliding_3yr,2015
Ischemic stroke,495,269836,sliding_3yr,2016
Ischemic stroke,495,258114,sliding_3yr,2017
Ischemic stroke,495,331851,sliding_3yr,2018
Ischemic stroke,495,320262,sliding_3yr,2019
Ischemic stroke,495,1146489,sliding_3yr,2020
Ischemic stroke,495,2940515,sliding_3yr,2021
Ischemic stroke,495,2880060,sliding_3yr,2022
Ischemic stroke,495,2020881,sliding_3yr,2023
Ischemic stroke,495,195839,sliding_3yr,2024
Ischemic stroke,495,71290,year,2015
Ischemic stroke,495,71518,year,2016
Ischemic stroke,495,3126,year,2017
Ischemic stroke,495,195192,year,2018
Ischemic stroke,495,59796,year,2019
Ischemic stroke,495,76863,year,2020
Ischemic stroke,495,183603,year,2021
Ischemic stroke,495,886023,year,2022
Ischemic stroke,495,1870889,year,2023
Ischemic stroke,495,123148,year,2024
Ischemic stroke,495,26844,year,2025
Ischemic stroke,495,45847,year,2026
Kidney cancer,471,55983,all,
Kidney cancer,471,2047,sliding_3yr,2016
Kidney cancer,471,2047,sliding_3yr,2017
Kidney cancer,471,3385,sliding_3yr,2018
Kidney cancer,471,4048,sliding_3yr,2019
Kidney cancer,471,4048,sliding_3yr,2020
Kidney cancer,471,2710,sliding_3yr,2021
Kidney cancer,471,34634,sliding_3yr,2022
Kidney cancer,471,37896,sliding_3yr,2023
Kidney cancer,471,49888,sliding_3yr,2024
Kidney cancer,471,2047,year,2018
Kidney cancer,471,1338,year,2020
Kidney cancer,471,2710,year,2021
Kidney cancer,471,34634,year,2024
Kidney cancer,471,3262,year,2025
Kidney cancer,471,11992,year,2026
Klinefelter syndrome,647,0,all,
Larynx cancer,423,7346,all,
Larynx cancer,423,258,sliding_3yr,2016
Larynx cancer,423,258,sliding_3yr,2017
Larynx cancer,423,258,sliding_3yr,2018
Larynx cancer,423,1198,sliding_3yr,2019
Larynx cancer,423,1198,sliding_3yr,2020
Larynx cancer,423,1198,sliding_3yr,2021
Larynx cancer,423,5674,sliding_3yr,2022
Larynx cancer,423,5890,sliding_3yr,2023
Larynx cancer,423,5890,sliding_3yr,2024
Larynx cancer,423,258,year,2018
Larynx cancer,423,1198,year,2021
Larynx cancer,423,5674,year,2024
Larynx cancer,423,216,year,2025
Late maternal deaths,376,0,all,
Latent tuberculosis infection,954,17450,all,
Latent tuberculosis infection,954,17450,sliding_3yr,2021
Latent tuberculosis infection,954,17450,sliding_3yr,2022
Latent tuberculosis infection,954,17450,sliding_3yr,2023
Latent tuberculosis infection,954,17450,year,2023
Leishmaniasis,347,2297,sliding_3yr,2011
Leishmaniasis,347,2297,sliding_3yr,2012
Leishmaniasis,347,2297,sliding_3yr,2013
Leishmaniasis,347,29898,sliding_3yr,2017
Leishmaniasis,347,31964,sliding_3yr,2018
Leishmaniasis,347,31964,sliding_3yr,2019
Leishmaniasis,347,2066,sliding_3yr,2020
Leishmaniasis,347,2297,year,2013
Leishmaniasis,347,29898,year,2019
Leishmaniasis,347,2066,year,2020
Leprosy,405,31310,all,
Leprosy,405,3960,sliding_3yr,2007
Leprosy,405,3960,sliding_3yr,2008
Leprosy,405,7967,sliding_3yr,2009
Leprosy,405,4007,sliding_3yr,2010
Leprosy,405,4007,sliding_3yr,2011
Leprosy,405,8313,sliding_3yr,2013
Leprosy,405,16469,sliding_3yr,2014
Leprosy,405,16469,sliding_3yr,2015
Leprosy,405,8156,sliding_3yr,2016
Leprosy,405,2930,sliding_3yr,2018
Leprosy,405,2930,sliding_3yr,2019
Leprosy,405,6874,sliding_3yr,2020
Leprosy,405,3944,sliding_3yr,2021
Leprosy,405,3944,sliding_3yr,2022
Leprosy,405,3960,year,2009
Leprosy,405,4007,year,2011
Leprosy,405,8313,year,2015
Leprosy,405,8156,year,2016
Leprosy,405,2930,year,2020
Leprosy,405,3944,year,2022
Leukemia,487,1529,sliding_3yr,2006
Leukemia,487,3240,sliding_3yr,2007
Leukemia,487,3968,sliding_3yr,2008
Leukemia,487,4805,sliding_3yr,2009
Leukemia,487,5076,sliding_3yr,2010
Leukemia,487,16684,sliding_3yr,2011
Leukemia,487,15587,sliding_3yr,2012
Leukemia,487,13605,sliding_3yr,2013
Leukemia,487,10506,sliding_3yr,2014
Leukemia,487,24993,sliding_3yr,2015
Leukemia,487,41167,sliding_3yr,2016
Leukemia,487,72276,sliding_3yr,2017
Leukemia,487,58224,sliding_3yr,2018
Leukemia,487,73337,sliding_3yr,2019
Leukemia,487,49488,sliding_3yr,2020
Leukemia,487,55992,sliding_3yr,2021
Leukemia,487,403655,sliding_3yr,2022
Leukemia,487,395383,sliding_3yr,2023
Leukemia,487,394145,sliding_3yr,2024
Leukemia,487,1529,year,2008
Leukemia,487,1711,year,2009
Leukemia,487,728,year,2010
Leukemia,487,2366,year,2011
Leukemia,487,1982,year,2012
Leukemia,487,12336,year,2013
Leukemia,487,1269,year,2014
Leukemia,487,9237,year,2016
Leukemia,487,15756,year,2017
Leukemia,487,16174,year,2018
Leukemia,487,40346,year,2019
Leukemia,487,1704,year,2020
Leukemia,487,31287,year,2021
Leukemia,487,16497,year,2022
Leukemia,487,8208,year,2023
Leukemia,487,378950,year,2024
Leukemia,487,8225,year,2025
Leukemia,487,6970,year,2026
Lip and oral cavity cancer,444,23758,all,
Lip and oral cavity cancer,444,5688,sliding_3yr,2014
Lip and oral cavity cancer,444,5688,sliding_3yr,2015
Lip and oral cavity cancer,444,5688,sliding_3yr,2016
Lip and oral cavity cancer,444,3199,sliding_3yr,2018
Lip and oral cavity cancer,444,5815,sliding_3yr,2019
Lip and oral cavity cancer,444,5815,sliding_3yr,2020
Lip and oral cavity cancer,444,2616,sliding_3yr,2021
Lip and oral cavity cancer,444,356,sliding_3yr,2022
Lip and oral cavity cancer,444,12255,sliding_3yr,2023
Lip and oral cavity cancer,444,12255,sliding_3yr,2024
Lip and oral cavity cancer,444,5688,year,2016
Lip and oral cavity cancer,444,3199,year,2020
Lip and oral cavity cancer,444,2616,year,2021
Lip and oral cavity cancer,444,356,year,2024
Lip and oral cavity cancer,444,11899,year,2025
Liver cancer,417,5710,sliding_3yr,2008
Liver cancer,417,9688,sliding_3yr,2009
Liver cancer,417,32586,sliding_3yr,2010
Liver cancer,417,26876,sliding_3yr,2011
Liver cancer,417,22898,sliding_3yr,2012
Liver cancer,417,664,sliding_3yr,2013
Liver cancer,417,664,sliding_3yr,2014
Liver cancer,417,7941,sliding_3yr,2015
Liver cancer,417,22152,sliding_3yr,2016
Liver cancer,417,22152,sliding_3yr,2017
Liver cancer,417,23017,sliding_3yr,2018
Liver cancer,417,22719,sliding_3yr,2019
Liver cancer,417,35630,sliding_3yr,2020
Liver cancer,417,689370,sliding_3yr,2021
Liver cancer,417,729263,sliding_3yr,2022
Liver cancer,417,762532,sliding_3yr,2023
Liver cancer,417,100650,sliding_3yr,2024
Liver cancer,417,5710,year,2010
Liver cancer,417,3978,year,2011
Liver cancer,417,22898,year,2012
Liver cancer,417,664,year,2015
Liver cancer,417,7277,year,2017
Liver cancer,417,14875,year,2018
Liver cancer,417,8142,year,2020
Liver cancer,417,14577,year,2021
Liver cancer,417,12911,year,2022
Liver cancer,417,661882,year,2023
Liver cancer,417,54470,year,2024
Liver cancer,417,46180,year,2025
Liver cancer due to NASH,996,0,all,
Liver cancer due to alcohol use,420,42401,all,
Liver cancer due to alcohol use,420,802,sliding_3yr,2016
Liver cancer due to alcohol use,420,802,sliding_3yr,2017
Liver cancer due to alcohol use,420,802,sliding_3yr,2018
Liver cancer due to alcohol use,420,9695,sliding_3yr,2019
Liver cancer due to alcohol use,420,10290,sliding_3yr,2020
Liver cancer due to alcohol use,420,10290,sliding_3yr,2021
Liver cancer due to alcohol use,420,25555,sliding_3yr,2022
Liver cancer due to alcohol use,420,31309,sliding_3yr,2023
Liver cancer due to alcohol use,420,31309,sliding_3yr,2024
Liver cancer due to alcohol use,420,802,year,2018
Liver cancer due to alcohol use,420,9695,year,2021
Liver cancer due to alcohol use,420,595,year,2022
Liver cancer due to alcohol use,420,24960,year,2024
Liver cancer due to alcohol use,420,6349,year,2025
Liver cancer due to hepatitis B,418,428,all,
Liver cancer due to hepatitis B,418,428,sliding_3yr,2019
Liver cancer due to hepatitis B,418,428,sliding_3yr,2020
Liver cancer due to hepatitis B,418,428,sliding_3yr,2021
Liver cancer due to hepatitis B,418,428,year,2021
Liver cancer due to hepatitis C,419,428,all,
Liver cancer due to hepatitis C,419,428,sliding_3yr,2019
Liver cancer due to hepatitis C,419,428,sliding_3yr,2020
Liver cancer due to hepatitis C,419,428,sliding_3yr,2021
Liver cancer due to hepatitis C,419,428,year,2021
Liver cancer due to other causes,421,575743,all,
Liver cancer due to other causes,421,2855,sliding_3yr,2008
Liver cancer due to other causes,421,4844,sliding_3yr,2009
Liver cancer due to other causes,421,16293,sliding_3yr,2010
Liver cancer due to other causes,421,13438,sliding_3yr,2011
Liver cancer due to other causes,421,11449,sliding_3yr,2012
Liver cancer due to other causes,421,332,sliding_3yr,2013
Liver cancer due to other causes,421,332,sliding_3yr,2014
Liver cancer due to other causes,421,5732,sliding_3yr,2015
Liver cancer due to other causes,421,12851,sliding_3yr,2016
Liver cancer due to other causes,421,12851,sliding_3yr,2017
Liver cancer due to other causes,421,11861,sliding_3yr,2018
Liver cancer due to other causes,421,7373,sliding_3yr,2019
Liver cancer due to other causes,421,13531,sliding_3yr,2020
Liver cancer due to other causes,421,488009,sliding_3yr,2021
Liver cancer due to other causes,421,514556,sliding_3yr,2022
Liver cancer due to other causes,421,532736,sliding_3yr,2023
Liver cancer due to other causes,421,53848,sliding_3yr,2024
Liver cancer due to other causes,421,2855,year,2010
Liver cancer due to other causes,421,1989,year,2011
Liver cancer due to other causes,421,11449,year,2012
Liver cancer due to other causes,421,332,year,2015
Liver cancer due to other causes,421,5400,year,2017
Liver cancer due to other causes,421,7451,year,2018
Liver cancer due to other causes,421,4410,year,2020
Liver cancer due to other causes,421,2963,year,2021
Liver cancer due to other causes,421,6158,year,2022
Liver cancer due to other causes,421,478888,year,2023
Liver cancer due to other causes,421,29510,year,2024
Liver cancer due to other causes,421,24338,year,2025
Low back pain,630,3049484,all,
Low back pain,630,91789,sliding_3yr,2016
Low back pain,630,456734,sliding_3yr,2017
Low back pain,630,640492,sliding_3yr,2018
Low back pain,630,1475523,sliding_3yr,2019
Low back pain,630,1424711,sliding_3yr,2020
Low back pain,630,1368905,sliding_3yr,2021
Low back pain,630,1108799,sliding_3yr,2022
Low back pain,630,1148314,sliding_3yr,2023
Low back pain,630,1040087,sliding_3yr,2024
Low back pain,630,91789,year,2018
Low back pain,630,364945,year,2019
Low back pain,630,183758,year,2020
Low back pain,630,926820,year,2021
Low back pain,630,314133,year,2022
Low back pain,630,127952,year,2023
Low back pain,630,666714,year,2024
Low back pain,630,353648,year,2025
Low back pain,630,19725,year,2026
Lower extremity peripheral arterial disease,502,4965064,all,
Lower extremity peripheral arterial disease,502,894,sliding_3yr,2008
Lower extremity peripheral arterial disease,502,894,sliding_3yr,2009
Lower extremity peripheral arterial disease,502,894,sliding_3yr,2010
Lower extremity peripheral arterial disease,502,2381,sliding_3yr,2012
Lower extremity peripheral arterial disease,502,5545,sliding_3yr,2013
Lower extremity peripheral arterial disease,502,5683,sliding_3yr,2014
Lower extremity peripheral arterial disease,502,3302,sliding_3yr,2015
Lower extremity peripheral arterial disease,502,138,sliding_3yr,2016
Lower extremity peripheral arterial disease,502,38910,sliding_3yr,2017
Lower extremity peripheral arterial disease,502,51978,sliding_3yr,2018
Lower extremity peripheral arterial disease,502,195455,sliding_3yr,2019
Lower extremity peripheral arterial disease,502,4875141,sliding_3yr,2020
Lower extremity peripheral arterial disease,502,4862073,sliding_3yr,2021
Lower extremity peripheral arterial disease,502,4718596,sliding_3yr,2022
Lower extremity peripheral arterial disease,502,7307,sliding_3yr,2023
Lower extremity peripheral arterial disease,502,44436,sliding_3yr,2024
Lower extremity peripheral arterial disease,502,894,year,2010
Lower extremity peripheral arterial disease,502,2381,year,2014
Lower extremity peripheral arterial disease,502,3164,year,2015
Lower extremity peripheral arterial disease,502,138,year,2016
Lower extremity peripheral arterial disease,502,38910,year,2019
Lower extremity peripheral arterial disease,502,13068,year,2020
Lower extremity peripheral arterial disease,502,143477,year,2021
Lower extremity peripheral arterial disease,502,4718596,year,2022
Lower extremity peripheral arterial disease,502,7307,year,2025
Lower extremity peripheral arterial disease,502,37129,year,2026
Lower respiratory infections,322,1399729,all,
Lower respiratory infections,322,2572,sliding_3yr,2016
Lower respiratory infections,322,2572,sliding_3yr,2017
Lower respiratory infections,322,2572,sliding_3yr,2018
Lower respiratory infections,322,112701,sliding_3yr,2019
Lower respiratory infections,322,134923,sliding_3yr,2020
Lower respiratory infections,322,249121,sliding_3yr,2021
Lower respiratory infections,322,375680,sliding_3yr,2022
Lower respiratory infections,322,1215057,sliding_3yr,2023
Lower respiratory infections,322,1148036,sliding_3yr,2024
Lower respiratory infections,322,2572,year,2018
Lower respiratory infections,322,112701,year,2021
Lower respiratory infections,322,22222,year,2022
Lower respiratory infections,322,114198,year,2023
Lower respiratory infections,322,239260,year,2024
Lower respiratory infections,322,861599,year,2025
Lower respiratory infections,322,47177,year,2026
Lymphatic filariasis,354,2903,all,
Lymphatic filariasis,354,2903,sliding_3yr,2021
Lymphatic filariasis,354,2903,sliding_3yr,2022
Lymphatic filariasis,354,2903,sliding_3yr,2023
Lymphatic filariasis,354,2903,year,2023
Major depressive disorder,568,48330325,all,
Major depressive disorder,568,9176,sliding_3yr,2006
Major depressive disorder,568,13133,sliding_3yr,2007
Major depressive disorder,568,39690,sliding_3yr,2008
Major depressive disorder,568,36901,sliding_3yr,2009
Major depressive disorder,568,53096,sliding_3yr,2010
Major depressive disorder,568,115270,sliding_3yr,2011
Major depressive disorder,568,108883,sliding_3yr,2012
Major depressive disorder,568,89106,sliding_3yr,2013
Major depressive disorder,568,575507,sliding_3yr,2014
Major depressive disorder,568,616742,sliding_3yr,2015
Major depressive disorder,568,2157386,sliding_3yr,2016
Major depressive disorder,568,4471720,sliding_3yr,2017
Major depressive disorder,568,7708133,sliding_3yr,2018
Major depressive disorder,568,14374566,sliding_3yr,2019
Major depressive disorder,568,24585188,sliding_3yr,2020
Major depressive disorder,568,32534073,sliding_3yr,2021
Major depressive disorder,568,30115355,sliding_3yr,2022
Major depressive disorder,568,18477799,sliding_3yr,2023
Major depressive disorder,568,7316417,sliding_3yr,2024
Major depressive disorder,568,9176,year,2008
Major depressive disorder,568,3957,year,2009
Major depressive disorder,568,26557,year,2010
Major depressive disorder,568,6387,year,2011
Major depressive disorder,568,20152,year,2012
Major depressive disorder,568,88731,year,2013
Major depressive disorder,568,375,year,2015
Major depressive disorder,568,575132,year,2016
Major depressive disorder,568,41235,year,2017
Major depressive disorder,568,1541019,year,2018
Major depressive disorder,568,2889466,year,2019
Major depressive disorder,568,3277648,year,2020
Major depressive disorder,568,8207452,year,2021
Major depressive disorder,568,13100088,year,2022
Major depressive disorder,568,11226533,year,2023
Major depressive disorder,568,5788734,year,2024
Major depressive disorder,568,1462532,year,2025
Major depressive disorder,568,65151,year,2026
Malaria,345,37296,all,
Malaria,345,2045,sliding_3yr,2007
Malaria,345,2045,sliding_3yr,2008
Malaria,345,2045,sliding_3yr,2009
Malaria,345,4382,sliding_3yr,2010
Malaria,345,9807,sliding_3yr,2011
Malaria,345,9807,sliding_3yr,2012
Malaria,345,16090,sliding_3yr,2013
Malaria,345,10665,sliding_3yr,2014
Malaria,345,10665,sliding_3yr,2015
Malaria,345,898,sliding_3yr,2016
Malaria,345,11760,sliding_3yr,2017
Malaria,345,11760,sliding_3yr,2018
Malaria,345,11988,sliding_3yr,2019
Malaria,345,1126,sliding_3yr,2020
Malaria,345,2229,sliding_3yr,2021
Malaria,345,1149,sliding_3yr,2022
Malaria,345,1893,sliding_3yr,2023
Malaria,345,790,sliding_3yr,2024
Malaria,345,2045,year,2009
Malaria,345,4382,year,2012
Malaria,345,5425,year,2013
Malaria,345,10665,year,2015
Malaria,345,898,year,2018
Malaria,345,10862,year,2019
Malaria,345,1126,year,2021
Malaria,345,1103,year,2023
Malaria,345,46,year,2024
Malaria,345,744,year,2025
Male infertility,598,160722,all,
Male infertility,598,92,sliding_3yr,2007
Male infertility,598,92,sliding_3yr,2008
Male infertility,598,92,sliding_3yr,2009
Male infertility,598,3136,sliding_3yr,2016
Male infertility,598,3136,sliding_3yr,2017
Male infertility,598,3136,sliding_3yr,2018
Male infertility,598,28895,sliding_3yr,2019
Male infertility,598,30645,sliding_3yr,2020
Male infertility,598,30645,sliding_3yr,2021
Male infertility,598,67655,sliding_3yr,2022
Male infertility,598,76285,sliding_3yr,2023
Male infertility,598,126849,sliding_3yr,2024
Male infertility,598,92,year,2009
Male infertility,598,3136,year,2018
Male infertility,598,28895,year,2021
Male infertility,598,1750,year,2022
Male infertility,598,65905,year,2024
Male infertility,598,10380,year,2025
Male infertility,598,50564,year,2026
Malignant neoplasm of bone and articular cartilage,1012,6647,all,
Malignant neoplasm of bone and articular cartilage,1012,552,sliding_3yr,2016
Malignant neoplasm of bone and articular cartilage,1012,552,sliding_3yr,2017
Malignant neoplasm of bone and articular cartilage,1012,552,sliding_3yr,2018
Malignant neoplasm of bone and articular cartilage,1012,546,sliding_3yr,2019
Malignant neoplasm of bone and articular cartilage,1012,546,sliding_3yr,2020
Malignant neoplasm of bone and articular cartilage,1012,546,sliding_3yr,2021
Malignant neoplasm of bone and articular cartilage,1012,5346,sliding_3yr,2022
Malignant neoplasm of bone and articular cartilage,1012,5549,sliding_3yr,2023
Malignant neoplasm of bone and articular cartilage,1012,5549,sliding_3yr,2024
Malignant neoplasm of bone and articular cartilage,1012,552,year,2018
Malignant neoplasm of bone and articular cartilage,1012,546,year,2021
Malignant neoplasm of bone and articular cartilage,1012,5346,year,2024
Malignant neoplasm of bone and articular cartilage,1012,203,year,2025
Malignant skin melanoma,459,1267752,all,
Malignant skin melanoma,459,2094,sliding_3yr,2006
Malignant skin melanoma,459,5945,sliding_3yr,2007
Malignant skin melanoma,459,5945,sliding_3yr,2008
Malignant skin melanoma,459,28010,sliding_3yr,2009
Malignant skin melanoma,459,24159,sliding_3yr,2010
Malignant skin melanoma,459,37825,sliding_3yr,2011
Malignant skin melanoma,459,19543,sliding_3yr,2012
Malignant skin melanoma,459,35533,sliding_3yr,2013
Malignant skin melanoma,459,21867,sliding_3yr,2014
Malignant skin melanoma,459,23171,sliding_3yr,2015
Malignant skin melanoma,459,25437,sliding_3yr,2016
Malignant skin melanoma,459,44804,sliding_3yr,2017
Malignant skin melanoma,459,154680,sliding_3yr,2018
Malignant skin melanoma,459,620303,sliding_3yr,2019
Malignant skin melanoma,459,617225,sliding_3yr,2020
Malignant skin melanoma,459,500168,sliding_3yr,2021
Malignant skin melanoma,459,155113,sliding_3yr,2022
Malignant skin melanoma,459,540086,sliding_3yr,2023
Malignant skin melanoma,459,540086,sliding_3yr,2024
Malignant skin melanoma,459,2094,year,2008
Malignant skin melanoma,459,3851,year,2009
Malignant skin melanoma,459,24159,year,2011
Malignant skin melanoma,459,13666,year,2013
Malignant skin melanoma,459,5877,year,2014
Malignant skin melanoma,459,15990,year,2015
Malignant skin melanoma,459,7181,year,2017
Malignant skin melanoma,459,18256,year,2018
Malignant skin melanoma,459,19367,year,2019
Malignant skin melanoma,459,117057,year,2020
Malignant skin melanoma,459,483879,year,2021
Malignant skin melanoma,459,16289,year,2022
Malignant skin melanoma,459,138824,year,2024
Malignant skin melanoma,459,401262,year,2025
Maternal abortion and miscarriage,995,183305,all,
Maternal abortion and miscarriage,995,5463,sliding_3yr,2016
Maternal abortion and miscarriage,995,5463,sliding_3yr,2017
Maternal abortion and miscarriage,995,5463,sliding_3yr,2018
Maternal abortion and miscarriage,995,100992,sliding_3yr,2019
Maternal abortion and miscarriage,995,113291,sliding_3yr,2020
Maternal abortion and miscarriage,995,113291,sliding_3yr,2021
Maternal abortion and miscarriage,995,27885,sliding_3yr,2022
Maternal abortion and miscarriage,995,36651,sliding_3yr,2023
Maternal abortion and miscarriage,995,64551,sliding_3yr,2024
Maternal abortion and miscarriage,995,5463,year,2018
Maternal abortion and miscarriage,995,100992,year,2021
Maternal abortion and miscarriage,995,12299,year,2022
Maternal abortion and miscarriage,995,15586,year,2024
Maternal abortion and miscarriage,995,21065,year,2025
Maternal abortion and miscarriage,995,27900,year,2026
Maternal deaths aggravated by HIV/AIDS,741,0,all,
Maternal disorders,366,3831,sliding_3yr,2010
Maternal disorders,366,3964,sliding_3yr,2011
Maternal disorders,366,6055,sliding_3yr,2012
Maternal disorders,366,2224,sliding_3yr,2013
Maternal disorders,366,4061,sliding_3yr,2014
Maternal disorders,366,1970,sliding_3yr,2015
Maternal disorders,366,18757,sliding_3yr,2016
Maternal disorders,366,46788,sliding_3yr,2017
Maternal disorders,366,91656,sliding_3yr,2018
Maternal disorders,366,242341,sliding_3yr,2019
Maternal disorders,366,280932,sliding_3yr,2020
Maternal disorders,366,427088,sliding_3yr,2021
Maternal disorders,366,497265,sliding_3yr,2022
Maternal disorders,366,577709,sliding_3yr,2023
Maternal disorders,366,657055,sliding_3yr,2024
Maternal disorders,366,3831,year,2012
Maternal disorders,366,133,year,2013
Maternal disorders,366,2091,year,2014
Maternal disorders,366,1970,year,2016
Maternal disorders,366,16787,year,2018
Maternal disorders,366,30001,year,2019
Maternal disorders,366,44868,year,2020
Maternal disorders,366,167472,year,2021
Maternal disorders,366,68592,year,2022
Maternal disorders,366,191024,year,2023
Maternal disorders,366,237649,year,2024
Maternal disorders,366,149036,year,2025
Maternal disorders,366,270370,year,2026
Maternal hemorrhage,367,44473,all,
Maternal hemorrhage,367,866,sliding_3yr,2016
Maternal hemorrhage,367,866,sliding_3yr,2017
Maternal hemorrhage,367,866,sliding_3yr,2018
Maternal hemorrhage,367,7566,sliding_3yr,2019
Maternal hemorrhage,367,14466,sliding_3yr,2020
Maternal hemorrhage,367,14466,sliding_3yr,2021
Maternal hemorrhage,367,6900,sliding_3yr,2022
Maternal hemorrhage,367,1098,sliding_3yr,2023
Maternal hemorrhage,367,29141,sliding_3yr,2024
Maternal hemorrhage,367,866,year,2018
Maternal hemorrhage,367,7566,year,2021
Maternal hemorrhage,367,6900,year,2022
Maternal hemorrhage,367,1098,year,2025
Maternal hemorrhage,367,28043,year,2026
Maternal hypertensive disorders,369,310169,all,
Maternal hypertensive disorders,369,2432,sliding_3yr,2010
Maternal hypertensive disorders,369,2565,sliding_3yr,2011
Maternal hypertensive disorders,369,2565,sliding_3yr,2012
Maternal hypertensive disorders,369,133,sliding_3yr,2013
Maternal hypertensive disorders,369,307,sliding_3yr,2016
Maternal hypertensive disorders,369,307,sliding_3yr,2017
Maternal hypertensive disorders,369,40221,sliding_3yr,2018
Maternal hypertensive disorders,369,51557,sliding_3yr,2019
Maternal hypertensive disorders,369,73061,sliding_3yr,2020
Maternal hypertensive disorders,369,145925,sliding_3yr,2021
Maternal hypertensive disorders,369,143919,sliding_3yr,2022
Maternal hypertensive disorders,369,145373,sliding_3yr,2023
Maternal hypertensive disorders,369,121458,sliding_3yr,2024
Maternal hypertensive disorders,369,2432,year,2012
Maternal hypertensive disorders,369,133,year,2013
Maternal hypertensive disorders,369,307,year,2018
Maternal hypertensive disorders,369,39914,year,2020
Maternal hypertensive disorders,369,11643,year,2021
Maternal hypertensive disorders,369,21504,year,2022
Maternal hypertensive disorders,369,112778,year,2023
Maternal hypertensive disorders,369,9637,year,2024
Maternal hypertensive disorders,369,22958,year,2025
Maternal hypertensive disorders,369,88863,year,2026
Maternal obstructed labor and uterine rupture,370,89477,all,
Maternal obstructed labor and uterine rupture,370,2974,sliding_3yr,2019
Maternal obstructed labor and uterine rupture,370,2974,sliding_3yr,2020
Maternal obstructed labor and uterine rupture,370,2974,sliding_3yr,2021
Maternal obstructed labor and uterine rupture,370,5762,sliding_3yr,2023
Maternal obstructed labor and uterine rupture,370,86503,sliding_3yr,2024
Maternal obstructed labor and uterine rupture,370,2974,year,2021
Maternal obstructed labor and uterine rupture,370,5762,year,2025
Maternal obstructed labor and uterine rupture,370,80741,year,2026
Maternal sepsis and other maternal infections,368,418155,all,
Maternal sepsis and other maternal infections,368,2091,sliding_3yr,2012
Maternal sepsis and other maternal infections,368,2091,sliding_3yr,2013
Maternal sepsis and other maternal infections,368,4061,sliding_3yr,2014
Maternal sepsis and other maternal infections,368,1970,sliding_3yr,2015
Maternal sepsis and other maternal infections,368,11597,sliding_3yr,2016
Maternal sepsis and other maternal infections,368,39525,sliding_3yr,2017
Maternal sepsis and other maternal infections,368,44479,sliding_3yr,2018
Maternal sepsis and other maternal infections,368,73057,sliding_3yr,2019
Maternal sepsis and other maternal infections,368,54147,sliding_3yr,2020
Maternal sepsis and other maternal infections,368,119342,sliding_3yr,2021
Maternal sepsis and other maternal infections,368,257274,sliding_3yr,2022
Maternal sepsis and other maternal infections,368,307720,sliding_3yr,2023
Maternal sepsis and other maternal infections,368,250273,sliding_3yr,2024
Maternal sepsis and other maternal infections,368,2091,year,2014
Maternal sepsis and other maternal infections,368,1970,year,2016
Maternal sepsis and other maternal infections,368,9627,year,2018
Maternal sepsis and other maternal infections,368,29898,year,2019
Maternal sepsis and other maternal infections,368,4954,year,2020
Maternal sepsis and other maternal infections,368,38205,year,2021
Maternal sepsis and other maternal infections,368,10988,year,2022
Maternal sepsis and other maternal infections,368,70149,year,2023
Maternal sepsis and other maternal infections,368,176137,year,2024
Maternal sepsis and other maternal infections,368,61434,year,2025
Maternal sepsis and other maternal infections,368,12702,year,2026
Measles,341,38528,all,
Measles,341,22734,sliding_3yr,2019
Measles,341,22734,sliding_3yr,2020
Measles,341,22734,sliding_3yr,2021
Measles,341,15794,sliding_3yr,2023
Measles,341,15794,sliding_3yr,2024
Measles,341,22734,year,2021
Measles,341,15794,year,2025
Meningitis,332,19128,all,
Meningitis,332,441,sliding_3yr,2016
Meningitis,332,5789,sliding_3yr,2017
Meningitis,332,5789,sliding_3yr,2018
Meningitis,332,12833,sliding_3yr,2019
Meningitis,332,7485,sliding_3yr,2020
Meningitis,332,7515,sliding_3yr,2021
Meningitis,332,2390,sliding_3yr,2022
Meningitis,332,5854,sliding_3yr,2023
Meningitis,332,5824,sliding_3yr,2024
Meningitis,332,441,year,2018
Meningitis,332,5348,year,2019
Meningitis,332,7485,year,2021
Meningitis,332,30,year,2023
Meningitis,332,2360,year,2024
Meningitis,332,3464,year,2025
Mesothelioma,483,1850,all,
Mesothelioma,483,1640,sliding_3yr,2011
Mesothelioma,483,1640,sliding_3yr,2012
Mesothelioma,483,1640,sliding_3yr,2013
Mesothelioma,483,210,sliding_3yr,2019
Mesothelioma,483,210,sliding_3yr,2020
Mesothelioma,483,210,sliding_3yr,2021
Mesothelioma,483,1640,year,2013
Mesothelioma,483,210,year,2021
Migraine,547,3424292,all,
Migraine,547,6120,sliding_3yr,2008
Migraine,547,20476,sliding_3yr,2009
Migraine,547,30091,sliding_3yr,2010
Migraine,547,64656,sliding_3yr,2011
Migraine,547,51963,sliding_3yr,2012
Migraine,547,42348,sliding_3yr,2013
Migraine,547,129126,sliding_3yr,2014
Migraine,547,189361,sliding_3yr,2015
Migraine,547,193655,sliding_3yr,2016
Migraine,547,66192,sliding_3yr,2017
Migraine,547,587622,sliding_3yr,2018
Migraine,547,790467,sliding_3yr,2019
Migraine,547,1676940,sliding_3yr,2020
Migraine,547,1859088,sliding_3yr,2021
Migraine,547,1887053,sliding_3yr,2022
Migraine,547,1450579,sliding_3yr,2023
Migraine,547,715782,sliding_3yr,2024
Migraine,547,6120,year,2010
Migraine,547,14356,year,2011
Migraine,547,9615,year,2012
Migraine,547,40685,year,2013
Migraine,547,1663,year,2014
Migraine,547,127463,year,2016
Migraine,547,61898,year,2017
Migraine,547,4294,year,2018
Migraine,547,583328,year,2020
Migraine,547,207139,year,2021
Migraine,547,886473,year,2022
Migraine,547,765476,year,2023
Migraine,547,235104,year,2024
Migraine,547,449999,year,2025
Migraine,547,30679,year,2026
Motor neuron disease,554,221,all,
Motor neuron disease,554,221,sliding_3yr,2016
Motor neuron disease,554,221,sliding_3yr,2017
Motor neuron disease,554,221,sliding_3yr,2018
Motor neuron disease,554,221,year,2018
Multidrug-resistant tuberculosis without extensive drug resistance,946,0,all,
Multiple myeloma,486,116079,all,
Multiple myeloma,486,1844,sliding_3yr,2009
Multiple myeloma,486,1844,sliding_3yr,2010
Multiple myeloma,486,9856,sliding_3yr,2011
Multiple myeloma,486,8984,sliding_3yr,2012
Multiple myeloma,486,16430,sliding_3yr,2013
Multiple myeloma,486,18284,sliding_3yr,2014
Multiple myeloma,486,24409,sliding_3yr,2015
Multiple myeloma,486,27489,sliding_3yr,2016
Multiple myeloma,486,17623,sliding_3yr,2017
Multiple myeloma,486,14773,sliding_3yr,2018
Multiple myeloma,486,26104,sliding_3yr,2019
Multiple myeloma,486,40577,sliding_3yr,2020
Multiple myeloma,486,36330,sliding_3yr,2021
Multiple myeloma,486,30223,sliding_3yr,2022
Multiple myeloma,486,29739,sliding_3yr,2023
Multiple myeloma,486,29739,sliding_3yr,2024
Multiple myeloma,486,1844,year,2011
Multiple myeloma,486,8012,year,2013
Multiple myeloma,486,972,year,2014
Multiple myeloma,486,7446,year,2015
Multiple myeloma,486,9866,year,2016
Multiple myeloma,486,7097,year,2017
Multiple myeloma,486,10526,year,2018
Multiple myeloma,486,4247,year,2020
Multiple myeloma,486,21857,year,2021
Multiple myeloma,486,14473,year,2022
Multiple myeloma,486,15750,year,2024
Multiple myeloma,486,13989,year,2025
Multiple sclerosis,546,1722038,all,
Multiple sclerosis,546,5684,sliding_3yr,2005
Multiple sclerosis,546,12474,sliding_3yr,2006
Multiple sclerosis,546,21187,sliding_3yr,2007
Multiple sclerosis,546,22763,sliding_3yr,2008
Multiple sclerosis,546,40720,sliding_3yr,2009
Multiple sclerosis,546,37495,sliding_3yr,2010
Multiple sclerosis,546,76574,sliding_3yr,2011
Multiple sclerosis,546,51827,sliding_3yr,2012
Multiple sclerosis,546,46339,sliding_3yr,2013
Multiple sclerosis,546,1288568,sliding_3yr,2014
Multiple sclerosis,546,1301518,sliding_3yr,2015
Multiple sclerosis,546,1302874,sliding_3yr,2016
Multiple sclerosis,546,140257,sliding_3yr,2017
Multiple sclerosis,546,127646,sliding_3yr,2018
Multiple sclerosis,546,140279,sliding_3yr,2019
Multiple sclerosis,546,21826,sliding_3yr,2020
Multiple sclerosis,546,27975,sliding_3yr,2021
Multiple sclerosis,546,87953,sliding_3yr,2022
Multiple sclerosis,546,163290,sliding_3yr,2023
Multiple sclerosis,546,159878,sliding_3yr,2024
Multiple sclerosis,546,5684,year,2007
Multiple sclerosis,546,6790,year,2008
Multiple sclerosis,546,8713,year,2009
Multiple sclerosis,546,7260,year,2010
Multiple sclerosis,546,24747,year,2011
Multiple sclerosis,546,5488,year,2012
Multiple sclerosis,546,46339,year,2013
Multiple sclerosis,546,1288568,year,2016
Multiple sclerosis,546,12950,year,2017
Multiple sclerosis,546,1356,year,2018
Multiple sclerosis,546,125951,year,2019
Multiple sclerosis,546,339,year,2020
Multiple sclerosis,546,13989,year,2021
Multiple sclerosis,546,7498,year,2022
Multiple sclerosis,546,6488,year,2023
Multiple sclerosis,546,73967,year,2024
Multiple sclerosis,546,82835,year,2025
Multiple sclerosis,546,3076,year,2026
"Myelodysplastic, myeloproliferative, and other hematopoietic neoplasms",964,42292,all,
"Myelodysplastic, myeloproliferative, and other hematopoietic neoplasms",964,324,sliding_3yr,2007
"Myelodysplastic, myeloproliferative, and other hematopoietic neoplasms",964,324,sliding_3yr,2008
"Myelodysplastic, myeloproliferative, and other hematopoietic neoplasms",964,324,sliding_3yr,2009
"Myelodysplastic, myeloproliferative, and other hematopoietic neoplasms",964,2433,sliding_3yr,2013
"Myelodysplastic, myeloproliferative, and other hematopoietic neoplasms",964,2433,sliding_3yr,2014
"Myelodysplastic, myeloproliferative, and other hematopoietic neoplasms",964,2433,sliding_3yr,2015
"Myelodysplastic, myeloproliferative, and other hematopoietic neoplasms",964,995,sliding_3yr,2016
"Myelodysplastic, myeloproliferative, and other hematopoietic neoplasms",964,995,sliding_3yr,2017
"Myelodysplastic, myeloproliferative, and other hematopoietic neoplasms",964,5193,sliding_3yr,2018
"Myelodysplastic, myeloproliferative, and other hematopoietic neoplasms",964,9418,sliding_3yr,2019
"Myelodysplastic, myeloproliferative, and other hematopoietic neoplasms",964,9418,sliding_3yr,2020
"Myelodysplastic, myeloproliferative, and other hematopoietic neoplasms",964,6647,sliding_3yr,2021
"Myelodysplastic, myeloproliferative, and other hematopoietic neoplasms",964,16801,sliding_3yr,2022
"Myelodysplastic, myeloproliferative, and other hematopoietic neoplasms",964,17056,sliding_3yr,2023
"Myelodysplastic, myeloproliferative, and other hematopoietic neoplasms",964,27695,sliding_3yr,2024
"Myelodysplastic, myeloproliferative, and other hematopoietic neoplasms",964,324,year,2009
"Myelodysplastic, myeloproliferative, and other hematopoietic neoplasms",964,2433,year,2015
"Myelodysplastic, myeloproliferative, and other hematopoietic neoplasms",964,995,year,2018
"Myelodysplastic, myeloproliferative, and other hematopoietic neoplasms",964,4198,year,2020
"Myelodysplastic, myeloproliferative, and other hematopoietic neoplasms",964,5220,year,2021
"Myelodysplastic, myeloproliferative, and other hematopoietic neoplasms",964,1427,year,2023
"Myelodysplastic, myeloproliferative, and other hematopoietic neoplasms",964,15374,year,2024
"Myelodysplastic, myeloproliferative, and other hematopoietic neoplasms",964,255,year,2025
"Myelodysplastic, myeloproliferative, and other hematopoietic neoplasms",964,12066,year,2026
Myocarditis,942,1137,all,
Myocarditis,942,106,sliding_3yr,2016
Myocarditis,942,106,sliding_3yr,2017
Myocarditis,942,139,sliding_3yr,2018
Myocarditis,942,870,sliding_3yr,2019
Myocarditis,942,870,sliding_3yr,2020
Myocarditis,942,837,sliding_3yr,2021
Myocarditis,942,161,sliding_3yr,2023
Myocarditis,942,161,sliding_3yr,2024
Myocarditis,942,106,year,2018
Myocarditis,942,33,year,2020
Myocarditis,942,837,year,2021
Myocarditis,942,161,year,2025
Nasopharynx cancer,447,30002,all,
Nasopharynx cancer,447,1191,sliding_3yr,2007
Nasopharynx cancer,447,6281,sliding_3yr,2008
Nasopharynx cancer,447,6281,sliding_3yr,2009
Nasopharynx cancer,447,6851,sliding_3yr,2010
Nasopharynx cancer,447,2219,sliding_3yr,2011
Nasopharynx cancer,447,2219,sliding_3yr,2012
Nasopharynx cancer,447,458,sliding_3yr,2013
Nasopharynx cancer,447,13914,sliding_3yr,2014
Nasopharynx cancer,447,13914,sliding_3yr,2015
Nasopharynx cancer,447,13914,sliding_3yr,2016
Nasopharynx cancer,447,2158,sliding_3yr,2017
Nasopharynx cancer,447,2158,sliding_3yr,2018
Nasopharynx cancer,447,2158,sliding_3yr,2019
Nasopharynx cancer,447,4506,sliding_3yr,2020
Nasopharynx cancer,447,4619,sliding_3yr,2021
Nasopharynx cancer,447,4834,sliding_3yr,2022
Nasopharynx cancer,447,924,sliding_3yr,2023
Nasopharynx cancer,447,811,sliding_3yr,2024
Nasopharynx cancer,447,1191,year,2009
Nasopharynx cancer,447,5090,year,2010
Nasopharynx cancer,447,1761,year,2012
Nasopharynx cancer,447,458,year,2013
Nasopharynx cancer,447,13914,year,2016
Nasopharynx cancer,447,2158,year,2019
Nasopharynx cancer,447,4506,year,2022
Nasopharynx cancer,447,113,year,2023
Nasopharynx cancer,447,215,year,2024
Nasopharynx cancer,447,596,year,2025
Near vision loss,1000,793735,all,
Near vision loss,1000,189776,sliding_3yr,2019
Near vision loss,1000,189776,sliding_3yr,2020
Near vision loss,1000,189776,sliding_3yr,2021
Near vision loss,1000,603338,sliding_3yr,2022
Near vision loss,1000,603959,sliding_3yr,2023
Near vision loss,1000,603959,sliding_3yr,2024
Near vision loss,1000,189776,year,2021
Near vision loss,1000,603338,year,2024
Near vision loss,1000,621,year,2025
Neck pain,631,942733,all,
Neck pain,631,1796,sliding_3yr,2016
Neck pain,631,1796,sliding_3yr,2017
Neck pain,631,500656,sliding_3yr,2018
Neck pain,631,620408,sliding_3yr,2019
Neck pain,631,620408,sliding_3yr,2020
Neck pain,631,194500,sliding_3yr,2021
Neck pain,631,320150,sliding_3yr,2022
Neck pain,631,320529,sliding_3yr,2023
Neck pain,631,247577,sliding_3yr,2024
Neck pain,631,1796,year,2018
Neck pain,631,498860,year,2020
Neck pain,631,121548,year,2021
Neck pain,631,72952,year,2023
Neck pain,631,247198,year,2024
Neck pain,631,379,year,2025
Neonatal disorders,380,4617,sliding_3yr,2013
Neonatal disorders,380,4617,sliding_3yr,2014
Neonatal disorders,380,6458,sliding_3yr,2015
Neonatal disorders,380,4229,sliding_3yr,2016
Neonatal disorders,380,10978,sliding_3yr,2017
Neonatal disorders,380,10118,sliding_3yr,2018
Neonatal disorders,380,7730,sliding_3yr,2019
Neonatal disorders,380,9945,sliding_3yr,2020
Neonatal disorders,380,32923,sliding_3yr,2021
Neonatal disorders,380,97511,sliding_3yr,2022
Neonatal disorders,380,102782,sliding_3yr,2023
Neonatal disorders,380,90791,sliding_3yr,2024
Neonatal disorders,380,4617,year,2015
Neonatal disorders,380,1841,year,2017
Neonatal disorders,380,2388,year,2018
Neonatal disorders,380,6749,year,2019
Neonatal disorders,380,981,year,2020
Neonatal disorders,380,8964,year,2022
Neonatal disorders,380,23959,year,2023
Neonatal disorders,380,64588,year,2024
Neonatal disorders,380,14235,year,2025
Neonatal disorders,380,11968,year,2026
Neonatal encephalopathy due to birth asphyxia and trauma,382,60501,all,
Neonatal encephalopathy due to birth asphyxia and trauma,382,475,sliding_3yr,2016
Neonatal encephalopathy due to birth asphyxia and trauma,382,475,sliding_3yr,2017
Neonatal encephalopathy due to birth asphyxia and trauma,382,475,sliding_3yr,2018
Neonatal encephalopathy due to birth asphyxia and trauma,382,3804,sliding_3yr,2020
Neonatal encephalopathy due to birth asphyxia and trauma,382,3804,sliding_3yr,2021
Neonatal encephalopathy due to birth asphyxia and trauma,382,59654,sliding_3yr,2022
Neonatal encephalopathy due to birth asphyxia and trauma,382,56222,sliding_3yr,2023
Neonatal encephalopathy due to birth asphyxia and trauma,382,56222,sliding_3yr,2024
Neonatal encephalopathy due to birth asphyxia and trauma,382,475,year,2018
Neonatal encephalopathy due to birth asphyxia and trauma,382,3804,year,2022
Neonatal encephalopathy due to birth asphyxia and trauma,382,55850,year,2024
Neonatal encephalopathy due to birth asphyxia and trauma,382,372,year,2025
Neonatal preterm birth,381,58128,all,
Neonatal preterm birth,381,4617,sliding_3yr,2013
Neonatal preterm birth,381,4617,sliding_3yr,2014
Neonatal preterm birth,381,6113,sliding_3yr,2015
Neonatal preterm birth,381,3379,sliding_3yr,2016
Neonatal preterm birth,381,10128,sliding_3yr,2017
Neonatal preterm birth,381,9613,sliding_3yr,2018
Neonatal preterm birth,381,7730,sliding_3yr,2019
Neonatal preterm birth,381,5561,sliding_3yr,2020
Neonatal preterm birth,381,28539,sliding_3yr,2021
Neonatal preterm birth,381,28539,sliding_3yr,2022
Neonatal preterm birth,381,37822,sliding_3yr,2023
Neonatal preterm birth,381,13863,sliding_3yr,2024
Neonatal preterm birth,381,4617,year,2015
Neonatal preterm birth,381,1496,year,2017
Neonatal preterm birth,381,1883,year,2018
Neonatal preterm birth,381,6749,year,2019
Neonatal preterm birth,381,981,year,2020
Neonatal preterm birth,381,4580,year,2022
Neonatal preterm birth,381,23959,year,2023
Neonatal preterm birth,381,13863,year,2025
Neonatal sepsis and other neonatal infections,383,375,all,
Neonatal sepsis and other neonatal infections,383,345,sliding_3yr,2015
Neonatal sepsis and other neonatal infections,383,375,sliding_3yr,2016
Neonatal sepsis and other neonatal infections,383,375,sliding_3yr,2017
Neonatal sepsis and other neonatal infections,383,30,sliding_3yr,2018
Neonatal sepsis and other neonatal infections,383,345,year,2017
Neonatal sepsis and other neonatal infections,383,30,year,2018
Neural tube defects,642,1178,all,
Neural tube defects,642,466,sliding_3yr,2016
Neural tube defects,642,466,sliding_3yr,2017
Neural tube defects,642,466,sliding_3yr,2018
Neural tube defects,642,325,sliding_3yr,2022
Neural tube defects,642,712,sliding_3yr,2023
Neural tube defects,642,712,sliding_3yr,2024
Neural tube defects,642,466,year,2018
Neural tube defects,642,325,year,2024
Neural tube defects,642,387,year,2025
Neuroblastoma and other peripheral nervous cell tumors,1013,30434,all,
Neuroblastoma and other peripheral nervous cell tumors,1013,1752,sliding_3yr,2006
Neuroblastoma and other peripheral nervous cell tumors,1013,2520,sliding_3yr,2007
Neuroblastoma and other peripheral nervous cell tumors,1013,4771,sliding_3yr,2008
Neuroblastoma and other peripheral nervous cell tumors,1013,3019,sliding_3yr,2009
Neuroblastoma and other peripheral nervous cell tumors,1013,5068,sliding_3yr,2010
Neuroblastoma and other peripheral nervous cell tumors,1013,2817,sliding_3yr,2011
Neuroblastoma and other peripheral nervous cell tumors,1013,2817,sliding_3yr,2012
Neuroblastoma and other peripheral nervous cell tumors,1013,4145,sliding_3yr,2015
Neuroblastoma and other peripheral nervous cell tumors,1013,4145,sliding_3yr,2016
Neuroblastoma and other peripheral nervous cell tumors,1013,21667,sliding_3yr,2017
Neuroblastoma and other peripheral nervous cell tumors,1013,17818,sliding_3yr,2018
Neuroblastoma and other peripheral nervous cell tumors,1013,17818,sliding_3yr,2019
Neuroblastoma and other peripheral nervous cell tumors,1013,1179,sliding_3yr,2020
Neuroblastoma and other peripheral nervous cell tumors,1013,883,sliding_3yr,2021
Neuroblastoma and other peripheral nervous cell tumors,1013,883,sliding_3yr,2022
Neuroblastoma and other peripheral nervous cell tumors,1013,1752,year,2008
Neuroblastoma and other peripheral nervous cell tumors,1013,768,year,2009
Neuroblastoma and other peripheral nervous cell tumors,1013,2251,year,2010
Neuroblastoma and other peripheral nervous cell tumors,1013,2817,year,2012
Neuroblastoma and other peripheral nervous cell tumors,1013,4145,year,2017
Neuroblastoma and other peripheral nervous cell tumors,1013,17522,year,2019
Neuroblastoma and other peripheral nervous cell tumors,1013,296,year,2020
Neuroblastoma and other peripheral nervous cell tumors,1013,883,year,2022
Non-Hodgkin lymphoma,485,399,sliding_3yr,2009
Non-Hodgkin lymphoma,485,399,sliding_3yr,2010
Non-Hodgkin lymphoma,485,399,sliding_3yr,2011
Non-Hodgkin lymphoma,485,5216,sliding_3yr,2012
Non-Hodgkin lymphoma,485,6753,sliding_3yr,2013
Non-Hodgkin lymphoma,485,7456,sliding_3yr,2014
Non-Hodgkin lymphoma,485,2240,sliding_3yr,2015
Non-Hodgkin lymphoma,485,1074,sliding_3yr,2016
Non-Hodgkin lymphoma,485,62996,sliding_3yr,2017
Non-Hodgkin lymphoma,485,62996,sliding_3yr,2018
Non-Hodgkin lymphoma,485,67889,sliding_3yr,2019
Non-Hodgkin lymphoma,485,35458,sliding_3yr,2020
Non-Hodgkin lymphoma,485,35458,sliding_3yr,2021
Non-Hodgkin lymphoma,485,31349,sliding_3yr,2022
Non-Hodgkin lymphoma,485,6736,sliding_3yr,2023
Non-Hodgkin lymphoma,485,6736,sliding_3yr,2024
Non-Hodgkin lymphoma,485,399,year,2011
Non-Hodgkin lymphoma,485,5216,year,2014
Non-Hodgkin lymphoma,485,1537,year,2015
Non-Hodgkin lymphoma,485,703,year,2016
Non-Hodgkin lymphoma,485,371,year,2018
Non-Hodgkin lymphoma,485,62625,year,2019
Non-Hodgkin lymphoma,485,5264,year,2021
Non-Hodgkin lymphoma,485,30194,year,2022
Non-Hodgkin lymphoma,485,1155,year,2024
Non-Hodgkin lymphoma,485,5581,year,2025
Non-melanoma skin cancer,462,2146,sliding_3yr,2006
Non-melanoma skin cancer,462,4711,sliding_3yr,2007
Non-melanoma skin cancer,462,4711,sliding_3yr,2008
Non-melanoma skin cancer,462,10663,sliding_3yr,2009
Non-melanoma skin cancer,462,8098,sliding_3yr,2010
Non-melanoma skin cancer,462,8098,sliding_3yr,2011
Non-melanoma skin cancer,462,5688,sliding_3yr,2012
Non-melanoma skin cancer,462,11742,sliding_3yr,2013
Non-melanoma skin cancer,462,23400.945,sliding_3yr,2014
Non-melanoma skin cancer,462,39962.945,sliding_3yr,2015
Non-melanoma skin cancer,462,39820.945,sliding_3yr,2016
Non-melanoma skin cancer,462,59949,sliding_3yr,2017
Non-melanoma skin cancer,462,56848,sliding_3yr,2018
Non-melanoma skin cancer,462,105643,sliding_3yr,2019
Non-melanoma skin cancer,462,346610,sliding_3yr,2020
Non-melanoma skin cancer,462,327461,sliding_3yr,2021
Non-melanoma skin cancer,462,454043,sliding_3yr,2022
Non-melanoma skin cancer,462,575915,sliding_3yr,2023
Non-melanoma skin cancer,462,575915,sliding_3yr,2024
Non-melanoma skin cancer,462,2146,year,2008
Non-melanoma skin cancer,462,2565,year,2009
Non-melanoma skin cancer,462,8098,year,2011
Non-melanoma skin cancer,462,5688,year,2014
Non-melanoma skin cancer,462,6054,year,2015
Non-melanoma skin cancer,462,11658.945,year,2016
Non-melanoma skin cancer,462,22250,year,2017
Non-melanoma skin cancer,462,5912,year,2018
Non-melanoma skin cancer,462,31787,year,2019
Non-melanoma skin cancer,462,19149,year,2020
Non-melanoma skin cancer,462,54707,year,2021
Non-melanoma skin cancer,462,272754,year,2022
Non-melanoma skin cancer,462,181289,year,2024
Non-melanoma skin cancer,462,394626,year,2025
Non-melanoma skin cancer (basal-cell carcinoma),850,975723.945,all,
Non-melanoma skin cancer (basal-cell carcinoma),850,2146,sliding_3yr,2006
Non-melanoma skin cancer (basal-cell carcinoma),850,4711,sliding_3yr,2007
Non-melanoma skin cancer (basal-cell carcinoma),850,4711,sliding_3yr,2008
Non-melanoma skin cancer (basal-cell carcinoma),850,10663,sliding_3yr,2009
Non-melanoma skin cancer (basal-cell carcinoma),850,8098,sliding_3yr,2010
Non-melanoma skin cancer (basal-cell carcinoma),850,8098,sliding_3yr,2011
Non-melanoma skin cancer (basal-cell carcinoma),850,5688,sliding_3yr,2012
Non-melanoma skin cancer (basal-cell carcinoma),850,11742,sliding_3yr,2013
Non-melanoma skin cancer (basal-cell carcinoma),850,15996.945,sliding_3yr,2014
Non-melanoma skin cancer (basal-cell carcinoma),850,32558.945,sliding_3yr,2015
Non-melanoma skin cancer (basal-cell carcinoma),850,32416.945,sliding_3yr,2016
Non-melanoma skin cancer (basal-cell carcinoma),850,59949,sliding_3yr,2017
Non-melanoma skin cancer (basal-cell carcinoma),850,37699,sliding_3yr,2018
Non-melanoma skin cancer (basal-cell carcinoma),850,86494,sliding_3yr,2019
Non-melanoma skin cancer (basal-cell carcinoma),850,327461,sliding_3yr,2020
Non-melanoma skin cancer (basal-cell carcinoma),850,327461,sliding_3yr,2021
Non-melanoma skin cancer (basal-cell carcinoma),850,437636,sliding_3yr,2022
Non-melanoma skin cancer (basal-cell carcinoma),850,559508,sliding_3yr,2023
Non-melanoma skin cancer (basal-cell carcinoma),850,559508,sliding_3yr,2024
Non-melanoma skin cancer (basal-cell carcinoma),850,2146,year,2008
Non-melanoma skin cancer (basal-cell carcinoma),850,2565,year,2009
Non-melanoma skin cancer (basal-cell carcinoma),850,8098,year,2011
Non-melanoma skin cancer (basal-cell carcinoma),850,5688,year,2014
Non-melanoma skin cancer (basal-cell carcinoma),850,6054,year,2015
Non-melanoma skin cancer (basal-cell carcinoma),850,4254.945,year,2016
Non-melanoma skin cancer (basal-cell carcinoma),850,22250,year,2017
Non-melanoma skin cancer (basal-cell carcinoma),850,5912,year,2018
Non-melanoma skin cancer (basal-cell carcinoma),850,31787,year,2019
Non-melanoma skin cancer (basal-cell carcinoma),850,54707,year,2021
Non-melanoma skin cancer (basal-cell carcinoma),850,272754,year,2022
Non-melanoma skin cancer (basal-cell carcinoma),850,164882,year,2024
Non-melanoma skin cancer (basal-cell carcinoma),850,394626,year,2025
Non-melanoma skin cancer (squamous-cell carcinoma),849,42960,all,
Non-melanoma skin cancer (squamous-cell carcinoma),849,7404,sliding_3yr,2014
Non-melanoma skin cancer (squamous-cell carcinoma),849,7404,sliding_3yr,2015
Non-melanoma skin cancer (squamous-cell carcinoma),849,7404,sliding_3yr,2016
Non-melanoma skin cancer (squamous-cell carcinoma),849,19149,sliding_3yr,2018
Non-melanoma skin cancer (squamous-cell carcinoma),849,19149,sliding_3yr,2019
Non-melanoma skin cancer (squamous-cell carcinoma),849,19149,sliding_3yr,2020
Non-melanoma skin cancer (squamous-cell carcinoma),849,16407,sliding_3yr,2022
Non-melanoma skin cancer (squamous-cell carcinoma),849,16407,sliding_3yr,2023
Non-melanoma skin cancer (squamous-cell carcinoma),849,16407,sliding_3yr,2024
Non-melanoma skin cancer (squamous-cell carcinoma),849,7404,year,2016
Non-melanoma skin cancer (squamous-cell carcinoma),849,19149,year,2020
Non-melanoma skin cancer (squamous-cell carcinoma),849,16407,year,2024
Non-rheumatic calcific aortic valve disease,968,171949,all,
Non-rheumatic calcific aortic valve disease,968,12985,sliding_3yr,2011
Non-rheumatic calcific aortic valve disease,968,12985,sliding_3yr,2012
Non-rheumatic calcific aortic valve disease,968,12985,sliding_3yr,2013
Non-rheumatic calcific aortic valve disease,968,3908,sliding_3yr,2016
Non-rheumatic calcific aortic valve disease,968,9023,sliding_3yr,2017
Non-rheumatic calcific aortic valve disease,968,9023,sliding_3yr,2018
Non-rheumatic calcific aortic valve disease,968,13511,sliding_3yr,2019
Non-rheumatic calcific aortic valve disease,968,10577,sliding_3yr,2020
Non-rheumatic calcific aortic valve disease,968,65257,sliding_3yr,2021
Non-rheumatic calcific aortic valve disease,968,119646,sliding_3yr,2022
Non-rheumatic calcific aortic valve disease,968,127195,sliding_3yr,2023
Non-rheumatic calcific aortic valve disease,968,84684,sliding_3yr,2024
Non-rheumatic calcific aortic valve disease,968,12985,year,2013
Non-rheumatic calcific aortic valve disease,968,3908,year,2018
Non-rheumatic calcific aortic valve disease,968,5115,year,2019
Non-rheumatic calcific aortic valve disease,968,8396,year,2021
Non-rheumatic calcific aortic valve disease,968,2181,year,2022
Non-rheumatic calcific aortic valve disease,968,54680,year,2023
Non-rheumatic calcific aortic valve disease,968,62785,year,2024
Non-rheumatic calcific aortic valve disease,968,9730,year,2025
Non-rheumatic calcific aortic valve disease,968,12169,year,2026
Non-rheumatic degenerative mitral valve disease,969,12959,all,
Non-rheumatic degenerative mitral valve disease,969,2864,sliding_3yr,2013
Non-rheumatic degenerative mitral valve disease,969,2864,sliding_3yr,2014
Non-rheumatic degenerative mitral valve disease,969,2864,sliding_3yr,2015
Non-rheumatic degenerative mitral valve disease,969,3308,sliding_3yr,2019
Non-rheumatic degenerative mitral valve disease,969,10095,sliding_3yr,2020
Non-rheumatic degenerative mitral valve disease,969,10095,sliding_3yr,2021
Non-rheumatic degenerative mitral valve disease,969,6787,sliding_3yr,2022
Non-rheumatic degenerative mitral valve disease,969,2864,year,2015
Non-rheumatic degenerative mitral valve disease,969,3308,year,2021
Non-rheumatic degenerative mitral valve disease,969,6787,year,2022
Non-rheumatic valvular heart disease,504,12985,sliding_3yr,2011
Non-rheumatic valvular heart disease,504,12985,sliding_3yr,2012
Non-rheumatic valvular heart disease,504,15849,sliding_3yr,2013
Non-rheumatic valvular heart disease,504,2864,sliding_3yr,2014
Non-rheumatic valvular heart disease,504,2864,sliding_3yr,2015
Non-rheumatic valvular heart disease,504,5071,sliding_3yr,2016
Non-rheumatic valvular heart disease,504,10186,sliding_3yr,2017
Non-rheumatic valvular heart disease,504,10186,sliding_3yr,2018
Non-rheumatic valvular heart disease,504,18942,sliding_3yr,2019
Non-rheumatic valvular heart disease,504,22795,sliding_3yr,2020
Non-rheumatic valvular heart disease,504,77475,sliding_3yr,2021
Non-rheumatic valvular heart disease,504,134075,sliding_3yr,2022
Non-rheumatic valvular heart disease,504,137563,sliding_3yr,2023
Non-rheumatic valvular heart disease,504,107128,sliding_3yr,2024
Non-rheumatic valvular heart disease,504,12985,year,2013
Non-rheumatic valvular heart disease,504,2864,year,2015
Non-rheumatic valvular heart disease,504,5071,year,2018
Non-rheumatic valvular heart disease,504,5115,year,2019
Non-rheumatic valvular heart disease,504,13827,year,2021
Non-rheumatic valvular heart disease,504,8968,year,2022
Non-rheumatic valvular heart disease,504,54680,year,2023
Non-rheumatic valvular heart disease,504,70427,year,2024
Non-rheumatic valvular heart disease,504,12456,year,2025
Non-rheumatic valvular heart disease,504,24245,year,2026
Nonalcoholic fatty liver disease including cirrhosis,971,980190,all,
Nonalcoholic fatty liver disease including cirrhosis,971,708,sliding_3yr,2008
Nonalcoholic fatty liver disease including cirrhosis,971,8476,sliding_3yr,2009
Nonalcoholic fatty liver disease including cirrhosis,971,9131,sliding_3yr,2010
Nonalcoholic fatty liver disease including cirrhosis,971,8987,sliding_3yr,2011
Nonalcoholic fatty liver disease including cirrhosis,971,5926,sliding_3yr,2012
Nonalcoholic fatty liver disease including cirrhosis,971,5271,sliding_3yr,2013
Nonalcoholic fatty liver disease including cirrhosis,971,4707,sliding_3yr,2014
Nonalcoholic fatty liver disease including cirrhosis,971,2383,sliding_3yr,2015
Nonalcoholic fatty liver disease including cirrhosis,971,3343,sliding_3yr,2016
Nonalcoholic fatty liver disease including cirrhosis,971,5555,sliding_3yr,2017
Nonalcoholic fatty liver disease including cirrhosis,971,7351,sliding_3yr,2018
Nonalcoholic fatty liver disease including cirrhosis,971,64123,sliding_3yr,2019
Nonalcoholic fatty liver disease including cirrhosis,971,87098,sliding_3yr,2020
Nonalcoholic fatty liver disease including cirrhosis,971,800584,sliding_3yr,2021
Nonalcoholic fatty liver disease including cirrhosis,971,745773,sliding_3yr,2022
Nonalcoholic fatty liver disease including cirrhosis,971,734372,sliding_3yr,2023
Nonalcoholic fatty liver disease including cirrhosis,971,155470,sliding_3yr,2024
Nonalcoholic fatty liver disease including cirrhosis,971,708,year,2010
Nonalcoholic fatty liver disease including cirrhosis,971,7768,year,2011
Nonalcoholic fatty liver disease including cirrhosis,971,655,year,2012
Nonalcoholic fatty liver disease including cirrhosis,971,564,year,2013
Nonalcoholic fatty liver disease including cirrhosis,971,4707,year,2014
Nonalcoholic fatty liver disease including cirrhosis,971,2383,year,2017
Nonalcoholic fatty liver disease including cirrhosis,971,960,year,2018
Nonalcoholic fatty liver disease including cirrhosis,971,2212,year,2019
Nonalcoholic fatty liver disease including cirrhosis,971,4179,year,2020
Nonalcoholic fatty liver disease including cirrhosis,971,57732,year,2021
Nonalcoholic fatty liver disease including cirrhosis,971,25187,year,2022
Nonalcoholic fatty liver disease including cirrhosis,971,717665,year,2023
Nonalcoholic fatty liver disease including cirrhosis,971,2921,year,2024
Nonalcoholic fatty liver disease including cirrhosis,971,13786,year,2025
Nonalcoholic fatty liver disease including cirrhosis,971,138763,year,2026
Onchocerciasis,355,0,all,
Opioid use disorders,562,381903,all,
Opioid use disorders,562,18781,sliding_3yr,2018
Opioid use disorders,562,46586,sliding_3yr,2019
Opioid use disorders,562,244585,sliding_3yr,2020
Opioid use disorders,562,363122,sliding_3yr,2021
Opioid use disorders,562,335317,sliding_3yr,2022
Opioid use disorders,562,137318,sliding_3yr,2023
Opioid use disorders,562,18781,year,2020
Opioid use disorders,562,27805,year,2021
Opioid use disorders,562,197999,year,2022
Opioid use disorders,562,137318,year,2023
Oral disorders,680,438,sliding_3yr,2007
Oral disorders,680,438,sliding_3yr,2008
Oral disorders,680,6438,sliding_3yr,2009
Oral disorders,680,23746,sliding_3yr,2010
Oral disorders,680,45390,sliding_3yr,2011
Oral disorders,680,43777,sliding_3yr,2012
Oral disorders,680,28791,sliding_3yr,2013
Oral disorders,680,7147,sliding_3yr,2014
Oral disorders,680,4522,sliding_3yr,2015
Oral disorders,680,74364,sliding_3yr,2016
Oral disorders,680,433912,sliding_3yr,2017
Oral disorders,680,438588,sliding_3yr,2018
Oral disorders,680,850899,sliding_3yr,2019
Oral disorders,680,516288,sliding_3yr,2020
Oral disorders,680,1599620,sliding_3yr,2021
Oral disorders,680,2873328,sliding_3yr,2022
Oral disorders,680,3023665,sliding_3yr,2023
Oral disorders,680,2026414,sliding_3yr,2024
Oral disorders,680,438,year,2009
Oral disorders,680,6000,year,2011
Oral disorders,680,17746,year,2012
Oral disorders,680,21644,year,2013
Oral disorders,680,4387,year,2014
Oral disorders,680,2760,year,2015
Oral disorders,680,1762,year,2017
Oral disorders,680,72602,year,2018
Oral disorders,680,359548,year,2019
Oral disorders,680,6438,year,2020
Oral disorders,680,484913,year,2021
Oral disorders,680,24937,year,2022
Oral disorders,680,1089770,year,2023
Oral disorders,680,1758621,year,2024
Oral disorders,680,175274,year,2025
Oral disorders,680,92519,year,2026
Orofacial clefts,644,177369,all,
Orofacial clefts,644,1635,sliding_3yr,2007
Orofacial clefts,644,11613,sliding_3yr,2008
Orofacial clefts,644,12713,sliding_3yr,2009
Orofacial clefts,644,14730,sliding_3yr,2010
Orofacial clefts,644,4752,sliding_3yr,2011
Orofacial clefts,644,4202,sliding_3yr,2012
Orofacial clefts,644,5592,sliding_3yr,2013
Orofacial clefts,644,8422,sliding_3yr,2014
Orofacial clefts,644,23675,sliding_3yr,2015
Orofacial clefts,644,31259,sliding_3yr,2016
Orofacial clefts,644,44166,sliding_3yr,2017
Orofacial clefts,644,34847,sliding_3yr,2018
Orofacial clefts,644,86967,sliding_3yr,2019
Orofacial clefts,644,84470,sliding_3yr,2020
Orofacial clefts,644,88880,sliding_3yr,2021
Orofacial clefts,644,28953,sliding_3yr,2022
Orofacial clefts,644,23946,sliding_3yr,2023
Orofacial clefts,644,13052,sliding_3yr,2024
Orofacial clefts,644,1635,year,2009
Orofacial clefts,644,9978,year,2010
Orofacial clefts,644,1100,year,2011
Orofacial clefts,644,3652,year,2012
Orofacial clefts,644,550,year,2014
Orofacial clefts,644,5042,year,2015
Orofacial clefts,644,2830,year,2016
Orofacial clefts,644,15803,year,2017
Orofacial clefts,644,12626,year,2018
Orofacial clefts,644,15737,year,2019
Orofacial clefts,644,6484,year,2020
Orofacial clefts,644,64746,year,2021
Orofacial clefts,644,13240,year,2022
Orofacial clefts,644,10894,year,2023
Orofacial clefts,644,4819,year,2024
Orofacial clefts,644,8233,year,2025
Osteoarthritis,628,1534,sliding_3yr,2006
Osteoarthritis,628,16744,sliding_3yr,2007
Osteoarthritis,628,128219,sliding_3yr,2008
Osteoarthritis,628,183808,sliding_3yr,2009
Osteoarthritis,628,246142,sliding_3yr,2010
Osteoarthritis,628,169653,sliding_3yr,2011
Osteoarthritis,628,115041,sliding_3yr,2012
Osteoarthritis,628,37497,sliding_3yr,2013
Osteoarthritis,628,6409,sliding_3yr,2014
Osteoarthritis,628,85192,sliding_3yr,2015
Osteoarthritis,628,683153,sliding_3yr,2016
Osteoarthritis,628,1085055,sliding_3yr,2017
Osteoarthritis,628,1103274,sliding_3yr,2018
Osteoarthritis,628,6167212,sliding_3yr,2019
Osteoarthritis,628,15986313,sliding_3yr,2020
Osteoarthritis,628,28902357,sliding_3yr,2021
Osteoarthritis,628,28641040,sliding_3yr,2022
Osteoarthritis,628,25026628,sliding_3yr,2023
Osteoarthritis,628,12256725,sliding_3yr,2024
Osteoarthritis,628,1534,year,2008
Osteoarthritis,628,15210,year,2009
Osteoarthritis,628,111475,year,2010
Osteoarthritis,628,57123,year,2011
Osteoarthritis,628,77544,year,2012
Osteoarthritis,628,34986,year,2013
Osteoarthritis,628,2511,year,2014
Osteoarthritis,628,3898,year,2016
Osteoarthritis,628,81294,year,2017
Osteoarthritis,628,597961,year,2018
Osteoarthritis,628,405800,year,2019
Osteoarthritis,628,99513,year,2020
Osteoarthritis,628,5661899,year,2021
Osteoarthritis,628,10224901,year,2022
Osteoarthritis,628,13015557,year,2023
Osteoarthritis,628,5400582,year,2024
Osteoarthritis,628,6610489,year,2025
Osteoarthritis,628,245654,year,2026
Osteoarthritis hand,1016,12950288,all,
Osteoarthritis hand,1016,5070,sliding_3yr,2007
Osteoarthritis hand,1016,41602,sliding_3yr,2008
Osteoarthritis hand,1016,60643,sliding_3yr,2009
Osteoarthritis hand,1016,81421,sliding_3yr,2010
Osteoarthritis hand,1016,56551,sliding_3yr,2011
Osteoarthritis hand,1016,38347,sliding_3yr,2012
Osteoarthritis hand,1016,12499,sliding_3yr,2013
Osteoarthritis hand,1016,837,sliding_3yr,2014
Osteoarthritis hand,1016,29252,sliding_3yr,2015
Osteoarthritis hand,1016,138644,sliding_3yr,2016
Osteoarthritis hand,1016,215696,sliding_3yr,2017
Osteoarthritis hand,1016,227815,sliding_3yr,2018
Osteoarthritis hand,1016,1618219,sliding_3yr,2019
Osteoarthritis hand,1016,4898361,sliding_3yr,2020
Osteoarthritis hand,1016,9089451,sliding_3yr,2021
Osteoarthritis hand,1016,9389849,sliding_3yr,2022
Osteoarthritis hand,1016,7692783,sliding_3yr,2023
Osteoarthritis hand,1016,3504780,sliding_3yr,2024
Osteoarthritis hand,1016,5070,year,2009
Osteoarthritis hand,1016,36532,year,2010
Osteoarthritis hand,1016,19041,year,2011
Osteoarthritis hand,1016,25848,year,2012
Osteoarthritis hand,1016,11662,year,2013
Osteoarthritis hand,1016,837,year,2014
Osteoarthritis hand,1016,29252,year,2017
Osteoarthritis hand,1016,109392,year,2018
Osteoarthritis hand,1016,77052,year,2019
Osteoarthritis hand,1016,41371,year,2020
Osteoarthritis hand,1016,1499796,year,2021
Osteoarthritis hand,1016,3357194,year,2022
Osteoarthritis hand,1016,4232461,year,2023
Osteoarthritis hand,1016,1800194,year,2024
Osteoarthritis hand,1016,1660128,year,2025
Osteoarthritis hand,1016,44458,year,2026
Osteoarthritis hip,1014,13887036,all,
Osteoarthritis hip,1014,5070,sliding_3yr,2007
Osteoarthritis hip,1014,41602,sliding_3yr,2008
Osteoarthritis hip,1014,60643,sliding_3yr,2009
Osteoarthritis hip,1014,81421,sliding_3yr,2010
Osteoarthritis hip,1014,56551,sliding_3yr,2011
Osteoarthritis hip,1014,38347,sliding_3yr,2012
Osteoarthritis hip,1014,12499,sliding_3yr,2013
Osteoarthritis hip,1014,837,sliding_3yr,2014
Osteoarthritis hip,1014,22562,sliding_3yr,2015
Osteoarthritis hip,1014,219409,sliding_3yr,2016
Osteoarthritis hip,1014,351592,sliding_3yr,2017
Osteoarthritis hip,1014,358101,sliding_3yr,2018
Osteoarthritis hip,1014,1884393,sliding_3yr,2019
Osteoarthritis hip,1014,5147472,sliding_3yr,2020
Osteoarthritis hip,1014,9403079,sliding_3yr,2021
Osteoarthritis hip,1014,9480134,sliding_3yr,2022
Osteoarthritis hip,1014,8195000,sliding_3yr,2023
Osteoarthritis hip,1014,4004304,sliding_3yr,2024
Osteoarthritis hip,1014,5070,year,2009
Osteoarthritis hip,1014,36532,year,2010
Osteoarthritis hip,1014,19041,year,2011
Osteoarthritis hip,1014,25848,year,2012
Osteoarthritis hip,1014,11662,year,2013
Osteoarthritis hip,1014,837,year,2014
Osteoarthritis hip,1014,22562,year,2017
Osteoarthritis hip,1014,196847,year,2018
Osteoarthritis hip,1014,132183,year,2019
Osteoarthritis hip,1014,29071,year,2020
Osteoarthritis hip,1014,1723139,year,2021
Osteoarthritis hip,1014,3395262,year,2022
Osteoarthritis hip,1014,4284678,year,2023
Osteoarthritis hip,1014,1800194,year,2024
Osteoarthritis hip,1014,2110128,year,2025
Osteoarthritis hip,1014,93982,year,2026
Osteoarthritis knee,1015,14249677,all,
Osteoarthritis knee,1015,1534,sliding_3yr,2006
Osteoarthritis knee,1015,6604,sliding_3yr,2007
Osteoarthritis knee,1015,45015,sliding_3yr,2008
Osteoarthritis knee,1015,62522,sliding_3yr,2009
Osteoarthritis knee,1015,83300,sliding_3yr,2010
Osteoarthritis knee,1015,56551,sliding_3yr,2011
Osteoarthritis knee,1015,38347,sliding_3yr,2012
Osteoarthritis knee,1015,12499,sliding_3yr,2013
Osteoarthritis knee,1015,4735,sliding_3yr,2014
Osteoarthritis knee,1015,27314,sliding_3yr,2015
Osteoarthritis knee,1015,231581,sliding_3yr,2016
Osteoarthritis knee,1015,369117,sliding_3yr,2017
Osteoarthritis knee,1015,374772,sliding_3yr,2018
Osteoarthritis knee,1015,1967694,sliding_3yr,2019
Osteoarthritis knee,1015,5260637,sliding_3yr,2020
Osteoarthritis knee,1015,9647491,sliding_3yr,2021
Osteoarthritis knee,1015,9650496,sliding_3yr,2022
Osteoarthritis knee,1015,8455932,sliding_3yr,2023
Osteoarthritis knee,1015,4097697,sliding_3yr,2024
Osteoarthritis knee,1015,1534,year,2008
Osteoarthritis knee,1015,5070,year,2009
Osteoarthritis knee,1015,38411,year,2010
Osteoarthritis knee,1015,19041,year,2011
Osteoarthritis knee,1015,25848,year,2012
Osteoarthritis knee,1015,11662,year,2013
Osteoarthritis knee,1015,837,year,2014
Osteoarthritis knee,1015,3898,year,2016
Osteoarthritis knee,1015,23416,year,2017
Osteoarthritis knee,1015,204267,year,2018
Osteoarthritis knee,1015,141434,year,2019
Osteoarthritis knee,1015,29071,year,2020
Osteoarthritis knee,1015,1797189,year,2021
Osteoarthritis knee,1015,3434377,year,2022
Osteoarthritis knee,1015,4415925,year,2023
Osteoarthritis knee,1015,1800194,year,2024
Osteoarthritis knee,1015,2239813,year,2025
Osteoarthritis knee,1015,57690,year,2026
Osteoarthritis other,1017,1560930,all,
Osteoarthritis other,1017,6064,sliding_3yr,2015
Osteoarthritis other,1017,93519,sliding_3yr,2016
Osteoarthritis other,1017,148650,sliding_3yr,2017
Osteoarthritis other,1017,142586,sliding_3yr,2018
Osteoarthritis other,1017,696906,sliding_3yr,2019
Osteoarthritis other,1017,679843,sliding_3yr,2020
Osteoarthritis other,1017,762336,sliding_3yr,2021
Osteoarthritis other,1017,120561,sliding_3yr,2022
Osteoarthritis other,1017,682913,sliding_3yr,2023
Osteoarthritis other,1017,649944,sliding_3yr,2024
Osteoarthritis other,1017,6064,year,2017
Osteoarthritis other,1017,87455,year,2018
Osteoarthritis other,1017,55131,year,2019
Osteoarthritis other,1017,641775,year,2021
Osteoarthritis other,1017,38068,year,2022
Osteoarthritis other,1017,82493,year,2023
Osteoarthritis other,1017,600420,year,2025
Osteoarthritis other,1017,49524,year,2026
Other benign and in situ neoplasms,1164,407507,all,
Other benign and in situ neoplasms,1164,1191,sliding_3yr,2007
Other benign and in situ neoplasms,1164,6281,sliding_3yr,2008
Other benign and in situ neoplasms,1164,6281,sliding_3yr,2009
Other benign and in situ neoplasms,1164,6922,sliding_3yr,2010
Other benign and in situ neoplasms,1164,2290,sliding_3yr,2011
Other benign and in situ neoplasms,1164,2290,sliding_3yr,2012
Other benign and in situ neoplasms,1164,458,sliding_3yr,2013
Other benign and in situ neoplasms,1164,13914,sliding_3yr,2014
Other benign and in situ neoplasms,1164,15414,sliding_3yr,2015
Other benign and in situ neoplasms,1164,20515,sliding_3yr,2016
Other benign and in situ neoplasms,1164,8759,sliding_3yr,2017
Other benign and in situ neoplasms,1164,7259,sliding_3yr,2018
Other benign and in situ neoplasms,1164,92899,sliding_3yr,2019
Other benign and in situ neoplasms,1164,101404,sliding_3yr,2020
Other benign and in situ neoplasms,1164,218970,sliding_3yr,2021
Other benign and in situ neoplasms,1164,246706,sliding_3yr,2022
Other benign and in situ neoplasms,1164,238760,sliding_3yr,2023
Other benign and in situ neoplasms,1164,157293,sliding_3yr,2024
Other benign and in situ neoplasms,1164,1191,year,2009
Other benign and in situ neoplasms,1164,5090,year,2010
Other benign and in situ neoplasms,1164,1832,year,2012
Other benign and in situ neoplasms,1164,458,year,2013
Other benign and in situ neoplasms,1164,13914,year,2016
Other benign and in situ neoplasms,1164,1500,year,2017
Other benign and in situ neoplasms,1164,5101,year,2018
Other benign and in situ neoplasms,1164,2158,year,2019
Other benign and in situ neoplasms,1164,90741,year,2021
Other benign and in situ neoplasms,1164,10663,year,2022
Other benign and in situ neoplasms,1164,117566,year,2023
Other benign and in situ neoplasms,1164,118477,year,2024
Other benign and in situ neoplasms,1164,2717,year,2025
Other benign and in situ neoplasms,1164,36099,year,2026
Other cardiomyopathy,944,5194,all,
Other cardiomyopathy,944,96,sliding_3yr,2015
Other cardiomyopathy,944,5194,sliding_3yr,2016
Other cardiomyopathy,944,5194,sliding_3yr,2017
Other cardiomyopathy,944,5098,sliding_3yr,2018
Other cardiomyopathy,944,96,year,2017
Other cardiomyopathy,944,5098,year,2018
Other cardiovascular and circulatory diseases,507,2543944,all,
Other cardiovascular and circulatory diseases,507,142,sliding_3yr,2005
Other cardiovascular and circulatory diseases,507,142,sliding_3yr,2006
Other cardiovascular and circulatory diseases,507,142,sliding_3yr,2007
Other cardiovascular and circulatory diseases,507,5934,sliding_3yr,2008
Other cardiovascular and circulatory diseases,507,11056,sliding_3yr,2009
Other cardiovascular and circulatory diseases,507,11056,sliding_3yr,2010
Other cardiovascular and circulatory diseases,507,6771,sliding_3yr,2011
Other cardiovascular and circulatory diseases,507,1649,sliding_3yr,2012
Other cardiovascular and circulatory diseases,507,86717,sliding_3yr,2013
Other cardiovascular and circulatory diseases,507,85068,sliding_3yr,2014
Other cardiovascular and circulatory diseases,507,85068,sliding_3yr,2015
Other cardiovascular and circulatory diseases,507,975779,sliding_3yr,2016
Other cardiovascular and circulatory diseases,507,975779,sliding_3yr,2017
Other cardiovascular and circulatory diseases,507,976226,sliding_3yr,2018
Other cardiovascular and circulatory diseases,507,599520,sliding_3yr,2019
Other cardiovascular and circulatory diseases,507,619474,sliding_3yr,2020
Other cardiovascular and circulatory diseases,507,665617,sliding_3yr,2021
Other cardiovascular and circulatory diseases,507,403540,sliding_3yr,2022
Other cardiovascular and circulatory diseases,507,838779,sliding_3yr,2023
Other cardiovascular and circulatory diseases,507,804186,sliding_3yr,2024
Other cardiovascular and circulatory diseases,507,142,year,2007
Other cardiovascular and circulatory diseases,507,5934,year,2010
Other cardiovascular and circulatory diseases,507,5122,year,2011
Other cardiovascular and circulatory diseases,507,1649,year,2013
Other cardiovascular and circulatory diseases,507,85068,year,2015
Other cardiovascular and circulatory diseases,507,975779,year,2018
Other cardiovascular and circulatory diseases,507,447,year,2020
Other cardiovascular and circulatory diseases,507,599073,year,2021
Other cardiovascular and circulatory diseases,507,19954,year,2022
Other cardiovascular and circulatory diseases,507,46590,year,2023
Other cardiovascular and circulatory diseases,507,336996,year,2024
Other cardiovascular and circulatory diseases,507,455193,year,2025
Other cardiovascular and circulatory diseases,507,11997,year,2026
Other chromosomal abnormalities,648,114594,all,
Other chromosomal abnormalities,648,288,sliding_3yr,2016
Other chromosomal abnormalities,648,288,sliding_3yr,2017
Other chromosomal abnormalities,648,288,sliding_3yr,2018
Other chromosomal abnormalities,648,113388,sliding_3yr,2020
Other chromosomal abnormalities,648,113388,sliding_3yr,2021
Other chromosomal abnormalities,648,113965,sliding_3yr,2022
Other chromosomal abnormalities,648,918,sliding_3yr,2023
Other chromosomal abnormalities,648,918,sliding_3yr,2024
Other chromosomal abnormalities,648,288,year,2018
Other chromosomal abnormalities,648,113388,year,2022
Other chromosomal abnormalities,648,577,year,2024
Other chromosomal abnormalities,648,341,year,2025
Other chronic respiratory diseases,520,2473165,all,
Other chronic respiratory diseases,520,940726,sliding_3yr,2016
Other chronic respiratory diseases,520,940726,sliding_3yr,2017
Other chronic respiratory diseases,520,940726,sliding_3yr,2018
Other chronic respiratory diseases,520,364470,sliding_3yr,2019
Other chronic respiratory diseases,520,388030,sliding_3yr,2020
Other chronic respiratory diseases,520,389557,sliding_3yr,2021
Other chronic respiratory diseases,520,1023480,sliding_3yr,2022
Other chronic respiratory diseases,520,1130291,sliding_3yr,2023
Other chronic respiratory diseases,520,1142882,sliding_3yr,2024
Other chronic respiratory diseases,520,940726,year,2018
Other chronic respiratory diseases,520,364470,year,2021
Other chronic respiratory diseases,520,23560,year,2022
Other chronic respiratory diseases,520,1527,year,2023
Other chronic respiratory diseases,520,998393,year,2024
Other chronic respiratory diseases,520,130371,year,2025
Other chronic respiratory diseases,520,14118,year,2026
Other congenital birth defects,652,2777,all,
Other congenital birth defects,652,80,sliding_3yr,2016
Other congenital birth defects,652,80,sliding_3yr,2017
Other congenital birth defects,652,80,sliding_3yr,2018
Other congenital birth defects,652,806,sliding_3yr,2020
Other congenital birth defects,652,806,sliding_3yr,2021
Other congenital birth defects,652,1152,sliding_3yr,2022
Other congenital birth defects,652,1594,sliding_3yr,2023
Other congenital birth defects,652,1891,sliding_3yr,2024
Other congenital birth defects,652,80,year,2018
Other congenital birth defects,652,806,year,2022
Other congenital birth defects,652,346,year,2024
Other congenital birth defects,652,1248,year,2025
Other congenital birth defects,652,297,year,2026
Other digestive diseases,1161,1349370,all,
Other digestive diseases,1161,5564,sliding_3yr,2011
Other digestive diseases,1161,5564,sliding_3yr,2012
Other digestive diseases,1161,5564,sliding_3yr,2013
Other digestive diseases,1161,65936,sliding_3yr,2016
Other digestive diseases,1161,65936,sliding_3yr,2017
Other digestive diseases,1161,65936,sliding_3yr,2018
Other digestive diseases,1161,168845,sliding_3yr,2019
Other digestive diseases,1161,203793,sliding_3yr,2020
Other digestive diseases,1161,214149,sliding_3yr,2021
Other digestive diseases,1161,479186,sliding_3yr,2022
Other digestive diseases,1161,1036228,sliding_3yr,2023
Other digestive diseases,1161,1063721,sliding_3yr,2024
Other digestive diseases,1161,5564,year,2013
Other digestive diseases,1161,65936,year,2018
Other digestive diseases,1161,168845,year,2021
Other digestive diseases,1161,34948,year,2022
Other digestive diseases,1161,10356,year,2023
Other digestive diseases,1161,433882,year,2024
Other digestive diseases,1161,591990,year,2025
Other digestive diseases,1161,37849,year,2026
Other direct maternal disorders,1160,115314,all,
Other direct maternal disorders,1160,1399,sliding_3yr,2010
Other direct maternal disorders,1160,1399,sliding_3yr,2011
Other direct maternal disorders,1160,1399,sliding_3yr,2012
Other direct maternal disorders,1160,193,sliding_3yr,2016
Other direct maternal disorders,1160,296,sliding_3yr,2017
Other direct maternal disorders,1160,296,sliding_3yr,2018
Other direct maternal disorders,1160,3154,sliding_3yr,2019
Other direct maternal disorders,1160,15931,sliding_3yr,2020
Other direct maternal disorders,1160,16958,sliding_3yr,2021
Other direct maternal disorders,1160,50196,sliding_3yr,2022
Other direct maternal disorders,1160,65567,sliding_3yr,2023
Other direct maternal disorders,1160,96661,sliding_3yr,2024
Other direct maternal disorders,1160,1399,year,2012
Other direct maternal disorders,1160,193,year,2018
Other direct maternal disorders,1160,103,year,2019
Other direct maternal disorders,1160,3051,year,2021
Other direct maternal disorders,1160,12880,year,2022
Other direct maternal disorders,1160,1027,year,2023
Other direct maternal disorders,1160,36289,year,2024
Other direct maternal disorders,1160,28251,year,2025
Other direct maternal disorders,1160,32121,year,2026
Other drug use disorders,566,14376,all,
Other drug use disorders,566,14376,sliding_3yr,2011
Other drug use disorders,566,14376,sliding_3yr,2012
Other drug use disorders,566,14376,sliding_3yr,2013
Other drug use disorders,566,14376,year,2013
"Other endocrine, metabolic, blood, and immune disorders",625,93164,all,
"Other endocrine, metabolic, blood, and immune disorders",625,433,sliding_3yr,2016
"Other endocrine, metabolic, blood, and immune disorders",625,433,sliding_3yr,2017
"Other endocrine, metabolic, blood, and immune disorders",625,433,sliding_3yr,2018
"Other endocrine, metabolic, blood, and immune disorders",625,51949,sliding_3yr,2019
"Other endocrine, metabolic, blood, and immune disorders",625,51949,sliding_3yr,2020
"Other endocrine, metabolic, blood, and immune disorders",625,51949,sliding_3yr,2021
"Other endocrine, metabolic, blood, and immune disorders",625,3544,sliding_3yr,2022
"Other endocrine, metabolic, blood, and immune disorders",625,28705,sliding_3yr,2023
"Other endocrine, metabolic, blood, and immune disorders",625,40782,sliding_3yr,2024
"Other endocrine, metabolic, blood, and immune disorders",625,433,year,2018
"Other endocrine, metabolic, blood, and immune disorders",625,51949,year,2021
"Other endocrine, metabolic, blood, and immune disorders",625,3544,year,2024
"Other endocrine, metabolic, blood, and immune disorders",625,25161,year,2025
"Other endocrine, metabolic, blood, and immune disorders",625,12077,year,2026
Other eye cancers,1010,12770,all,
Other eye cancers,1010,535,sliding_3yr,2015
Other eye cancers,1010,711,sliding_3yr,2016
Other eye cancers,1010,3564,sliding_3yr,2017
Other eye cancers,1010,3029,sliding_3yr,2018
Other eye cancers,1010,8899,sliding_3yr,2019
Other eye cancers,1010,6046,sliding_3yr,2020
Other eye cancers,1010,6046,sliding_3yr,2021
Other eye cancers,1010,734,sliding_3yr,2022
Other eye cancers,1010,3160,sliding_3yr,2023
Other eye cancers,1010,3160,sliding_3yr,2024
Other eye cancers,1010,535,year,2017
Other eye cancers,1010,176,year,2018
Other eye cancers,1010,2853,year,2019
Other eye cancers,1010,6046,year,2021
Other eye cancers,1010,734,year,2024
Other eye cancers,1010,2426,year,2025
Other gynecological diseases,612,434734,all,
Other gynecological diseases,612,36079,sliding_3yr,2016
Other gynecological diseases,612,59344,sliding_3yr,2017
Other gynecological diseases,612,59344,sliding_3yr,2018
Other gynecological diseases,612,133060,sliding_3yr,2019
Other gynecological diseases,612,109795,sliding_3yr,2020
Other gynecological diseases,612,109972,sliding_3yr,2021
Other gynecological diseases,612,147329,sliding_3yr,2022
Other gynecological diseases,612,171888,sliding_3yr,2023
Other gynecological diseases,612,265418,sliding_3yr,2024
Other gynecological diseases,612,36079,year,2018
Other gynecological diseases,612,23265,year,2019
Other gynecological diseases,612,109795,year,2021
Other gynecological diseases,612,177,year,2023
Other gynecological diseases,612,147152,year,2024
Other gynecological diseases,612,24559,year,2025
Other gynecological diseases,612,93707,year,2026
Other hemoglobinopathies and hemolytic anemias,618,14388,all,
Other hemoglobinopathies and hemolytic anemias,618,296,sliding_3yr,2016
Other hemoglobinopathies and hemolytic anemias,618,296,sliding_3yr,2017
Other hemoglobinopathies and hemolytic anemias,618,296,sliding_3yr,2018
Other hemoglobinopathies and hemolytic anemias,618,12825,sliding_3yr,2022
Other hemoglobinopathies and hemolytic anemias,618,14092,sliding_3yr,2023
Other hemoglobinopathies and hemolytic anemias,618,14092,sliding_3yr,2024
Other hemoglobinopathies and hemolytic anemias,618,296,year,2018
Other hemoglobinopathies and hemolytic anemias,618,12825,year,2024
Other hemoglobinopathies and hemolytic anemias,618,1267,year,2025
Other intestinal infectious diseases,321,7197,all,
Other intestinal infectious diseases,321,7197,sliding_3yr,2018
Other intestinal infectious diseases,321,7197,sliding_3yr,2019
Other intestinal infectious diseases,321,7197,sliding_3yr,2020
Other intestinal infectious diseases,321,7197,year,2020
Other leukemia,943,19854,all,
Other leukemia,943,1661,sliding_3yr,2016
Other leukemia,943,1661,sliding_3yr,2017
Other leukemia,943,1661,sliding_3yr,2018
Other leukemia,943,354,sliding_3yr,2019
Other leukemia,943,354,sliding_3yr,2020
Other leukemia,943,472,sliding_3yr,2021
Other leukemia,943,16974,sliding_3yr,2022
Other leukemia,943,17839,sliding_3yr,2023
Other leukemia,943,17721,sliding_3yr,2024
Other leukemia,943,1661,year,2018
Other leukemia,943,354,year,2021
Other leukemia,943,118,year,2023
Other leukemia,943,16856,year,2024
Other leukemia,943,865,year,2025
Other malignant neoplasms,489,263098,all,
Other malignant neoplasms,489,24374,sliding_3yr,2016
Other malignant neoplasms,489,24374,sliding_3yr,2017
Other malignant neoplasms,489,24374,sliding_3yr,2018
Other malignant neoplasms,489,91554,sliding_3yr,2019
Other malignant neoplasms,489,91554,sliding_3yr,2020
Other malignant neoplasms,489,91846,sliding_3yr,2021
Other malignant neoplasms,489,101583,sliding_3yr,2022
Other malignant neoplasms,489,111025,sliding_3yr,2023
Other malignant neoplasms,489,146878,sliding_3yr,2024
Other malignant neoplasms,489,24374,year,2018
Other malignant neoplasms,489,91554,year,2021
Other malignant neoplasms,489,292,year,2023
Other malignant neoplasms,489,101291,year,2024
Other malignant neoplasms,489,9442,year,2025
Other malignant neoplasms,489,36145,year,2026
Other mental disorders,585,314463,all,
Other mental disorders,585,28791,sliding_3yr,2016
Other mental disorders,585,28791,sliding_3yr,2017
Other mental disorders,585,28791,sliding_3yr,2018
Other mental disorders,585,136931,sliding_3yr,2019
Other mental disorders,585,137025,sliding_3yr,2020
Other mental disorders,585,137025,sliding_3yr,2021
Other mental disorders,585,54662,sliding_3yr,2022
Other mental disorders,585,136566,sliding_3yr,2023
Other mental disorders,585,148647,sliding_3yr,2024
Other mental disorders,585,28791,year,2018
Other mental disorders,585,136931,year,2021
Other mental disorders,585,94,year,2022
Other mental disorders,585,54568,year,2024
Other mental disorders,585,81998,year,2025
Other mental disorders,585,12081,year,2026
Other musculoskeletal disorders,639,0,all,
Other neglected tropical diseases,365,1027,all,
Other neglected tropical diseases,365,170,sliding_3yr,2016
Other neglected tropical diseases,365,170,sliding_3yr,2017
Other neglected tropical diseases,365,1027,sliding_3yr,2018
Other neglected tropical diseases,365,857,sliding_3yr,2019
Other neglected tropical diseases,365,857,sliding_3yr,2020
Other neglected tropical diseases,365,170,year,2018
Other neglected tropical diseases,365,857,year,2020
Other neonatal disorders,385,12548,all,
Other neonatal disorders,385,580,sliding_3yr,2020
Other neonatal disorders,385,580,sliding_3yr,2021
Other neonatal disorders,385,580,sliding_3yr,2022
Other neonatal disorders,385,11968,sliding_3yr,2024
Other neonatal disorders,385,580,year,2022
Other neonatal disorders,385,11968,year,2026
Other neoplasms,490,1515,sliding_3yr,2007
Other neoplasms,490,6605,sliding_3yr,2008
Other neoplasms,490,6605,sliding_3yr,2009
Other neoplasms,490,6922,sliding_3yr,2010
Other neoplasms,490,2290,sliding_3yr,2011
Other neoplasms,490,2290,sliding_3yr,2012
Other neoplasms,490,2891,sliding_3yr,2013
Other neoplasms,490,16347,sliding_3yr,2014
Other neoplasms,490,17847,sliding_3yr,2015
Other neoplasms,490,57960,sliding_3yr,2016
Other neoplasms,490,46204,sliding_3yr,2017
Other neoplasms,490,48902,sliding_3yr,2018
Other neoplasms,490,322741,sliding_3yr,2019
Other neoplasms,490,331246,sliding_3yr,2020
Other neoplasms,490,446226,sliding_3yr,2021
Other neoplasms,490,625568,sliding_3yr,2022
Other neoplasms,490,632052,sliding_3yr,2023
Other neoplasms,490,587649,sliding_3yr,2024
Other neoplasms,490,1515,year,2009
Other neoplasms,490,5090,year,2010
Other neoplasms,490,1832,year,2012
Other neoplasms,490,458,year,2013
Other neoplasms,490,2433,year,2015
Other neoplasms,490,13914,year,2016
Other neoplasms,490,1500,year,2017
Other neoplasms,490,42546,year,2018
Other neoplasms,490,2158,year,2019
Other neoplasms,490,4198,year,2020
Other neoplasms,490,316385,year,2021
Other neoplasms,490,10663,year,2022
Other neoplasms,490,119178,year,2023
Other neoplasms,490,495727,year,2024
Other neoplasms,490,17147,year,2025
Other neoplasms,490,74775,year,2026
Other neurological disorders,557,1980,all,
Other neurological disorders,557,1980,sliding_3yr,2019
Other neurological disorders,557,1980,sliding_3yr,2020
Other neurological disorders,557,1980,sliding_3yr,2021
Other neurological disorders,557,1980,year,2021
Other non-Hodgkin lymphoma,1007,112245,all,
Other non-Hodgkin lymphoma,1007,399,sliding_3yr,2009
Other non-Hodgkin lymphoma,1007,399,sliding_3yr,2010
Other non-Hodgkin lymphoma,1007,399,sliding_3yr,2011
Other non-Hodgkin lymphoma,1007,5216,sliding_3yr,2012
Other non-Hodgkin lymphoma,1007,6753,sliding_3yr,2013
Other non-Hodgkin lymphoma,1007,7456,sliding_3yr,2014
Other non-Hodgkin lymphoma,1007,2240,sliding_3yr,2015
Other non-Hodgkin lymphoma,1007,1074,sliding_3yr,2016
Other non-Hodgkin lymphoma,1007,62996,sliding_3yr,2017
Other non-Hodgkin lymphoma,1007,62996,sliding_3yr,2018
Other non-Hodgkin lymphoma,1007,67889,sliding_3yr,2019
Other non-Hodgkin lymphoma,1007,35458,sliding_3yr,2020
Other non-Hodgkin lymphoma,1007,35458,sliding_3yr,2021
Other non-Hodgkin lymphoma,1007,31349,sliding_3yr,2022
Other non-Hodgkin lymphoma,1007,5936,sliding_3yr,2023
Other non-Hodgkin lymphoma,1007,5936,sliding_3yr,2024
Other non-Hodgkin lymphoma,1007,399,year,2011
Other non-Hodgkin lymphoma,1007,5216,year,2014
Other non-Hodgkin lymphoma,1007,1537,year,2015
Other non-Hodgkin lymphoma,1007,703,year,2016
Other non-Hodgkin lymphoma,1007,371,year,2018
Other non-Hodgkin lymphoma,1007,62625,year,2019
Other non-Hodgkin lymphoma,1007,5264,year,2021
Other non-Hodgkin lymphoma,1007,30194,year,2022
Other non-Hodgkin lymphoma,1007,1155,year,2024
Other non-Hodgkin lymphoma,1007,4781,year,2025
Other non-rheumatic valve diseases,970,25730,all,
Other non-rheumatic valve diseases,970,1163,sliding_3yr,2016
Other non-rheumatic valve diseases,970,1163,sliding_3yr,2017
Other non-rheumatic valve diseases,970,1163,sliding_3yr,2018
Other non-rheumatic valve diseases,970,2123,sliding_3yr,2019
Other non-rheumatic valve diseases,970,2123,sliding_3yr,2020
Other non-rheumatic valve diseases,970,2123,sliding_3yr,2021
Other non-rheumatic valve diseases,970,7642,sliding_3yr,2022
Other non-rheumatic valve diseases,970,10368,sliding_3yr,2023
Other non-rheumatic valve diseases,970,22444,sliding_3yr,2024
Other non-rheumatic valve diseases,970,1163,year,2018
Other non-rheumatic valve diseases,970,2123,year,2021
Other non-rheumatic valve diseases,970,7642,year,2024
Other non-rheumatic valve diseases,970,2726,year,2025
Other non-rheumatic valve diseases,970,12076,year,2026
Other nutritional deficiencies,391,434505,all,
Other nutritional deficiencies,391,2204,sliding_3yr,2016
Other nutritional deficiencies,391,2204,sliding_3yr,2017
Other nutritional deficiencies,391,2204,sliding_3yr,2018
Other nutritional deficiencies,391,6458,sliding_3yr,2019
Other nutritional deficiencies,391,6458,sliding_3yr,2020
Other nutritional deficiencies,391,6458,sliding_3yr,2021
Other nutritional deficiencies,391,349856,sliding_3yr,2022
Other nutritional deficiencies,391,388906,sliding_3yr,2023
Other nutritional deficiencies,391,425843,sliding_3yr,2024
Other nutritional deficiencies,391,2204,year,2018
Other nutritional deficiencies,391,6458,year,2021
Other nutritional deficiencies,391,349856,year,2024
Other nutritional deficiencies,391,39050,year,2025
Other nutritional deficiencies,391,36937,year,2026
Other oral disorders,685,554838,all,
Other oral disorders,685,6271,sliding_3yr,2016
Other oral disorders,685,6271,sliding_3yr,2017
Other oral disorders,685,6271,sliding_3yr,2018
Other oral disorders,685,326864,sliding_3yr,2019
Other oral disorders,685,326864,sliding_3yr,2020
Other oral disorders,685,375551,sliding_3yr,2021
Other oral disorders,685,87612,sliding_3yr,2022
Other oral disorders,685,193818,sliding_3yr,2023
Other oral disorders,685,173016,sliding_3yr,2024
Other oral disorders,685,6271,year,2018
Other oral disorders,685,326864,year,2021
Other oral disorders,685,48687,year,2023
Other oral disorders,685,38925,year,2024
Other oral disorders,685,106206,year,2025
Other oral disorders,685,27885,year,2026
Other pharynx cancer,450,21803,all,
Other pharynx cancer,450,5055,sliding_3yr,2014
Other pharynx cancer,450,5055,sliding_3yr,2015
Other pharynx cancer,450,5301,sliding_3yr,2016
Other pharynx cancer,450,246,sliding_3yr,2017
Other pharynx cancer,450,5630,sliding_3yr,2018
Other pharynx cancer,450,7956,sliding_3yr,2019
Other pharynx cancer,450,8872,sliding_3yr,2020
Other pharynx cancer,450,3819,sliding_3yr,2021
Other pharynx cancer,450,6459,sliding_3yr,2022
Other pharynx cancer,450,7630,sliding_3yr,2023
Other pharynx cancer,450,7299,sliding_3yr,2024
Other pharynx cancer,450,5055,year,2016
Other pharynx cancer,450,246,year,2018
Other pharynx cancer,450,5384,year,2020
Other pharynx cancer,450,2572,year,2021
Other pharynx cancer,450,916,year,2022
Other pharynx cancer,450,331,year,2023
Other pharynx cancer,450,5212,year,2024
Other pharynx cancer,450,2087,year,2025
Other pneumoconiosis,514,6900,all,
Other pneumoconiosis,514,692,sliding_3yr,2012
Other pneumoconiosis,514,692,sliding_3yr,2013
Other pneumoconiosis,514,692,sliding_3yr,2014
Other pneumoconiosis,514,234,sliding_3yr,2016
Other pneumoconiosis,514,234,sliding_3yr,2017
Other pneumoconiosis,514,234,sliding_3yr,2018
Other pneumoconiosis,514,603,sliding_3yr,2019
Other pneumoconiosis,514,603,sliding_3yr,2020
Other pneumoconiosis,514,603,sliding_3yr,2021
Other pneumoconiosis,514,4580,sliding_3yr,2022
Other pneumoconiosis,514,5371,sliding_3yr,2023
Other pneumoconiosis,514,5371,sliding_3yr,2024
Other pneumoconiosis,514,692,year,2014
Other pneumoconiosis,514,234,year,2018
Other pneumoconiosis,514,603,year,2021
Other pneumoconiosis,514,4580,year,2024
Other pneumoconiosis,514,791,year,2025
Other sense organ diseases,679,3603693,all,
Other sense organ diseases,679,1990,sliding_3yr,2006
Other sense organ diseases,679,1990,sliding_3yr,2007
Other sense organ diseases,679,2337,sliding_3yr,2008
Other sense organ diseases,679,347,sliding_3yr,2009
Other sense organ diseases,679,347,sliding_3yr,2010
Other sense organ diseases,679,306,sliding_3yr,2013
Other sense organ diseases,679,306,sliding_3yr,2014
Other sense organ diseases,679,306,sliding_3yr,2015
Other sense organ diseases,679,4256,sliding_3yr,2016
Other sense organ diseases,679,4620,sliding_3yr,2017
Other sense organ diseases,679,4620,sliding_3yr,2018
Other sense organ diseases,679,488539,sliding_3yr,2019
Other sense organ diseases,679,488175,sliding_3yr,2020
Other sense organ diseases,679,2320457,sliding_3yr,2021
Other sense organ diseases,679,2675210,sliding_3yr,2022
Other sense organ diseases,679,3054622,sliding_3yr,2023
Other sense organ diseases,679,1275973,sliding_3yr,2024
Other sense organ diseases,679,1990,year,2008
Other sense organ diseases,679,347,year,2010
Other sense organ diseases,679,306,year,2015
Other sense organ diseases,679,4256,year,2018
Other sense organ diseases,679,364,year,2019
Other sense organ diseases,679,488175,year,2021
Other sense organ diseases,679,1832282,year,2023
Other sense organ diseases,679,842928,year,2024
Other sense organ diseases,679,379412,year,2025
Other sense organ diseases,679,53633,year,2026
Other sexually transmitted infections,399,33463,all,
Other sexually transmitted infections,399,73,sliding_3yr,2016
Other sexually transmitted infections,399,73,sliding_3yr,2017
Other sexually transmitted infections,399,73,sliding_3yr,2018
Other sexually transmitted infections,399,222,sliding_3yr,2020
Other sexually transmitted infections,399,222,sliding_3yr,2021
Other sexually transmitted infections,399,16474,sliding_3yr,2022
Other sexually transmitted infections,399,21079,sliding_3yr,2023
Other sexually transmitted infections,399,33168,sliding_3yr,2024
Other sexually transmitted infections,399,73,year,2018
Other sexually transmitted infections,399,222,year,2022
Other sexually transmitted infections,399,16252,year,2024
Other sexually transmitted infections,399,4827,year,2025
Other sexually transmitted infections,399,12089,year,2026
Other skin and subcutaneous diseases,668,2180960,all,
Other skin and subcutaneous diseases,668,486727,sliding_3yr,2016
Other skin and subcutaneous diseases,668,486727,sliding_3yr,2017
Other skin and subcutaneous diseases,668,486970,sliding_3yr,2018
Other skin and subcutaneous diseases,668,175361,sliding_3yr,2019
Other skin and subcutaneous diseases,668,192638,sliding_3yr,2020
Other skin and subcutaneous diseases,668,192395,sliding_3yr,2021
Other skin and subcutaneous diseases,668,982600,sliding_3yr,2022
Other skin and subcutaneous diseases,668,1421464,sliding_3yr,2023
Other skin and subcutaneous diseases,668,1501595,sliding_3yr,2024
Other skin and subcutaneous diseases,668,486727,year,2018
Other skin and subcutaneous diseases,668,243,year,2020
Other skin and subcutaneous diseases,668,175118,year,2021
Other skin and subcutaneous diseases,668,17277,year,2022
Other skin and subcutaneous diseases,668,965323,year,2024
Other skin and subcutaneous diseases,668,456141,year,2025
Other skin and subcutaneous diseases,668,80131,year,2026
Other unspecified infectious diseases,408,1511186,all,
Other unspecified infectious diseases,408,70,sliding_3yr,2016
Other unspecified infectious diseases,408,70,sliding_3yr,2017
Other unspecified infectious diseases,408,42383,sliding_3yr,2018
Other unspecified infectious diseases,408,64602,sliding_3yr,2019
Other unspecified infectious diseases,408,64602,sliding_3yr,2020
Other unspecified infectious diseases,408,175223,sliding_3yr,2021
Other unspecified infectious diseases,408,1356520,sliding_3yr,2022
Other unspecified infectious diseases,408,1421825,sliding_3yr,2023
Other unspecified infectious diseases,408,1293580,sliding_3yr,2024
Other unspecified infectious diseases,408,70,year,2018
Other unspecified infectious diseases,408,42313,year,2020
Other unspecified infectious diseases,408,22289,year,2021
Other unspecified infectious diseases,408,152934,year,2023
Other unspecified infectious diseases,408,1203586,year,2024
Other unspecified infectious diseases,408,65305,year,2025
Other unspecified infectious diseases,408,24689,year,2026
Other urinary diseases,602,1255418,all,
Other urinary diseases,602,52168,sliding_3yr,2016
Other urinary diseases,602,55638,sliding_3yr,2017
Other urinary diseases,602,55638,sliding_3yr,2018
Other urinary diseases,602,229569,sliding_3yr,2019
Other urinary diseases,602,243550,sliding_3yr,2020
Other urinary diseases,602,244634,sliding_3yr,2021
Other urinary diseases,602,551810,sliding_3yr,2022
Other urinary diseases,602,902719,sliding_3yr,2023
Other urinary diseases,602,955146,sliding_3yr,2024
Other urinary diseases,602,52168,year,2018
Other urinary diseases,602,3470,year,2019
Other urinary diseases,602,226099,year,2021
Other urinary diseases,602,17451,year,2022
Other urinary diseases,602,1084,year,2023
Other urinary diseases,602,533275,year,2024
Other urinary diseases,602,368360,year,2025
Other urinary diseases,602,53511,year,2026
Other vision loss,1162,194159,all,
Other vision loss,1162,334,sliding_3yr,2016
Other vision loss,1162,334,sliding_3yr,2017
Other vision loss,1162,334,sliding_3yr,2018
Other vision loss,1162,17485,sliding_3yr,2019
Other vision loss,1162,17485,sliding_3yr,2020
Other vision loss,1162,17485,sliding_3yr,2021
Other vision loss,1162,107764,sliding_3yr,2022
Other vision loss,1162,176340,sliding_3yr,2023
Other vision loss,1162,176340,sliding_3yr,2024
Other vision loss,1162,334,year,2018
Other vision loss,1162,17485,year,2021
Other vision loss,1162,107764,year,2024
Other vision loss,1162,68576,year,2025
Otitis media,329,243464,all,
Otitis media,329,2499,sliding_3yr,2010
Otitis media,329,3804,sliding_3yr,2011
Otitis media,329,3804,sliding_3yr,2012
Otitis media,329,1305,sliding_3yr,2013
Otitis media,329,3483,sliding_3yr,2014
Otitis media,329,3483,sliding_3yr,2015
Otitis media,329,8422,sliding_3yr,2016
Otitis media,329,4939,sliding_3yr,2017
Otitis media,329,4939,sliding_3yr,2018
Otitis media,329,30819,sliding_3yr,2019
Otitis media,329,33253,sliding_3yr,2020
Otitis media,329,33253,sliding_3yr,2021
Otitis media,329,144508,sliding_3yr,2022
Otitis media,329,172555,sliding_3yr,2023
Otitis media,329,197985,sliding_3yr,2024
Otitis media,329,2499,year,2012
Otitis media,329,1305,year,2013
Otitis media,329,3483,year,2016
Otitis media,329,4939,year,2018
Otitis media,329,30819,year,2021
Otitis media,329,2434,year,2022
Otitis media,329,142074,year,2024
Otitis media,329,30481,year,2025
Otitis media,329,25430,year,2026
Ovarian cancer,465,3680608,all,
Ovarian cancer,465,8761,sliding_3yr,2007
Ovarian cancer,465,29745,sliding_3yr,2008
Ovarian cancer,465,30385,sliding_3yr,2009
Ovarian cancer,465,26617,sliding_3yr,2010
Ovarian cancer,465,12108,sliding_3yr,2011
Ovarian cancer,465,11468,sliding_3yr,2012
Ovarian cancer,465,6475,sliding_3yr,2013
Ovarian cancer,465,484699,sliding_3yr,2014
Ovarian cancer,465,564180,sliding_3yr,2015
Ovarian cancer,465,569091,sliding_3yr,2016
Ovarian cancer,465,89461,sliding_3yr,2017
Ovarian cancer,465,12606,sliding_3yr,2018
Ovarian cancer,465,45336,sliding_3yr,2019
Ovarian cancer,465,65768,sliding_3yr,2020
Ovarian cancer,465,631565,sliding_3yr,2021
Ovarian cancer,465,624792,sliding_3yr,2022
Ovarian cancer,465,2998827,sliding_3yr,2023
Ovarian cancer,465,2430404,sliding_3yr,2024
Ovarian cancer,465,8761,year,2009
Ovarian cancer,465,20984,year,2010
Ovarian cancer,465,640,year,2011
Ovarian cancer,465,4993,year,2012
Ovarian cancer,465,6475,year,2013
Ovarian cancer,465,484699,year,2016
Ovarian cancer,465,79481,year,2017
Ovarian cancer,465,4911,year,2018
Ovarian cancer,465,5069,year,2019
Ovarian cancer,465,2626,year,2020
Ovarian cancer,465,37641,year,2021
Ovarian cancer,465,25501,year,2022
Ovarian cancer,465,568423,year,2023
Ovarian cancer,465,30868,year,2024
Ovarian cancer,465,2399536,year,2025
Pancreatic cancer,456,692357,all,
Pancreatic cancer,456,3891,sliding_3yr,2007
Pancreatic cancer,456,5042,sliding_3yr,2008
Pancreatic cancer,456,8626,sliding_3yr,2009
Pancreatic cancer,456,6825,sliding_3yr,2010
Pancreatic cancer,456,5674,sliding_3yr,2011
Pancreatic cancer,456,9773,sliding_3yr,2012
Pancreatic cancer,456,17608,sliding_3yr,2013
Pancreatic cancer,456,28791,sliding_3yr,2014
Pancreatic cancer,456,22796,sliding_3yr,2015
Pancreatic cancer,456,37362,sliding_3yr,2016
Pancreatic cancer,456,26179,sliding_3yr,2017
Pancreatic cancer,456,46718,sliding_3yr,2018
Pancreatic cancer,456,58949,sliding_3yr,2019
Pancreatic cancer,456,317110,sliding_3yr,2020
Pancreatic cancer,456,592673,sliding_3yr,2021
Pancreatic cancer,456,566259,sliding_3yr,2022
Pancreatic cancer,456,309561,sliding_3yr,2023
Pancreatic cancer,456,11771,sliding_3yr,2024
Pancreatic cancer,456,3891,year,2009
Pancreatic cancer,456,1151,year,2010
Pancreatic cancer,456,3584,year,2011
Pancreatic cancer,456,2090,year,2012
Pancreatic cancer,456,7683,year,2014
Pancreatic cancer,456,9925,year,2015
Pancreatic cancer,456,11183,year,2016
Pancreatic cancer,456,1688,year,2017
Pancreatic cancer,456,24491,year,2018
Pancreatic cancer,456,22227,year,2020
Pancreatic cancer,456,36722,year,2021
Pancreatic cancer,456,258161,year,2022
Pancreatic cancer,456,297790,year,2023
Pancreatic cancer,456,10308,year,2024
Pancreatic cancer,456,1463,year,2025
Pancreatitis,535,113500,all,
Pancreatitis,535,1586,sliding_3yr,2010
Pancreatitis,535,1586,sliding_3yr,2011
Pancreatitis,535,1586,sliding_3yr,2012
Pancreatitis,535,5397,sliding_3yr,2014
Pancreatitis,535,11707,sliding_3yr,2015
Pancreatitis,535,14225,sliding_3yr,2016
Pancreatitis,535,8828,sliding_3yr,2017
Pancreatitis,535,2518,sliding_3yr,2018
Pancreatitis,535,20962,sliding_3yr,2019
Pancreatitis,535,21546,sliding_3yr,2020
Pancreatitis,535,32489,sliding_3yr,2021
Pancreatitis,535,44865,sliding_3yr,2022
Pancreatitis,535,51661,sliding_3yr,2023
Pancreatitis,535,65200,sliding_3yr,2024
Pancreatitis,535,1586,year,2012
Pancreatitis,535,5397,year,2016
Pancreatitis,535,6310,year,2017
Pancreatitis,535,2518,year,2018
Pancreatitis,535,20962,year,2021
Pancreatitis,535,584,year,2022
Pancreatitis,535,10943,year,2023
Pancreatitis,535,33338,year,2024
Pancreatitis,535,7380,year,2025
Pancreatitis,535,24482,year,2026
Paralytic ileus and intestinal obstruction,530,133528,all,
Paralytic ileus and intestinal obstruction,530,7862,sliding_3yr,2016
Paralytic ileus and intestinal obstruction,530,7862,sliding_3yr,2017
Paralytic ileus and intestinal obstruction,530,7862,sliding_3yr,2018
Paralytic ileus and intestinal obstruction,530,24977,sliding_3yr,2019
Paralytic ileus and intestinal obstruction,530,24977,sliding_3yr,2020
Paralytic ileus and intestinal obstruction,530,25643,sliding_3yr,2021
Paralytic ileus and intestinal obstruction,530,83306,sliding_3yr,2022
Paralytic ileus and intestinal obstruction,530,88469,sliding_3yr,2023
Paralytic ileus and intestinal obstruction,530,100023,sliding_3yr,2024
Paralytic ileus and intestinal obstruction,530,7862,year,2018
Paralytic ileus and intestinal obstruction,530,24977,year,2021
Paralytic ileus and intestinal obstruction,530,666,year,2023
Paralytic ileus and intestinal obstruction,530,82640,year,2024
Paralytic ileus and intestinal obstruction,530,5163,year,2025
Paralytic ileus and intestinal obstruction,530,12220,year,2026
Paratyphoid fever,320,0,all,
Parkinson's disease,544,903072,all,
Parkinson's disease,544,1041,sliding_3yr,2005
Parkinson's disease,544,1386,sliding_3yr,2006
Parkinson's disease,544,8114,sliding_3yr,2007
Parkinson's disease,544,20328,sliding_3yr,2008
Parkinson's disease,544,40315,sliding_3yr,2009
Parkinson's disease,544,142403,sliding_3yr,2010
Parkinson's disease,544,130220,sliding_3yr,2011
Parkinson's disease,544,133846,sliding_3yr,2012
Parkinson's disease,544,25919,sliding_3yr,2013
Parkinson's disease,544,41775,sliding_3yr,2014
Parkinson's disease,544,43078,sliding_3yr,2015
Parkinson's disease,544,45909,sliding_3yr,2016
Parkinson's disease,544,161335,sliding_3yr,2017
Parkinson's disease,544,285536,sliding_3yr,2018
Parkinson's disease,544,394687,sliding_3yr,2019
Parkinson's disease,544,267297,sliding_3yr,2020
Parkinson's disease,544,308005,sliding_3yr,2021
Parkinson's disease,544,263341,sliding_3yr,2022
Parkinson's disease,544,265257,sliding_3yr,2023
Parkinson's disease,544,90132,sliding_3yr,2024
Parkinson's disease,544,774,year,2005
Parkinson's disease,544,267,year,2006
Parkinson's disease,544,1119,year,2008
Parkinson's disease,544,6995,year,2009
Parkinson's disease,544,12214,year,2010
Parkinson's disease,544,21106,year,2011
Parkinson's disease,544,109083,year,2012
Parkinson's disease,544,31,year,2013
Parkinson's disease,544,24732,year,2014
Parkinson's disease,544,1156,year,2015
Parkinson's disease,544,15887,year,2016
Parkinson's disease,544,26035,year,2017
Parkinson's disease,544,3987,year,2018
Parkinson's disease,544,131313,year,2019
Parkinson's disease,544,150236,year,2020
Parkinson's disease,544,113138,year,2021
Parkinson's disease,544,3923,year,2022
Parkinson's disease,544,190944,year,2023
Parkinson's disease,544,68474,year,2024
Parkinson's disease,544,5839,year,2025
Parkinson's disease,544,15819,year,2026
Peptic ulcer disease,527,2104180,all,
Peptic ulcer disease,527,7035,sliding_3yr,2010
Peptic ulcer disease,527,7035,sliding_3yr,2011
Peptic ulcer disease,527,7035,sliding_3yr,2012
Peptic ulcer disease,527,15589,sliding_3yr,2016
Peptic ulcer disease,527,15589,sliding_3yr,2017
Peptic ulcer disease,527,15589,sliding_3yr,2018
Peptic ulcer disease,527,197179,sliding_3yr,2019
Peptic ulcer disease,527,478265,sliding_3yr,2020
Peptic ulcer disease,527,1365570,sliding_3yr,2021
Peptic ulcer disease,527,1307201,sliding_3yr,2022
Peptic ulcer disease,527,1538290,sliding_3yr,2023
Peptic ulcer disease,527,715986,sliding_3yr,2024
Peptic ulcer disease,527,7035,year,2012
Peptic ulcer disease,527,15589,year,2018
Peptic ulcer disease,527,197179,year,2021
Peptic ulcer disease,527,281086,year,2022
Peptic ulcer disease,527,887305,year,2023
Peptic ulcer disease,527,138810,year,2024
Peptic ulcer disease,527,512175,year,2025
Peptic ulcer disease,527,65001,year,2026
Periodontal diseases,683,1565784,all,
Periodontal diseases,683,438,sliding_3yr,2007
Periodontal diseases,683,438,sliding_3yr,2008
Periodontal diseases,683,438,sliding_3yr,2009
Periodontal diseases,683,1020,sliding_3yr,2010
Periodontal diseases,683,19690,sliding_3yr,2011
Periodontal diseases,683,21113,sliding_3yr,2012
Periodontal diseases,683,22853,sliding_3yr,2013
Periodontal diseases,683,4183,sliding_3yr,2014
Periodontal diseases,683,3834,sliding_3yr,2015
Periodontal diseases,683,11123,sliding_3yr,2016
Periodontal diseases,683,67229,sliding_3yr,2017
Periodontal diseases,683,72593,sliding_3yr,2018
Periodontal diseases,683,115284,sliding_3yr,2019
Periodontal diseases,683,59178,sliding_3yr,2020
Periodontal diseases,683,1089682,sliding_3yr,2021
Periodontal diseases,683,1375684,sliding_3yr,2022
Periodontal diseases,683,1390055,sliding_3yr,2023
Periodontal diseases,683,378124,sliding_3yr,2024
Periodontal diseases,683,438,year,2009
Periodontal diseases,683,1020,year,2012
Periodontal diseases,683,18670,year,2013
Periodontal diseases,683,1423,year,2014
Periodontal diseases,683,2760,year,2015
Periodontal diseases,683,1074,year,2017
Periodontal diseases,683,10049,year,2018
Periodontal diseases,683,56106,year,2019
Periodontal diseases,683,6438,year,2020
Periodontal diseases,683,52740,year,2021
Periodontal diseases,683,1036942,year,2023
Periodontal diseases,683,338742,year,2024
Periodontal diseases,683,14371,year,2025
Periodontal diseases,683,25011,year,2026
Pertussis,339,20377,all,
Pertussis,339,5030,sliding_3yr,2019
Pertussis,339,5030,sliding_3yr,2020
Pertussis,339,17245,sliding_3yr,2021
Pertussis,339,12215,sliding_3yr,2022
Pertussis,339,15347,sliding_3yr,2023
Pertussis,339,3132,sliding_3yr,2024
Pertussis,339,5030,year,2021
Pertussis,339,12215,year,2023
Pertussis,339,3132,year,2025
Pneumoconiosis,510,692,sliding_3yr,2012
Pneumoconiosis,510,692,sliding_3yr,2013
Pneumoconiosis,510,692,sliding_3yr,2014
Pneumoconiosis,510,234,sliding_3yr,2016
Pneumoconiosis,510,234,sliding_3yr,2017
Pneumoconiosis,510,234,sliding_3yr,2018
Pneumoconiosis,510,603,sliding_3yr,2019
Pneumoconiosis,510,603,sliding_3yr,2020
Pneumoconiosis,510,603,sliding_3yr,2021
Pneumoconiosis,510,4580,sliding_3yr,2022
Pneumoconiosis,510,5371,sliding_3yr,2023
Pneumoconiosis,510,5371,sliding_3yr,2024
Pneumoconiosis,510,692,year,2014
Pneumoconiosis,510,234,year,2018
Pneumoconiosis,510,603,year,2021
Pneumoconiosis,510,4580,year,2024
Pneumoconiosis,510,791,year,2025
Polycystic ovarian syndrome,605,292882,all,
Polycystic ovarian syndrome,605,4082,sliding_3yr,2008
Polycystic ovarian syndrome,605,4082,sliding_3yr,2009
Polycystic ovarian syndrome,605,17528,sliding_3yr,2010
Polycystic ovarian syndrome,605,13446,sliding_3yr,2011
Polycystic ovarian syndrome,605,13446,sliding_3yr,2012
Polycystic ovarian syndrome,605,11459,sliding_3yr,2013
Polycystic ovarian syndrome,605,11459,sliding_3yr,2014
Polycystic ovarian syndrome,605,11859,sliding_3yr,2015
Polycystic ovarian syndrome,605,10865,sliding_3yr,2016
Polycystic ovarian syndrome,605,10865,sliding_3yr,2017
Polycystic ovarian syndrome,605,13346,sliding_3yr,2018
Polycystic ovarian syndrome,605,10255,sliding_3yr,2019
Polycystic ovarian syndrome,605,208873,sliding_3yr,2020
Polycystic ovarian syndrome,605,207352,sliding_3yr,2021
Polycystic ovarian syndrome,605,208305,sliding_3yr,2022
Polycystic ovarian syndrome,605,30142,sliding_3yr,2023
Polycystic ovarian syndrome,605,42797,sliding_3yr,2024
Polycystic ovarian syndrome,605,4082,year,2010
Polycystic ovarian syndrome,605,13446,year,2012
Polycystic ovarian syndrome,605,11459,year,2015
Polycystic ovarian syndrome,605,400,year,2017
Polycystic ovarian syndrome,605,10465,year,2018
Polycystic ovarian syndrome,605,2881,year,2020
Polycystic ovarian syndrome,605,7374,year,2021
Polycystic ovarian syndrome,605,198618,year,2022
Polycystic ovarian syndrome,605,1360,year,2023
Polycystic ovarian syndrome,605,8327,year,2024
Polycystic ovarian syndrome,605,20455,year,2025
Polycystic ovarian syndrome,605,14015,year,2026
Premenstrual syndrome,609,1027,all,
Premenstrual syndrome,609,159,sliding_3yr,2016
Premenstrual syndrome,609,159,sliding_3yr,2017
Premenstrual syndrome,609,159,sliding_3yr,2018
Premenstrual syndrome,609,328,sliding_3yr,2022
Premenstrual syndrome,609,868,sliding_3yr,2023
Premenstrual syndrome,609,868,sliding_3yr,2024
Premenstrual syndrome,609,159,year,2018
Premenstrual syndrome,609,328,year,2024
Premenstrual syndrome,609,540,year,2025
Prostate cancer,438,3224612,all,
Prostate cancer,438,13361,sliding_3yr,2005
Prostate cancer,438,33689,sliding_3yr,2006
Prostate cancer,438,75814,sliding_3yr,2007
Prostate cancer,438,68283,sliding_3yr,2008
Prostate cancer,438,103917,sliding_3yr,2009
Prostate cancer,438,125743,sliding_3yr,2010
Prostate cancer,438,156475,sliding_3yr,2011
Prostate cancer,438,153824,sliding_3yr,2012
Prostate cancer,438,161541,sliding_3yr,2013
Prostate cancer,438,366052,sliding_3yr,2014
Prostate cancer,438,322943,sliding_3yr,2015
Prostate cancer,438,590061,sliding_3yr,2016
Prostate cancer,438,362593,sliding_3yr,2017
Prostate cancer,438,543685,sliding_3yr,2018
Prostate cancer,438,541807,sliding_3yr,2019
Prostate cancer,438,815673,sliding_3yr,2020
Prostate cancer,438,1723588,sliding_3yr,2021
Prostate cancer,438,1675969,sliding_3yr,2022
Prostate cancer,438,1399581,sliding_3yr,2023
Prostate cancer,438,342966,sliding_3yr,2024
Prostate cancer,438,13361,year,2007
Prostate cancer,438,20328,year,2008
Prostate cancer,438,42125,year,2009
Prostate cancer,438,5830,year,2010
Prostate cancer,438,55962,year,2011
Prostate cancer,438,63951,year,2012
Prostate cancer,438,36562,year,2013
Prostate cancer,438,53311,year,2014
Prostate cancer,438,71668,year,2015
Prostate cancer,438,241073,year,2016
Prostate cancer,438,10202,year,2017
Prostate cancer,438,338786,year,2018
Prostate cancer,438,13605,year,2019
Prostate cancer,438,191294,year,2020
Prostate cancer,438,336908,year,2021
Prostate cancer,438,287471,year,2022
Prostate cancer,438,1099209,year,2023
Prostate cancer,438,289289,year,2024
Prostate cancer,438,11083,year,2025
Prostate cancer,438,42594,year,2026
Protein-energy malnutrition,387,682901,all,
Protein-energy malnutrition,387,1057,sliding_3yr,2016
Protein-energy malnutrition,387,1057,sliding_3yr,2017
Protein-energy malnutrition,387,269489,sliding_3yr,2018
Protein-energy malnutrition,387,567013,sliding_3yr,2019
Protein-energy malnutrition,387,633251,sliding_3yr,2020
Protein-energy malnutrition,387,364819,sliding_3yr,2021
Protein-energy malnutrition,387,113124,sliding_3yr,2022
Protein-energy malnutrition,387,48593,sliding_3yr,2023
Protein-energy malnutrition,387,48593,sliding_3yr,2024
Protein-energy malnutrition,387,1057,year,2018
Protein-energy malnutrition,387,268432,year,2020
Protein-energy malnutrition,387,298581,year,2021
Protein-energy malnutrition,387,66238,year,2022
Protein-energy malnutrition,387,46886,year,2024
Protein-energy malnutrition,387,1707,year,2025
Pruritus,663,107251,all,
Pruritus,663,783,sliding_3yr,2016
Pruritus,663,814,sliding_3yr,2017
Pruritus,663,814,sliding_3yr,2018
Pruritus,663,16177,sliding_3yr,2019
Pruritus,663,16146,sliding_3yr,2020
Pruritus,663,24573,sliding_3yr,2021
Pruritus,663,45183,sliding_3yr,2022
Pruritus,663,73727,sliding_3yr,2023
Pruritus,663,81864,sliding_3yr,2024
Pruritus,663,783,year,2018
Pruritus,663,31,year,2019
Pruritus,663,16146,year,2021
Pruritus,663,8427,year,2023
Pruritus,663,36756,year,2024
Pruritus,663,28544,year,2025
Pruritus,663,16564,year,2026
Psoriasis,655,2804102,all,
Psoriasis,655,4050,sliding_3yr,2006
Psoriasis,655,17317,sliding_3yr,2007
Psoriasis,655,32383,sliding_3yr,2008
Psoriasis,655,28333,sliding_3yr,2009
Psoriasis,655,37585,sliding_3yr,2010
Psoriasis,655,60011,sliding_3yr,2011
Psoriasis,655,60011,sliding_3yr,2012
Psoriasis,655,122924,sliding_3yr,2013
Psoriasis,655,137694,sliding_3yr,2014
Psoriasis,655,157328,sliding_3yr,2015
Psoriasis,655,605447,sliding_3yr,2016
Psoriasis,655,594287,sliding_3yr,2017
Psoriasis,655,744949,sliding_3yr,2018
Psoriasis,655,1145823,sliding_3yr,2019
Psoriasis,655,1192527,sliding_3yr,2020
Psoriasis,655,1026233,sliding_3yr,2021
Psoriasis,655,280318,sliding_3yr,2022
Psoriasis,655,760395,sliding_3yr,2023
Psoriasis,655,783198,sliding_3yr,2024
Psoriasis,655,4050,year,2008
Psoriasis,655,13267,year,2009
Psoriasis,655,15066,year,2010
Psoriasis,655,22519,year,2012
Psoriasis,655,37492,year,2013
Psoriasis,655,85432,year,2015
Psoriasis,655,52262,year,2016
Psoriasis,655,19634,year,2017
Psoriasis,655,533551,year,2018
Psoriasis,655,41102,year,2019
Psoriasis,655,170296,year,2020
Psoriasis,655,934425,year,2021
Psoriasis,655,87806,year,2022
Psoriasis,655,4002,year,2023
Psoriasis,655,188510,year,2024
Psoriasis,655,567883,year,2025
Psoriasis,655,26805,year,2026
Pulmonary Arterial Hypertension,1004,23944,all,
Pulmonary Arterial Hypertension,1004,625,sliding_3yr,2011
Pulmonary Arterial Hypertension,1004,625,sliding_3yr,2012
Pulmonary Arterial Hypertension,1004,625,sliding_3yr,2013
Pulmonary Arterial Hypertension,1004,44,sliding_3yr,2015
Pulmonary Arterial Hypertension,1004,2575,sliding_3yr,2016
Pulmonary Arterial Hypertension,1004,2575,sliding_3yr,2017
Pulmonary Arterial Hypertension,1004,2531,sliding_3yr,2018
Pulmonary Arterial Hypertension,1004,1149,sliding_3yr,2019
Pulmonary Arterial Hypertension,1004,1149,sliding_3yr,2020
Pulmonary Arterial Hypertension,1004,3689,sliding_3yr,2021
Pulmonary Arterial Hypertension,1004,7246,sliding_3yr,2022
Pulmonary Arterial Hypertension,1004,7619,sliding_3yr,2023
Pulmonary Arterial Hypertension,1004,17055,sliding_3yr,2024
Pulmonary Arterial Hypertension,1004,625,year,2013
Pulmonary Arterial Hypertension,1004,44,year,2017
Pulmonary Arterial Hypertension,1004,2531,year,2018
Pulmonary Arterial Hypertension,1004,1149,year,2021
Pulmonary Arterial Hypertension,1004,2540,year,2023
Pulmonary Arterial Hypertension,1004,4706,year,2024
Pulmonary Arterial Hypertension,1004,373,year,2025
Pulmonary Arterial Hypertension,1004,11976,year,2026
Pyoderma,657,2071,all,
Pyoderma,657,298,sliding_3yr,2022
Pyoderma,657,2071,sliding_3yr,2023
Pyoderma,657,2071,sliding_3yr,2024
Pyoderma,657,298,year,2024
Pyoderma,657,1773,year,2025
Rabies,359,0,all,
Refraction disorders,999,6601325,all,
Refraction disorders,999,33292,sliding_3yr,2008
Refraction disorders,999,33292,sliding_3yr,2009
Refraction disorders,999,33292,sliding_3yr,2010
Refraction disorders,999,72801,sliding_3yr,2011
Refraction disorders,999,72801,sliding_3yr,2012
Refraction disorders,999,72801,sliding_3yr,2013
Refraction disorders,999,50351,sliding_3yr,2014
Refraction disorders,999,50351,sliding_3yr,2015
Refraction disorders,999,290560,sliding_3yr,2016
Refraction disorders,999,763160,sliding_3yr,2017
Refraction disorders,999,1753012,sliding_3yr,2018
Refraction disorders,999,2497905,sliding_3yr,2019
Refraction disorders,999,2114912,sliding_3yr,2020
Refraction disorders,999,1152066,sliding_3yr,2021
Refraction disorders,999,166964,sliding_3yr,2022
Refraction disorders,999,32336,sliding_3yr,2023
Refraction disorders,999,3539803,sliding_3yr,2024
Refraction disorders,999,33292,year,2010
Refraction disorders,999,72801,year,2013
Refraction disorders,999,50351,year,2016
Refraction disorders,999,240209,year,2018
Refraction disorders,999,522951,year,2019
Refraction disorders,999,989852,year,2020
Refraction disorders,999,985102,year,2021
Refraction disorders,999,139958,year,2022
Refraction disorders,999,27006,year,2023
Refraction disorders,999,5330,year,2025
Refraction disorders,999,3534473,year,2026
Retinoblastoma,1009,910,all,
Retinoblastoma,1009,176,sliding_3yr,2016
Retinoblastoma,1009,176,sliding_3yr,2017
Retinoblastoma,1009,176,sliding_3yr,2018
Retinoblastoma,1009,734,sliding_3yr,2022
Retinoblastoma,1009,734,sliding_3yr,2023
Retinoblastoma,1009,734,sliding_3yr,2024
Retinoblastoma,1009,176,year,2018
Retinoblastoma,1009,734,year,2024
Rheumatic heart disease,492,45478,all,
Rheumatic heart disease,492,1006,sliding_3yr,2015
Rheumatic heart disease,492,5901,sliding_3yr,2016
Rheumatic heart disease,492,5901,sliding_3yr,2017
Rheumatic heart disease,492,5717,sliding_3yr,2018
Rheumatic heart disease,492,2509,sliding_3yr,2019
Rheumatic heart disease,492,2509,sliding_3yr,2020
Rheumatic heart disease,492,1687,sliding_3yr,2021
Rheumatic heart disease,492,14654,sliding_3yr,2022
Rheumatic heart disease,492,37068,sliding_3yr,2023
Rheumatic heart disease,492,37068,sliding_3yr,2024
Rheumatic heart disease,492,1006,year,2017
Rheumatic heart disease,492,4895,year,2018
Rheumatic heart disease,492,822,year,2020
Rheumatic heart disease,492,1687,year,2021
Rheumatic heart disease,492,14654,year,2024
Rheumatic heart disease,492,22414,year,2025
Rheumatoid arthritis,627,3629955,all,
Rheumatoid arthritis,627,7115,sliding_3yr,2005
Rheumatoid arthritis,627,15247,sliding_3yr,2006
Rheumatoid arthritis,627,20269,sliding_3yr,2007
Rheumatoid arthritis,627,35340,sliding_3yr,2008
Rheumatoid arthritis,627,34820,sliding_3yr,2009
Rheumatoid arthritis,627,73776,sliding_3yr,2010
Rheumatoid arthritis,627,120595,sliding_3yr,2011
Rheumatoid arthritis,627,145025,sliding_3yr,2012
Rheumatoid arthritis,627,105595,sliding_3yr,2013
Rheumatoid arthritis,627,84536,sliding_3yr,2014
Rheumatoid arthritis,627,57530,sliding_3yr,2015
Rheumatoid arthritis,627,639580,sliding_3yr,2016
Rheumatoid arthritis,627,617722,sliding_3yr,2017
Rheumatoid arthritis,627,741096,sliding_3yr,2018
Rheumatoid arthritis,627,429339,sliding_3yr,2019
Rheumatoid arthritis,627,616200,sliding_3yr,2020
Rheumatoid arthritis,627,926534,sliding_3yr,2021
Rheumatoid arthritis,627,936699,sliding_3yr,2022
Rheumatoid arthritis,627,2097624,sliding_3yr,2023
Rheumatoid arthritis,627,1709703,sliding_3yr,2024
Rheumatoid arthritis,627,7115,year,2007
Rheumatoid arthritis,627,8132,year,2008
Rheumatoid arthritis,627,5022,year,2009
Rheumatoid arthritis,627,22186,year,2010
Rheumatoid arthritis,627,7612,year,2011
Rheumatoid arthritis,627,43978,year,2012
Rheumatoid arthritis,627,69005,year,2013
Rheumatoid arthritis,627,32042,year,2014
Rheumatoid arthritis,627,4548,year,2015
Rheumatoid arthritis,627,47946,year,2016
Rheumatoid arthritis,627,5036,year,2017
Rheumatoid arthritis,627,586598,year,2018
Rheumatoid arthritis,627,26088,year,2019
Rheumatoid arthritis,627,128410,year,2020
Rheumatoid arthritis,627,274841,year,2021
Rheumatoid arthritis,627,212949,year,2022
Rheumatoid arthritis,627,438744,year,2023
Rheumatoid arthritis,627,285006,year,2024
Rheumatoid arthritis,627,1373874,year,2025
Rheumatoid arthritis,627,50823,year,2026
Scabies,658,232535,all,
Scabies,658,4520,sliding_3yr,2016
Scabies,658,4520,sliding_3yr,2017
Scabies,658,4520,sliding_3yr,2018
Scabies,658,16186,sliding_3yr,2019
Scabies,658,37856,sliding_3yr,2020
Scabies,658,37856,sliding_3yr,2021
Scabies,658,35396,sliding_3yr,2022
Scabies,658,163202,sliding_3yr,2023
Scabies,658,190159,sliding_3yr,2024
Scabies,658,4520,year,2018
Scabies,658,16186,year,2021
Scabies,658,21670,year,2022
Scabies,658,13726,year,2024
Scabies,658,149476,year,2025
Scabies,658,26957,year,2026
Schistosomiasis,351,0,all,
Schizophrenia,559,19637805,all,
Schizophrenia,559,178,sliding_3yr,2005
Schizophrenia,559,12893,sliding_3yr,2006
Schizophrenia,559,45477,sliding_3yr,2007
Schizophrenia,559,50727,sliding_3yr,2008
Schizophrenia,559,88392,sliding_3yr,2009
Schizophrenia,559,91831,sliding_3yr,2010
Schizophrenia,559,198753,sliding_3yr,2011
Schizophrenia,559,185731,sliding_3yr,2012
Schizophrenia,559,190027,sliding_3yr,2013
Schizophrenia,559,86400,sliding_3yr,2014
Schizophrenia,559,329287,sliding_3yr,2015
Schizophrenia,559,505883,sliding_3yr,2016
Schizophrenia,559,1576869,sliding_3yr,2017
Schizophrenia,559,2371761,sliding_3yr,2018
Schizophrenia,559,4534073,sliding_3yr,2019
Schizophrenia,559,13072213,sliding_3yr,2020
Schizophrenia,559,16286899,sliding_3yr,2021
Schizophrenia,559,14115404,sliding_3yr,2022
Schizophrenia,559,4627747,sliding_3yr,2023
Schizophrenia,559,362842,sliding_3yr,2024
Schizophrenia,559,178,year,2007
Schizophrenia,559,12715,year,2008
Schizophrenia,559,32584,year,2009
Schizophrenia,559,5428,year,2010
Schizophrenia,559,50380,year,2011
Schizophrenia,559,36023,year,2012
Schizophrenia,559,112350,year,2013
Schizophrenia,559,37358,year,2014
Schizophrenia,559,40319,year,2015
Schizophrenia,559,8723,year,2016
Schizophrenia,559,280245,year,2017
Schizophrenia,559,216915,year,2018
Schizophrenia,559,1079709,year,2019
Schizophrenia,559,1075137,year,2020
Schizophrenia,559,2379227,year,2021
Schizophrenia,559,9617849,year,2022
Schizophrenia,559,4289823,year,2023
Schizophrenia,559,207732,year,2024
Schizophrenia,559,130192,year,2025
Schizophrenia,559,24918,year,2026
Seborrhoeic dermatitis,979,123195,all,
Seborrhoeic dermatitis,979,609,sliding_3yr,2015
Seborrhoeic dermatitis,979,662,sliding_3yr,2016
Seborrhoeic dermatitis,979,662,sliding_3yr,2017
Seborrhoeic dermatitis,979,53,sliding_3yr,2018
Seborrhoeic dermatitis,979,4312,sliding_3yr,2019
Seborrhoeic dermatitis,979,4312,sliding_3yr,2020
Seborrhoeic dermatitis,979,4312,sliding_3yr,2021
Seborrhoeic dermatitis,979,77356,sliding_3yr,2022
Seborrhoeic dermatitis,979,88249,sliding_3yr,2023
Seborrhoeic dermatitis,979,118221,sliding_3yr,2024
Seborrhoeic dermatitis,979,609,year,2017
Seborrhoeic dermatitis,979,53,year,2018
Seborrhoeic dermatitis,979,4312,year,2021
Seborrhoeic dermatitis,979,77356,year,2024
Seborrhoeic dermatitis,979,10893,year,2025
Seborrhoeic dermatitis,979,29972,year,2026
Sexually transmitted infections excluding HIV,393,287,sliding_3yr,2016
Sexually transmitted infections excluding HIV,393,287,sliding_3yr,2017
Sexually transmitted infections excluding HIV,393,287,sliding_3yr,2018
Sexually transmitted infections excluding HIV,393,6167,sliding_3yr,2019
Sexually transmitted infections excluding HIV,393,6389,sliding_3yr,2020
Sexually transmitted infections excluding HIV,393,6389,sliding_3yr,2021
Sexually transmitted infections excluding HIV,393,47448,sliding_3yr,2022
Sexually transmitted infections excluding HIV,393,59300,sliding_3yr,2023
Sexually transmitted infections excluding HIV,393,71389,sliding_3yr,2024
Sexually transmitted infections excluding HIV,393,287,year,2018
Sexually transmitted infections excluding HIV,393,6167,year,2021
Sexually transmitted infections excluding HIV,393,222,year,2022
Sexually transmitted infections excluding HIV,393,47226,year,2024
Sexually transmitted infections excluding HIV,393,12074,year,2025
Sexually transmitted infections excluding HIV,393,12089,year,2026
Sickle cell disorders,615,17467,all,
Sickle cell disorders,615,1428,sliding_3yr,2007
Sickle cell disorders,615,1428,sliding_3yr,2008
Sickle cell disorders,615,1428,sliding_3yr,2009
Sickle cell disorders,615,2075,sliding_3yr,2011
Sickle cell disorders,615,2075,sliding_3yr,2012
Sickle cell disorders,615,2075,sliding_3yr,2013
Sickle cell disorders,615,1396,sliding_3yr,2022
Sickle cell disorders,615,1974,sliding_3yr,2023
Sickle cell disorders,615,13964,sliding_3yr,2024
Sickle cell disorders,615,1428,year,2009
Sickle cell disorders,615,2075,year,2013
Sickle cell disorders,615,1396,year,2024
Sickle cell disorders,615,578,year,2025
Sickle cell disorders,615,11990,year,2026
Sickle cell trait,838,17467,all,
Sickle cell trait,838,1428,sliding_3yr,2007
Sickle cell trait,838,1428,sliding_3yr,2008
Sickle cell trait,838,1428,sliding_3yr,2009
Sickle cell trait,838,2075,sliding_3yr,2011
Sickle cell trait,838,2075,sliding_3yr,2012
Sickle cell trait,838,2075,sliding_3yr,2013
Sickle cell trait,838,1396,sliding_3yr,2022
Sickle cell trait,838,1974,sliding_3yr,2023
Sickle cell trait,838,13964,sliding_3yr,2024
Sickle cell trait,838,1428,year,2009
Sickle cell trait,838,2075,year,2013
Sickle cell trait,838,1396,year,2024
Sickle cell trait,838,578,year,2025
Sickle cell trait,838,11990,year,2026
Silicosis,511,0,all,
Soft tissue and other extraosseous sarcomas,1011,17227,all,
Soft tissue and other extraosseous sarcomas,1011,736,sliding_3yr,2016
Soft tissue and other extraosseous sarcomas,1011,736,sliding_3yr,2017
Soft tissue and other extraosseous sarcomas,1011,736,sliding_3yr,2018
Soft tissue and other extraosseous sarcomas,1011,7641,sliding_3yr,2019
Soft tissue and other extraosseous sarcomas,1011,7641,sliding_3yr,2020
Soft tissue and other extraosseous sarcomas,1011,7641,sliding_3yr,2021
Soft tissue and other extraosseous sarcomas,1011,8168,sliding_3yr,2022
Soft tissue and other extraosseous sarcomas,1011,8850,sliding_3yr,2023
Soft tissue and other extraosseous sarcomas,1011,8850,sliding_3yr,2024
Soft tissue and other extraosseous sarcomas,1011,736,year,2018
Soft tissue and other extraosseous sarcomas,1011,7641,year,2021
Soft tissue and other extraosseous sarcomas,1011,8168,year,2024
Soft tissue and other extraosseous sarcomas,1011,682,year,2025
Stomach cancer,414,217340,all,
Stomach cancer,414,554,sliding_3yr,2016
Stomach cancer,414,554,sliding_3yr,2017
Stomach cancer,414,554,sliding_3yr,2018
Stomach cancer,414,145,sliding_3yr,2019
Stomach cancer,414,11136,sliding_3yr,2020
Stomach cancer,414,207723,sliding_3yr,2021
Stomach cancer,414,211140,sliding_3yr,2022
Stomach cancer,414,202285,sliding_3yr,2023
Stomach cancer,414,9063,sliding_3yr,2024
Stomach cancer,414,554,year,2018
Stomach cancer,414,145,year,2021
Stomach cancer,414,10991,year,2022
Stomach cancer,414,196587,year,2023
Stomach cancer,414,3562,year,2024
Stomach cancer,414,2136,year,2025
Stomach cancer,414,3365,year,2026
Stroke,494,3226,sliding_3yr,2012
Stroke,494,74516,sliding_3yr,2013
Stroke,494,146034,sliding_3yr,2014
Stroke,494,145934,sliding_3yr,2015
Stroke,494,280738,sliding_3yr,2016
Stroke,494,276152,sliding_3yr,2017
Stroke,494,349889,sliding_3yr,2018
Stroke,494,356786,sliding_3yr,2019
Stroke,494,1175877,sliding_3yr,2020
Stroke,494,2977456,sliding_3yr,2021
Stroke,494,2946873,sliding_3yr,2022
Stroke,494,2107618,sliding_3yr,2023
Stroke,494,300932,sliding_3yr,2024
Stroke,494,3226,year,2014
Stroke,494,71290,year,2015
Stroke,494,71518,year,2016
Stroke,494,3126,year,2017
Stroke,494,206094,year,2018
Stroke,494,66932,year,2019
Stroke,494,76863,year,2020
Stroke,494,212991,year,2021
Stroke,494,886023,year,2022
Stroke,494,1878442,year,2023
Stroke,494,182408,year,2024
Stroke,494,46768,year,2025
Stroke,494,71756,year,2026
Subarachnoid hemorrhage,497,61874,all,
Subarachnoid hemorrhage,497,3116,sliding_3yr,2016
Subarachnoid hemorrhage,497,3116,sliding_3yr,2017
Subarachnoid hemorrhage,497,3116,sliding_3yr,2018
Subarachnoid hemorrhage,497,15058,sliding_3yr,2019
Subarachnoid hemorrhage,497,15058,sliding_3yr,2020
Subarachnoid hemorrhage,497,15804,sliding_3yr,2021
Subarachnoid hemorrhage,497,33995,sliding_3yr,2022
Subarachnoid hemorrhage,497,43700,sliding_3yr,2023
Subarachnoid hemorrhage,497,42954,sliding_3yr,2024
Subarachnoid hemorrhage,497,3116,year,2018
Subarachnoid hemorrhage,497,15058,year,2021
Subarachnoid hemorrhage,497,746,year,2023
Subarachnoid hemorrhage,497,33249,year,2024
Subarachnoid hemorrhage,497,9705,year,2025
Sudden infant death syndrome,686,0,all,
Syphilis,394,0,all,
Tension-type headache,548,7673,all,
Tension-type headache,548,315,sliding_3yr,2016
Tension-type headache,548,315,sliding_3yr,2017
Tension-type headache,548,315,sliding_3yr,2018
Tension-type headache,548,282,sliding_3yr,2019
Tension-type headache,548,282,sliding_3yr,2020
Tension-type headache,548,282,sliding_3yr,2021
Tension-type headache,548,6632,sliding_3yr,2022
Tension-type headache,548,7076,sliding_3yr,2023
Tension-type headache,548,7076,sliding_3yr,2024
Tension-type headache,548,315,year,2018
Tension-type headache,548,282,year,2021
Tension-type headache,548,6632,year,2024
Tension-type headache,548,444,year,2025
Testicular cancer,468,19045,all,
Testicular cancer,468,1949,sliding_3yr,2007
Testicular cancer,468,3592,sliding_3yr,2008
Testicular cancer,468,4380,sliding_3yr,2009
Testicular cancer,468,2431,sliding_3yr,2010
Testicular cancer,468,6980,sliding_3yr,2011
Testicular cancer,468,6192,sliding_3yr,2012
Testicular cancer,468,6192,sliding_3yr,2013
Testicular cancer,468,2981,sliding_3yr,2016
Testicular cancer,468,2981,sliding_3yr,2017
Testicular cancer,468,3694,sliding_3yr,2018
Testicular cancer,468,4356,sliding_3yr,2019
Testicular cancer,468,4356,sliding_3yr,2020
Testicular cancer,468,3643,sliding_3yr,2021
Testicular cancer,468,1136,sliding_3yr,2022
Testicular cancer,468,1136,sliding_3yr,2023
Testicular cancer,468,1136,sliding_3yr,2024
Testicular cancer,468,1949,year,2009
Testicular cancer,468,1643,year,2010
Testicular cancer,468,788,year,2011
Testicular cancer,468,6192,year,2013
Testicular cancer,468,2981,year,2018
Testicular cancer,468,713,year,2020
Testicular cancer,468,3643,year,2021
Testicular cancer,468,1136,year,2024
Tetanus,340,1852,all,
Tetanus,340,1852,sliding_3yr,2017
Tetanus,340,1852,sliding_3yr,2018
Tetanus,340,1852,sliding_3yr,2019
Tetanus,340,1852,year,2019
Thalassemias,614,25999,all,
Thalassemias,614,896,sliding_3yr,2023
Thalassemias,614,25999,sliding_3yr,2024
Thalassemias,614,896,year,2025
Thalassemias,614,25103,year,2026
Thalassemias trait,837,25999,all,
Thalassemias trait,837,896,sliding_3yr,2023
Thalassemias trait,837,25999,sliding_3yr,2024
Thalassemias trait,837,896,year,2025
Thalassemias trait,837,25103,year,2026
Thyroid cancer,480,1378089,all,
Thyroid cancer,480,624,sliding_3yr,2007
Thyroid cancer,480,1284,sliding_3yr,2008
Thyroid cancer,480,1284,sliding_3yr,2009
Thyroid cancer,480,29574,sliding_3yr,2010
Thyroid cancer,480,32562,sliding_3yr,2011
Thyroid cancer,480,32562,sliding_3yr,2012
Thyroid cancer,480,5468,sliding_3yr,2013
Thyroid cancer,480,1820,sliding_3yr,2014
Thyroid cancer,480,4457,sliding_3yr,2015
Thyroid cancer,480,2995,sliding_3yr,2016
Thyroid cancer,480,2995,sliding_3yr,2017
Thyroid cancer,480,1120,sliding_3yr,2018
Thyroid cancer,480,820429,sliding_3yr,2019
Thyroid cancer,480,1106419,sliding_3yr,2020
Thyroid cancer,480,1105785,sliding_3yr,2021
Thyroid cancer,480,292324,sliding_3yr,2022
Thyroid cancer,480,7498,sliding_3yr,2023
Thyroid cancer,480,232881,sliding_3yr,2024
Thyroid cancer,480,624,year,2009
Thyroid cancer,480,660,year,2010
Thyroid cancer,480,28914,year,2012
Thyroid cancer,480,3648,year,2013
Thyroid cancer,480,1820,year,2015
Thyroid cancer,480,2637,year,2017
Thyroid cancer,480,358,year,2018
Thyroid cancer,480,762,year,2020
Thyroid cancer,480,819667,year,2021
Thyroid cancer,480,285990,year,2022
Thyroid cancer,480,128,year,2023
Thyroid cancer,480,6206,year,2024
Thyroid cancer,480,1164,year,2025
Thyroid cancer,480,225511,year,2026
Thyroid diseases,1032,769068,all,
Thyroid diseases,1032,5069,sliding_3yr,2016
Thyroid diseases,1032,5069,sliding_3yr,2017
Thyroid diseases,1032,5069,sliding_3yr,2018
Thyroid diseases,1032,51892,sliding_3yr,2019
Thyroid diseases,1032,57586,sliding_3yr,2020
Thyroid diseases,1032,57586,sliding_3yr,2021
Thyroid diseases,1032,185034,sliding_3yr,2022
Thyroid diseases,1032,690496,sliding_3yr,2023
Thyroid diseases,1032,706413,sliding_3yr,2024
Thyroid diseases,1032,5069,year,2018
Thyroid diseases,1032,51892,year,2021
Thyroid diseases,1032,5694,year,2022
Thyroid diseases,1032,179340,year,2024
Thyroid diseases,1032,511156,year,2025
Thyroid diseases,1032,15917,year,2026
"Tracheal, bronchus, and lung cancer",426,887565,all,
"Tracheal, bronchus, and lung cancer",426,2101,sliding_3yr,2016
"Tracheal, bronchus, and lung cancer",426,2101,sliding_3yr,2017
"Tracheal, bronchus, and lung cancer",426,2101,sliding_3yr,2018
"Tracheal, bronchus, and lung cancer",426,44925,sliding_3yr,2019
"Tracheal, bronchus, and lung cancer",426,98871,sliding_3yr,2020
"Tracheal, bronchus, and lung cancer",426,443414,sliding_3yr,2021
"Tracheal, bronchus, and lung cancer",426,576386,sliding_3yr,2022
"Tracheal, bronchus, and lung cancer",426,774609,sliding_3yr,2023
"Tracheal, bronchus, and lung cancer",426,442050,sliding_3yr,2024
"Tracheal, bronchus, and lung cancer",426,2101,year,2018
"Tracheal, bronchus, and lung cancer",426,44925,year,2021
"Tracheal, bronchus, and lung cancer",426,53946,year,2022
"Tracheal, bronchus, and lung cancer",426,344543,year,2023
"Tracheal, bronchus, and lung cancer",426,177897,year,2024
"Tracheal, bronchus, and lung cancer",426,252169,year,2025
"Tracheal, bronchus, and lung cancer",426,11984,year,2026
Trachoma,356,14015,all,
Trachoma,356,71,sliding_3yr,2016
Trachoma,356,71,sliding_3yr,2017
Trachoma,356,8806,sliding_3yr,2018
Trachoma,356,12199,sliding_3yr,2019
Trachoma,356,12199,sliding_3yr,2020
Trachoma,356,5209,sliding_3yr,2021
Trachoma,356,1745,sliding_3yr,2022
Trachoma,356,1745,sliding_3yr,2023
Trachoma,356,71,year,2018
Trachoma,356,8735,year,2020
Trachoma,356,3464,year,2021
Trachoma,356,1745,year,2023
Trichomoniasis,397,0,all,
Trichuriasis,362,0,all,
Tuberculosis,297,134,sliding_3yr,2014
Tuberculosis,297,134,sliding_3yr,2015
Tuberculosis,297,134,sliding_3yr,2016
Tuberculosis,297,158,sliding_3yr,2017
Tuberculosis,297,658,sliding_3yr,2018
Tuberculosis,297,658,sliding_3yr,2019
Tuberculosis,297,500,sliding_3yr,2020
Tuberculosis,297,17450,sliding_3yr,2021
Tuberculosis,297,17450,sliding_3yr,2022
Tuberculosis,297,17450,sliding_3yr,2023
Tuberculosis,297,134,year,2016
Tuberculosis,297,158,year,2019
Tuberculosis,297,500,year,2020
Tuberculosis,297,17450,year,2023
Turner syndrome,646,0,all,
Typhoid and paratyphoid,958,1178,sliding_3yr,2012
Typhoid and paratyphoid,958,1178,sliding_3yr,2013
Typhoid and paratyphoid,958,1178,sliding_3yr,2014
Typhoid and paratyphoid,958,3247,sliding_3yr,2019
Typhoid and paratyphoid,958,3247,sliding_3yr,2020
Typhoid and paratyphoid,958,3247,sliding_3yr,2021
Typhoid and paratyphoid,958,11981,sliding_3yr,2024
Typhoid and paratyphoid,958,1178,year,2014
Typhoid and paratyphoid,958,3247,year,2021
Typhoid and paratyphoid,958,11981,year,2026
Typhoid fever,319,16406,all,
Typhoid fever,319,1178,sliding_3yr,2012
Typhoid fever,319,1178,sliding_3yr,2013
Typhoid fever,319,1178,sliding_3yr,2014
Typhoid fever,319,3247,sliding_3yr,2019
Typhoid fever,319,3247,sliding_3yr,2020
Typhoid fever,319,3247,sliding_3yr,2021
Typhoid fever,319,11981,sliding_3yr,2024
Typhoid fever,319,1178,year,2014
Typhoid fever,319,3247,year,2021
Typhoid fever,319,11981,year,2026
Ulcerative colitis,1024,1572714,all,
Ulcerative colitis,1024,3022,sliding_3yr,2006
Ulcerative colitis,1024,10865,sliding_3yr,2007
Ulcerative colitis,1024,20010,sliding_3yr,2008
Ulcerative colitis,1024,35030,sliding_3yr,2009
Ulcerative colitis,1024,72626,sliding_3yr,2010
Ulcerative colitis,1024,102976,sliding_3yr,2011
Ulcerative colitis,1024,94826,sliding_3yr,2012
Ulcerative colitis,1024,76801,sliding_3yr,2013
Ulcerative colitis,1024,91987,sliding_3yr,2014
Ulcerative colitis,1024,169708,sliding_3yr,2015
Ulcerative colitis,1024,671551,sliding_3yr,2016
Ulcerative colitis,1024,646768,sliding_3yr,2017
Ulcerative colitis,1024,560831,sliding_3yr,2018
Ulcerative colitis,1024,113110,sliding_3yr,2019
Ulcerative colitis,1024,89345,sliding_3yr,2020
Ulcerative colitis,1024,224234,sliding_3yr,2021
Ulcerative colitis,1024,195628,sliding_3yr,2022
Ulcerative colitis,1024,595147,sliding_3yr,2023
Ulcerative colitis,1024,485063,sliding_3yr,2024
Ulcerative colitis,1024,3022,year,2008
Ulcerative colitis,1024,7843,year,2009
Ulcerative colitis,1024,9145,year,2010
Ulcerative colitis,1024,18042,year,2011
Ulcerative colitis,1024,45439,year,2012
Ulcerative colitis,1024,39495,year,2013
Ulcerative colitis,1024,9892,year,2014
Ulcerative colitis,1024,27414,year,2015
Ulcerative colitis,1024,54681,year,2016
Ulcerative colitis,1024,87613,year,2017
Ulcerative colitis,1024,529257,year,2018
Ulcerative colitis,1024,29898,year,2019
Ulcerative colitis,1024,1676,year,2020
Ulcerative colitis,1024,81536,year,2021
Ulcerative colitis,1024,6133,year,2022
Ulcerative colitis,1024,136565,year,2023
Ulcerative colitis,1024,52930,year,2024
Ulcerative colitis,1024,405652,year,2025
Ulcerative colitis,1024,26481,year,2026
Upper digestive system diseases,992,7035,sliding_3yr,2010
Upper digestive system diseases,992,7035,sliding_3yr,2011
Upper digestive system diseases,992,8816,sliding_3yr,2012
Upper digestive system diseases,992,1781,sliding_3yr,2013
Upper digestive system diseases,992,4028,sliding_3yr,2014
Upper digestive system diseases,992,2247,sliding_3yr,2015
Upper digestive system diseases,992,87103,sliding_3yr,2016
Upper digestive system diseases,992,167246,sliding_3yr,2017
Upper digestive system diseases,992,167994,sliding_3yr,2018
Upper digestive system diseases,992,1476989,sliding_3yr,2019
Upper digestive system diseases,992,2010464,sliding_3yr,2020
Upper digestive system diseases,992,4049497,sliding_3yr,2021
Upper digestive system diseases,992,3910246,sliding_3yr,2022
Upper digestive system diseases,992,5337305,sliding_3yr,2023
Upper digestive system diseases,992,3441179,sliding_3yr,2024
Upper digestive system diseases,992,7035,year,2012
Upper digestive system diseases,992,1781,year,2014
Upper digestive system diseases,992,2247,year,2016
Upper digestive system diseases,992,84856,year,2018
Upper digestive system diseases,992,82390,year,2019
Upper digestive system diseases,992,748,year,2020
Upper digestive system diseases,992,1393851,year,2021
Upper digestive system diseases,992,615865,year,2022
Upper digestive system diseases,992,2039781,year,2023
Upper digestive system diseases,992,1254600,year,2024
Upper digestive system diseases,992,2042924,year,2025
Upper digestive system diseases,992,143655,year,2026
Upper respiratory infections,328,952707,all,
Upper respiratory infections,328,2501,sliding_3yr,2016
Upper respiratory infections,328,2501,sliding_3yr,2017
Upper respiratory infections,328,2501,sliding_3yr,2018
Upper respiratory infections,328,48861,sliding_3yr,2019
Upper respiratory infections,328,48861,sliding_3yr,2020
Upper respiratory infections,328,119232,sliding_3yr,2021
Upper respiratory infections,328,306661,sliding_3yr,2022
Upper respiratory infections,328,866694,sliding_3yr,2023
Upper respiratory infections,328,830974,sliding_3yr,2024
Upper respiratory infections,328,2501,year,2018
Upper respiratory infections,328,48861,year,2021
Upper respiratory infections,328,70371,year,2023
Upper respiratory infections,328,236290,year,2024
Upper respiratory infections,328,560033,year,2025
Upper respiratory infections,328,34651,year,2026
Urinary diseases and male infertility,594,3865,sliding_3yr,2007
Urinary diseases and male infertility,594,3865,sliding_3yr,2008
Urinary diseases and male infertility,594,4070,sliding_3yr,2009
Urinary diseases and male infertility,594,6001,sliding_3yr,2010
Urinary diseases and male infertility,594,6001,sliding_3yr,2011
Urinary diseases and male infertility,594,5796,sliding_3yr,2012
Urinary diseases and male infertility,594,5149,sliding_3yr,2013
Urinary diseases and male infertility,594,5149,sliding_3yr,2014
Urinary diseases and male infertility,594,7551,sliding_3yr,2015
Urinary diseases and male infertility,594,115592,sliding_3yr,2016
Urinary diseases and male infertility,594,153796,sliding_3yr,2017
Urinary diseases and male infertility,594,185357,sliding_3yr,2018
Urinary diseases and male infertility,594,1332447,sliding_3yr,2019
Urinary diseases and male infertility,594,1349722,sliding_3yr,2020
Urinary diseases and male infertility,594,1398731,sliding_3yr,2021
Urinary diseases and male infertility,594,1727400,sliding_3yr,2022
Urinary diseases and male infertility,594,2633961,sliding_3yr,2023
Urinary diseases and male infertility,594,2946860,sliding_3yr,2024
Urinary diseases and male infertility,594,3865,year,2009
Urinary diseases and male infertility,594,205,year,2011
Urinary diseases and male infertility,594,5796,year,2012
Urinary diseases and male infertility,594,5149,year,2015
Urinary diseases and male infertility,594,2402,year,2017
Urinary diseases and male infertility,594,113190,year,2018
Urinary diseases and male infertility,594,38204,year,2019
Urinary diseases and male infertility,594,33963,year,2020
Urinary diseases and male infertility,594,1260280,year,2021
Urinary diseases and male infertility,594,55479,year,2022
Urinary diseases and male infertility,594,82972,year,2023
Urinary diseases and male infertility,594,1588949,year,2024
Urinary diseases and male infertility,594,962040,year,2025
Urinary diseases and male infertility,594,395871,year,2026
Urinary tract infections and interstitial nephritis,595,1234447,all,
Urinary tract infections and interstitial nephritis,595,13519,sliding_3yr,2016
Urinary tract infections and interstitial nephritis,595,13519,sliding_3yr,2017
Urinary tract infections and interstitial nephritis,595,26826,sliding_3yr,2018
Urinary tract infections and interstitial nephritis,595,871217,sliding_3yr,2019
Urinary tract infections and interstitial nephritis,595,896254,sliding_3yr,2020
Urinary tract infections and interstitial nephritis,595,927645,sliding_3yr,2021
Urinary tract infections and interstitial nephritis,595,297794,sliding_3yr,2022
Urinary tract infections and interstitial nephritis,595,299619,sliding_3yr,2023
Urinary tract infections and interstitial nephritis,595,279976,sliding_3yr,2024
Urinary tract infections and interstitial nephritis,595,13519,year,2018
Urinary tract infections and interstitial nephritis,595,13307,year,2020
Urinary tract infections and interstitial nephritis,595,857910,year,2021
Urinary tract infections and interstitial nephritis,595,25037,year,2022
Urinary tract infections and interstitial nephritis,595,44698,year,2023
Urinary tract infections and interstitial nephritis,595,228059,year,2024
Urinary tract infections and interstitial nephritis,595,26862,year,2025
Urinary tract infections and interstitial nephritis,595,25055,year,2026
Urogenital congenital anomalies,650,2599,all,
Urogenital congenital anomalies,650,552,sliding_3yr,2016
Urogenital congenital anomalies,650,552,sliding_3yr,2017
Urogenital congenital anomalies,650,552,sliding_3yr,2018
Urogenital congenital anomalies,650,1372,sliding_3yr,2020
Urogenital congenital anomalies,650,1372,sliding_3yr,2021
Urogenital congenital anomalies,650,1860,sliding_3yr,2022
Urogenital congenital anomalies,650,675,sliding_3yr,2023
Urogenital congenital anomalies,650,675,sliding_3yr,2024
Urogenital congenital anomalies,650,552,year,2018
Urogenital congenital anomalies,650,1372,year,2022
Urogenital congenital anomalies,650,488,year,2024
Urogenital congenital anomalies,650,187,year,2025
Urolithiasis,596,1138191,all,
Urolithiasis,596,3773,sliding_3yr,2007
Urolithiasis,596,3773,sliding_3yr,2008
Urolithiasis,596,3978,sliding_3yr,2009
Urolithiasis,596,6001,sliding_3yr,2010
Urolithiasis,596,6001,sliding_3yr,2011
Urolithiasis,596,5796,sliding_3yr,2012
Urolithiasis,596,5149,sliding_3yr,2013
Urolithiasis,596,5149,sliding_3yr,2014
Urolithiasis,596,5149,sliding_3yr,2015
Urolithiasis,596,5608,sliding_3yr,2016
Urolithiasis,596,37686,sliding_3yr,2017
Urolithiasis,596,51291,sliding_3yr,2018
Urolithiasis,596,123850,sliding_3yr,2019
Urolithiasis,596,103013,sliding_3yr,2020
Urolithiasis,596,125695,sliding_3yr,2021
Urolithiasis,596,199462,sliding_3yr,2022
Urolithiasis,596,728781,sliding_3yr,2023
Urolithiasis,596,946282,sliding_3yr,2024
Urolithiasis,596,3773,year,2009
Urolithiasis,596,205,year,2011
Urolithiasis,596,5796,year,2012
Urolithiasis,596,5149,year,2015
Urolithiasis,596,5608,year,2018
Urolithiasis,596,32078,year,2019
Urolithiasis,596,13605,year,2020
Urolithiasis,596,78167,year,2021
Urolithiasis,596,11241,year,2022
Urolithiasis,596,36287,year,2023
Urolithiasis,596,151934,year,2024
Urolithiasis,596,540560,year,2025
Urolithiasis,596,253788,year,2026
Urticaria,664,165744,all,
Urticaria,664,232,sliding_3yr,2011
Urticaria,664,232,sliding_3yr,2012
Urticaria,664,232,sliding_3yr,2013
Urticaria,664,373,sliding_3yr,2016
Urticaria,664,373,sliding_3yr,2017
Urticaria,664,373,sliding_3yr,2018
Urticaria,664,25780,sliding_3yr,2019
Urticaria,664,27010,sliding_3yr,2020
Urticaria,664,90437,sliding_3yr,2021
Urticaria,664,82341,sliding_3yr,2022
Urticaria,664,107864,sliding_3yr,2023
Urticaria,664,74702,sliding_3yr,2024
Urticaria,664,232,year,2013
Urticaria,664,373,year,2018
Urticaria,664,25780,year,2021
Urticaria,664,1230,year,2022
Urticaria,664,63427,year,2023
Urticaria,664,17684,year,2024
Urticaria,664,26753,year,2025
Urticaria,664,30265,year,2026
Uterine cancer,435,2950076,all,
Uterine cancer,435,1284,sliding_3yr,2016
Uterine cancer,435,1284,sliding_3yr,2017
Uterine cancer,435,1284,sliding_3yr,2018
Uterine cancer,435,21560,sliding_3yr,2019
Uterine cancer,435,283217,sliding_3yr,2020
Uterine cancer,435,675056,sliding_3yr,2021
Uterine cancer,435,653812,sliding_3yr,2022
Uterine cancer,435,2665575,sliding_3yr,2023
Uterine cancer,435,2273736,sliding_3yr,2024
Uterine cancer,435,1284,year,2018
Uterine cancer,435,21560,year,2021
Uterine cancer,435,261657,year,2022
Uterine cancer,435,391839,year,2023
Uterine cancer,435,316,year,2024
Uterine cancer,435,2273420,year,2025
Uterine fibroids,604,1583282,all,
Uterine fibroids,604,5046,sliding_3yr,2009
Uterine fibroids,604,5046,sliding_3yr,2010
Uterine fibroids,604,5046,sliding_3yr,2011
Uterine fibroids,604,3999,sliding_3yr,2015
Uterine fibroids,604,49520,sliding_3yr,2016
Uterine fibroids,604,120679,sliding_3yr,2017
Uterine fibroids,604,127870,sliding_3yr,2018
Uterine fibroids,604,214264,sliding_3yr,2019
Uterine fibroids,604,474167,sliding_3yr,2020
Uterine fibroids,604,541774,sliding_3yr,2021
Uterine fibroids,604,598839,sliding_3yr,2022
Uterine fibroids,604,969019,sliding_3yr,2023
Uterine fibroids,604,904593,sliding_3yr,2024
Uterine fibroids,604,5046,year,2011
Uterine fibroids,604,3999,year,2017
Uterine fibroids,604,45521,year,2018
Uterine fibroids,604,71159,year,2019
Uterine fibroids,604,11190,year,2020
Uterine fibroids,604,131915,year,2021
Uterine fibroids,604,331062,year,2022
Uterine fibroids,604,78797,year,2023
Uterine fibroids,604,188980,year,2024
Uterine fibroids,604,701242,year,2025
Uterine fibroids,604,14371,year,2026
Varicella and herpes zoster,342,25468,all,
Varicella and herpes zoster,342,931,sliding_3yr,2016
Varicella and herpes zoster,342,931,sliding_3yr,2017
Varicella and herpes zoster,342,9666,sliding_3yr,2018
Varicella and herpes zoster,342,24537,sliding_3yr,2019
Varicella and herpes zoster,342,24537,sliding_3yr,2020
Varicella and herpes zoster,342,15802,sliding_3yr,2021
Varicella and herpes zoster,342,931,year,2018
Varicella and herpes zoster,342,8735,year,2020
Varicella and herpes zoster,342,15802,year,2021
Vascular intestinal disorders,533,686250,all,
Vascular intestinal disorders,533,10471,sliding_3yr,2016
Vascular intestinal disorders,533,10471,sliding_3yr,2017
Vascular intestinal disorders,533,10471,sliding_3yr,2018
Vascular intestinal disorders,533,95051,sliding_3yr,2019
Vascular intestinal disorders,533,95051,sliding_3yr,2020
Vascular intestinal disorders,533,97492,sliding_3yr,2021
Vascular intestinal disorders,533,28065,sliding_3yr,2022
Vascular intestinal disorders,533,552343,sliding_3yr,2023
Vascular intestinal disorders,533,578287,sliding_3yr,2024
Vascular intestinal disorders,533,10471,year,2018
Vascular intestinal disorders,533,95051,year,2021
Vascular intestinal disorders,533,2441,year,2023
Vascular intestinal disorders,533,25624,year,2024
Vascular intestinal disorders,533,524278,year,2025
Vascular intestinal disorders,533,28385,year,2026
Viral skin diseases,660,232535,all,
Viral skin diseases,660,4520,sliding_3yr,2016
Viral skin diseases,660,4520,sliding_3yr,2017
Viral skin diseases,660,4520,sliding_3yr,2018
Viral skin diseases,660,16186,sliding_3yr,2019
Viral skin diseases,660,37856,sliding_3yr,2020
Viral skin diseases,660,37856,sliding_3yr,2021
Viral skin diseases,660,35396,sliding_3yr,2022
Viral skin diseases,660,163202,sliding_3yr,2023
Viral skin diseases,660,190159,sliding_3yr,2024
Viral skin diseases,660,4520,year,2018
Viral skin diseases,660,16186,year,2021
Viral skin diseases,660,21670,year,2022
Viral skin diseases,660,13726,year,2024
Viral skin diseases,660,149476,year,2025
Viral skin diseases,660,26957,year,2026
Visceral leishmaniasis,348,32195,all,
Visceral leishmaniasis,348,2297,sliding_3yr,2011
Visceral leishmaniasis,348,2297,sliding_3yr,2012
Visceral leishmaniasis,348,2297,sliding_3yr,2013
Visceral leishmaniasis,348,29898,sliding_3yr,2017
Visceral leishmaniasis,348,29898,sliding_3yr,2018
Visceral leishmaniasis,348,29898,sliding_3yr,2019
Visceral leishmaniasis,348,2297,year,2013
Visceral leishmaniasis,348,29898,year,2019
Vitamin A deficiency,389,79263,all,
Vitamin A deficiency,389,9894,sliding_3yr,2009
Vitamin A deficiency,389,9894,sliding_3yr,2010
Vitamin A deficiency,389,9894,sliding_3yr,2011
Vitamin A deficiency,389,66238,sliding_3yr,2020
Vitamin A deficiency,389,66238,sliding_3yr,2021
Vitamin A deficiency,389,69369,sliding_3yr,2022
Vitamin A deficiency,389,3131,sliding_3yr,2023
Vitamin A deficiency,389,3131,sliding_3yr,2024
Vitamin A deficiency,389,9894,year,2011
Vitamin A deficiency,389,66238,year,2022
Vitamin A deficiency,389,3131,year,2024
Yellow fever,358,0,all,
Zika virus,935,29,all,
Zika virus,935,29,sliding_3yr,2019
Zika virus,935,29,sliding_3yr,2020
Zika virus,935,29,sliding_3yr,2021
Zika virus,935,29,year,2021
